[2025-12-26T03:00:00.001-0600] [glassfish 5.0] [INFO] [] [] [tid: _ThreadID=3031 _ThreadName=Thread-8] [timeMillis: 1766739600001] [levelValue: 800] [[
  ::::::::::::Vamos a eliminar cache temporales:::::::::::::::::::::::]]

[2025-12-26T15:36:17.915-0600] [glassfish 5.0] [INFO] [] [org.glassfish.admingui] [tid: _ThreadID=67 _ThreadName=admin-listener(1)] [timeMillis: 1766784977915] [levelValue: 800] [[
  Redirecting to &#x2f;common&#x2f;index.jsf]]

[2025-12-26T15:36:17.938-0600] [glassfish 5.0] [INFO] [] [org.glassfish.admingui] [tid: _ThreadID=71 _ThreadName=admin-listener(5)] [timeMillis: 1766784977938] [levelValue: 800] [[
  Admin Console: Initializing Session Attributes...]]

[2025-12-26T15:36:27.424-0600] [glassfish 5.0] [INFO] [] [javax.enterprise.web] [tid: _ThreadID=69 _ThreadName=admin-listener(3)] [timeMillis: 1766784987424] [levelValue: 800] [[
  WebModule[/spei] ServletContext.log():Destroying Spring FrameworkServlet &#x27;dispatcherServlet&#x27;]]

[2025-12-26T15:36:27.428-0600] [glassfish 5.0] [SEVERE] [] [javax.enterprise.web] [tid: _ThreadID=69 _ThreadName=admin-listener(3)] [timeMillis: 1766784987428] [levelValue: 1000] [[
  WebModule[/spei]Servlet messageDispatcherServlet threw unload&#x28;&#x29; exception
javax.servlet.ServletException: Servlet.destroy() for servlet messageDispatcherServlet threw exception
	at org.apache.catalina.core.StandardWrapper.unload(StandardWrapper.java:1771)
	at org.apache.catalina.core.StandardWrapper.stop(StandardWrapper.java:2052)
	at org.apache.catalina.core.StandardContext.stop(StandardContext.java:5767)
	at com.sun.enterprise.web.WebModule.stop(WebModule.java:569)
	at org.apache.catalina.core.ContainerBase.removeChild(ContainerBase.java:1008)
	at com.sun.enterprise.web.WebContainer.unloadWebModule(WebContainer.java:2197)
	at com.sun.enterprise.web.WebContainer.unloadWebModule(WebContainer.java:2152)
	at com.sun.enterprise.web.WebApplication.stop(WebApplication.java:158)
	at org.glassfish.internal.data.EngineRef.stop(EngineRef.java:161)
	at org.glassfish.internal.data.ModuleInfo.stop(ModuleInfo.java:324)
	at org.glassfish.internal.data.ApplicationInfo.stop(ApplicationInfo.java:380)
	at com.sun.enterprise.v3.server.ApplicationLifecycle.unload(ApplicationLifecycle.java:1059)
	at com.sun.enterprise.v3.server.ApplicationLifecycle.disable(ApplicationLifecycle.java:2127)
	at com.sun.enterprise.v3.server.ApplicationLifecycle.disable(ApplicationLifecycle.java:113)
	at org.glassfish.deployment.admin.DisableCommand.execute(DisableCommand.java:378)
	at com.sun.enterprise.v3.admin.CommandRunnerImpl$2$1.run(CommandRunnerImpl.java:540)
	at com.sun.enterprise.v3.admin.CommandRunnerImpl$2$1.run(CommandRunnerImpl.java:536)
	at java.security.AccessController.doPrivileged(Native Method)
	at javax.security.auth.Subject.doAs(Subject.java:360)
	at com.sun.enterprise.v3.admin.CommandRunnerImpl$2.execute(CommandRunnerImpl.java:535)
	at com.sun.enterprise.v3.admin.CommandRunnerImpl$3.run(CommandRunnerImpl.java:566)
	at com.sun.enterprise.v3.admin.CommandRunnerImpl$3.run(CommandRunnerImpl.java:558)
	at java.security.AccessController.doPrivileged(Native Method)
	at javax.security.auth.Subject.doAs(Subject.java:360)
	at com.sun.enterprise.v3.admin.CommandRunnerImpl.doCommand(CommandRunnerImpl.java:557)
	at com.sun.enterprise.v3.admin.CommandRunnerImpl.doCommand(CommandRunnerImpl.java:1465)
	at com.sun.enterprise.v3.admin.CommandRunnerImpl.access$1300(CommandRunnerImpl.java:110)
	at com.sun.enterprise.v3.admin.CommandRunnerImpl$ExecutionContext.execute(CommandRunnerImpl.java:1847)
	at com.sun.enterprise.v3.admin.CommandRunnerImpl$ExecutionContext.execute(CommandRunnerImpl.java:1723)
	at org.glassfish.deployment.admin.UndeployCommand.execute(UndeployCommand.java:379)
	at com.sun.enterprise.v3.admin.CommandRunnerImpl$2$1.run(CommandRunnerImpl.java:540)
	at com.sun.enterprise.v3.admin.CommandRunnerImpl$2$1.run(CommandRunnerImpl.java:536)
	at java.security.AccessController.doPrivileged(Native Method)
	at javax.security.auth.Subject.doAs(Subject.java:360)
	at com.sun.enterprise.v3.admin.CommandRunnerImpl$2.execute(CommandRunnerImpl.java:535)
	at com.sun.enterprise.v3.admin.CommandRunnerImpl$3.run(CommandRunnerImpl.java:566)
	at com.sun.enterprise.v3.admin.CommandRunnerImpl$3.run(CommandRunnerImpl.java:558)
	at java.security.AccessController.doPrivileged(Native Method)
	at javax.security.auth.Subject.doAs(Subject.java:360)
	at com.sun.enterprise.v3.admin.CommandRunnerImpl.doCommand(CommandRunnerImpl.java:557)
	at com.sun.enterprise.v3.admin.CommandRunnerImpl.doCommand(CommandRunnerImpl.java:1465)
	at com.sun.enterprise.v3.admin.CommandRunnerImpl.access$1300(CommandRunnerImpl.java:110)
	at com.sun.enterprise.v3.admin.CommandRunnerImpl$ExecutionContext.execute(CommandRunnerImpl.java:1847)
	at com.sun.enterprise.v3.admin.CommandRunnerImpl$ExecutionContext.execute(CommandRunnerImpl.java:1723)
	at org.glassfish.admin.rest.utils.ResourceUtil.runCommand(ResourceUtil.java:254)
	at org.glassfish.admin.rest.utils.ResourceUtil.runCommand(ResourceUtil.java:232)
	at org.glassfish.admin.rest.utils.ResourceUtil.runCommand(ResourceUtil.java:276)
	at org.glassfish.admin.rest.resources.TemplateRestResource.runCommand(TemplateRestResource.java:567)
	at org.glassfish.admin.rest.resources.TemplateRestResource.doDelete(TemplateRestResource.java:304)
	at org.glassfish.admin.rest.resources.TemplateRestResource.delete(TemplateRestResource.java:186)
	at sun.reflect.NativeMethodAccessorImpl.invoke0(Native Method)
	at sun.reflect.NativeMethodAccessorImpl.invoke(NativeMethodAccessorImpl.java:62)
	at sun.reflect.DelegatingMethodAccessorImpl.invoke(DelegatingMethodAccessorImpl.java:43)
	at java.lang.reflect.Method.invoke(Method.java:498)
	at org.glassfish.jersey.server.model.internal.ResourceMethodInvocationHandlerFactory.lambda$static$0(ResourceMethodInvocationHandlerFactory.java:76)
	at org.glassfish.jersey.server.model.internal.AbstractJavaResourceMethodDispatcher$1.run(AbstractJavaResourceMethodDispatcher.java:148)
	at org.glassfish.jersey.server.model.internal.AbstractJavaResourceMethodDispatcher.invoke(AbstractJavaResourceMethodDispatcher.java:191)
	at org.glassfish.jersey.server.model.internal.JavaResourceMethodDispatcherProvider$ResponseOutInvoker.doDispatch(JavaResourceMethodDispatcherProvider.java:200)
	at org.glassfish.jersey.server.model.internal.AbstractJavaResourceMethodDispatcher.dispatch(AbstractJavaResourceMethodDispatcher.java:103)
	at org.glassfish.jersey.server.model.ResourceMethodInvoker.invoke(ResourceMethodInvoker.java:493)
	at org.glassfish.jersey.server.model.ResourceMethodInvoker.apply(ResourceMethodInvoker.java:415)
	at org.glassfish.jersey.server.model.ResourceMethodInvoker.apply(ResourceMethodInvoker.java:104)
	at org.glassfish.jersey.server.ServerRuntime$1.run(ServerRuntime.java:277)
	at org.glassfish.jersey.internal.Errors$1.call(Errors.java:272)
	at org.glassfish.jersey.internal.Errors$1.call(Errors.java:268)
	at org.glassfish.jersey.internal.Errors.process(Errors.java:316)
	at org.glassfish.jersey.internal.Errors.process(Errors.java:298)
	at org.glassfish.jersey.internal.Errors.process(Errors.java:268)
	at org.glassfish.jersey.process.internal.RequestScope.runInScope(RequestScope.java:289)
	at org.glassfish.jersey.server.ServerRuntime.process(ServerRuntime.java:256)
	at org.glassfish.jersey.server.ApplicationHandler.handle(ApplicationHandler.java:703)
	at org.glassfish.jersey.grizzly2.httpserver.GrizzlyHttpContainer.service(GrizzlyHttpContainer.java:377)
	at org.glassfish.admin.rest.adapter.RestAdapter$2.service(RestAdapter.java:316)
	at org.glassfish.admin.rest.adapter.RestAdapter.service(RestAdapter.java:179)
	at com.sun.enterprise.v3.services.impl.ContainerMapper$HttpHandlerCallable.call(ContainerMapper.java:463)
	at com.sun.enterprise.v3.services.impl.ContainerMapper.service(ContainerMapper.java:168)
	at org.glassfish.grizzly.http.server.HttpHandler.runService(HttpHandler.java:206)
	at org.glassfish.grizzly.http.server.HttpHandler.doHandle(HttpHandler.java:180)
	at org.glassfish.grizzly.http.server.HttpServerFilter.handleRead(HttpServerFilter.java:242)
	at org.glassfish.grizzly.filterchain.ExecutorResolver$9.execute(ExecutorResolver.java:119)
	at org.glassfish.grizzly.filterchain.DefaultFilterChain.executeFilter(DefaultFilterChain.java:284)
	at org.glassfish.grizzly.filterchain.DefaultFilterChain.executeChainPart(DefaultFilterChain.java:201)
	at org.glassfish.grizzly.filterchain.DefaultFilterChain.execute(DefaultFilterChain.java:133)
	at org.glassfish.grizzly.filterchain.DefaultFilterChain.process(DefaultFilterChain.java:112)
	at org.glassfish.grizzly.ProcessorExecutor.execute(ProcessorExecutor.java:77)
	at org.glassfish.grizzly.nio.transport.TCPNIOTransport.fireIOEvent(TCPNIOTransport.java:539)
	at org.glassfish.grizzly.strategies.AbstractIOStrategy.fireIOEvent(AbstractIOStrategy.java:112)
	at org.glassfish.grizzly.strategies.WorkerThreadIOStrategy.run0(WorkerThreadIOStrategy.java:117)
	at org.glassfish.grizzly.strategies.WorkerThreadIOStrategy.access$100(WorkerThreadIOStrategy.java:56)
	at org.glassfish.grizzly.strategies.WorkerThreadIOStrategy$WorkerThreadRunnable.run(WorkerThreadIOStrategy.java:137)
	at org.glassfish.grizzly.threadpool.AbstractThreadPool$Worker.doWork(AbstractThreadPool.java:593)
	at org.glassfish.grizzly.threadpool.AbstractThreadPool$Worker.run(AbstractThreadPool.java:573)
	at java.lang.Thread.run(Thread.java:748)
Caused by: java.lang.IllegalStateException: ServletConfig has not been initialized
	at javax.servlet.GenericServlet.getServletContext(GenericServlet.java:159)
	at org.springframework.web.servlet.FrameworkServlet.destroy(FrameworkServlet.java:863)
	at org.apache.catalina.core.StandardWrapper.unload(StandardWrapper.java:1757)
	... 92 more
----- Root Cause -----
java.lang.IllegalStateException: ServletConfig has not been initialized
	at javax.servlet.GenericServlet.getServletContext(GenericServlet.java:159)
	at org.springframework.web.servlet.FrameworkServlet.destroy(FrameworkServlet.java:863)
	at org.apache.catalina.core.StandardWrapper.unload(StandardWrapper.java:1757)
	at org.apache.catalina.core.StandardWrapper.stop(StandardWrapper.java:2052)
	at org.apache.catalina.core.StandardContext.stop(StandardContext.java:5767)
	at com.sun.enterprise.web.WebModule.stop(WebModule.java:569)
	at org.apache.catalina.core.ContainerBase.removeChild(ContainerBase.java:1008)
	at com.sun.enterprise.web.WebContainer.unloadWebModule(WebContainer.java:2197)
	at com.sun.enterprise.web.WebContainer.unloadWebModule(WebContainer.java:2152)
	at com.sun.enterprise.web.WebApplication.stop(WebApplication.java:158)
	at org.glassfish.internal.data.EngineRef.stop(EngineRef.java:161)
	at org.glassfish.internal.data.ModuleInfo.stop(ModuleInfo.java:324)
	at org.glassfish.internal.data.ApplicationInfo.stop(ApplicationInfo.java:380)
	at com.sun.enterprise.v3.server.ApplicationLifecycle.unload(ApplicationLifecycle.java:1059)
	at com.sun.enterprise.v3.server.ApplicationLifecycle.disable(ApplicationLifecycle.java:2127)
	at com.sun.enterprise.v3.server.ApplicationLifecycle.disable(ApplicationLifecycle.java:113)
	at org.glassfish.deployment.admin.DisableCommand.execute(DisableCommand.java:378)
	at com.sun.enterprise.v3.admin.CommandRunnerImpl$2$1.run(CommandRunnerImpl.java:540)
	at com.sun.enterprise.v3.admin.CommandRunnerImpl$2$1.run(CommandRunnerImpl.java:536)
	at java.security.AccessController.doPrivileged(Native Method)
	at javax.security.auth.Subject.doAs(Subject.java:360)
	at com.sun.enterprise.v3.admin.CommandRunnerImpl$2.execute(CommandRunnerImpl.java:535)
	at com.sun.enterprise.v3.admin.CommandRunnerImpl$3.run(CommandRunnerImpl.java:566)
	at com.sun.enterprise.v3.admin.CommandRunnerImpl$3.run(CommandRunnerImpl.java:558)
	at java.security.AccessController.doPrivileged(Native Method)
	at javax.security.auth.Subject.doAs(Subject.java:360)
	at com.sun.enterprise.v3.admin.CommandRunnerImpl.doCommand(CommandRunnerImpl.java:557)
	at com.sun.enterprise.v3.admin.CommandRunnerImpl.doCommand(CommandRunnerImpl.java:1465)
	at com.sun.enterprise.v3.admin.CommandRunnerImpl.access$1300(CommandRunnerImpl.java:110)
	at com.sun.enterprise.v3.admin.CommandRunnerImpl$ExecutionContext.execute(CommandRunnerImpl.java:1847)
	at com.sun.enterprise.v3.admin.CommandRunnerImpl$ExecutionContext.execute(CommandRunnerImpl.java:1723)
	at org.glassfish.deployment.admin.UndeployCommand.execute(UndeployCommand.java:379)
	at com.sun.enterprise.v3.admin.CommandRunnerImpl$2$1.run(CommandRunnerImpl.java:540)
	at com.sun.enterprise.v3.admin.CommandRunnerImpl$2$1.run(CommandRunnerImpl.java:536)
	at java.security.AccessController.doPrivileged(Native Method)
	at javax.security.auth.Subject.doAs(Subject.java:360)
	at com.sun.enterprise.v3.admin.CommandRunnerImpl$2.execute(CommandRunnerImpl.java:535)
	at com.sun.enterprise.v3.admin.CommandRunnerImpl$3.run(CommandRunnerImpl.java:566)
	at com.sun.enterprise.v3.admin.CommandRunnerImpl$3.run(CommandRunnerImpl.java:558)
	at java.security.AccessController.doPrivileged(Native Method)
	at javax.security.auth.Subject.doAs(Subject.java:360)
	at com.sun.enterprise.v3.admin.CommandRunnerImpl.doCommand(CommandRunnerImpl.java:557)
	at com.sun.enterprise.v3.admin.CommandRunnerImpl.doCommand(CommandRunnerImpl.java:1465)
	at com.sun.enterprise.v3.admin.CommandRunnerImpl.access$1300(CommandRunnerImpl.java:110)
	at com.sun.enterprise.v3.admin.CommandRunnerImpl$ExecutionContext.execute(CommandRunnerImpl.java:1847)
	at com.sun.enterprise.v3.admin.CommandRunnerImpl$ExecutionContext.execute(CommandRunnerImpl.java:1723)
	at org.glassfish.admin.rest.utils.ResourceUtil.runCommand(ResourceUtil.java:254)
	at org.glassfish.admin.rest.utils.ResourceUtil.runCommand(ResourceUtil.java:232)
	at org.glassfish.admin.rest.utils.ResourceUtil.runCommand(ResourceUtil.java:276)
	at org.glassfish.admin.rest.resources.TemplateRestResource.runCommand(TemplateRestResource.java:567)
	at org.glassfish.admin.rest.resources.TemplateRestResource.doDelete(TemplateRestResource.java:304)
	at org.glassfish.admin.rest.resources.TemplateRestResource.delete(TemplateRestResource.java:186)
	at sun.reflect.NativeMethodAccessorImpl.invoke0(Native Method)
	at sun.reflect.NativeMethodAccessorImpl.invoke(NativeMethodAccessorImpl.java:62)
	at sun.reflect.DelegatingMethodAccessorImpl.invoke(DelegatingMethodAccessorImpl.java:43)
	at java.lang.reflect.Method.invoke(Method.java:498)
	at org.glassfish.jersey.server.model.internal.ResourceMethodInvocationHandlerFactory.lambda$static$0(ResourceMethodInvocationHandlerFactory.java:76)
	at org.glassfish.jersey.server.model.internal.AbstractJavaResourceMethodDispatcher$1.run(AbstractJavaResourceMethodDispatcher.java:148)
	at org.glassfish.jersey.server.model.internal.AbstractJavaResourceMethodDispatcher.invoke(AbstractJavaResourceMethodDispatcher.java:191)
	at org.glassfish.jersey.server.model.internal.JavaResourceMethodDispatcherProvider$ResponseOutInvoker.doDispatch(JavaResourceMethodDispatcherProvider.java:200)
	at org.glassfish.jersey.server.model.internal.AbstractJavaResourceMethodDispatcher.dispatch(AbstractJavaResourceMethodDispatcher.java:103)
	at org.glassfish.jersey.server.model.ResourceMethodInvoker.invoke(ResourceMethodInvoker.java:493)
	at org.glassfish.jersey.server.model.ResourceMethodInvoker.apply(ResourceMethodInvoker.java:415)
	at org.glassfish.jersey.server.model.ResourceMethodInvoker.apply(ResourceMethodInvoker.java:104)
	at org.glassfish.jersey.server.ServerRuntime$1.run(ServerRuntime.java:277)
	at org.glassfish.jersey.internal.Errors$1.call(Errors.java:272)
	at org.glassfish.jersey.internal.Errors$1.call(Errors.java:268)
	at org.glassfish.jersey.internal.Errors.process(Errors.java:316)
	at org.glassfish.jersey.internal.Errors.process(Errors.java:298)
	at org.glassfish.jersey.internal.Errors.process(Errors.java:268)
	at org.glassfish.jersey.process.internal.RequestScope.runInScope(RequestScope.java:289)
	at org.glassfish.jersey.server.ServerRuntime.process(ServerRuntime.java:256)
	at org.glassfish.jersey.server.ApplicationHandler.handle(ApplicationHandler.java:703)
	at org.glassfish.jersey.grizzly2.httpserver.GrizzlyHttpContainer.service(GrizzlyHttpContainer.java:377)
	at org.glassfish.admin.rest.adapter.RestAdapter$2.service(RestAdapter.java:316)
	at org.glassfish.admin.rest.adapter.RestAdapter.service(RestAdapter.java:179)
	at com.sun.enterprise.v3.services.impl.ContainerMapper$HttpHandlerCallable.call(ContainerMapper.java:463)
	at com.sun.enterprise.v3.services.impl.ContainerMapper.service(ContainerMapper.java:168)
	at org.glassfish.grizzly.http.server.HttpHandler.runService(HttpHandler.java:206)
	at org.glassfish.grizzly.http.server.HttpHandler.doHandle(HttpHandler.java:180)
	at org.glassfish.grizzly.http.server.HttpServerFilter.handleRead(HttpServerFilter.java:242)
	at org.glassfish.grizzly.filterchain.ExecutorResolver$9.execute(ExecutorResolver.java:119)
	at org.glassfish.grizzly.filterchain.DefaultFilterChain.executeFilter(DefaultFilterChain.java:284)
	at org.glassfish.grizzly.filterchain.DefaultFilterChain.executeChainPart(DefaultFilterChain.java:201)
	at org.glassfish.grizzly.filterchain.DefaultFilterChain.execute(DefaultFilterChain.java:133)
	at org.glassfish.grizzly.filterchain.DefaultFilterChain.process(DefaultFilterChain.java:112)
	at org.glassfish.grizzly.ProcessorExecutor.execute(ProcessorExecutor.java:77)
	at org.glassfish.grizzly.nio.transport.TCPNIOTransport.fireIOEvent(TCPNIOTransport.java:539)
	at org.glassfish.grizzly.strategies.AbstractIOStrategy.fireIOEvent(AbstractIOStrategy.java:112)
	at org.glassfish.grizzly.strategies.WorkerThreadIOStrategy.run0(WorkerThreadIOStrategy.java:117)
	at org.glassfish.grizzly.strategies.WorkerThreadIOStrategy.access$100(WorkerThreadIOStrategy.java:56)
	at org.glassfish.grizzly.strategies.WorkerThreadIOStrategy$WorkerThreadRunnable.run(WorkerThreadIOStrategy.java:137)
	at org.glassfish.grizzly.threadpool.AbstractThreadPool$Worker.doWork(AbstractThreadPool.java:593)
	at org.glassfish.grizzly.threadpool.AbstractThreadPool$Worker.run(AbstractThreadPool.java:573)
	at java.lang.Thread.run(Thread.java:748)
]]

[2025-12-26T15:36:27.432-0600] [glassfish 5.0] [INFO] [] [javax.enterprise.web] [tid: _ThreadID=69 _ThreadName=admin-listener(3)] [timeMillis: 1766784987432] [levelValue: 800] [[
  WebModule[/spei] ServletContext.log():Closing Spring root WebApplicationContext]]

[2025-12-26T15:36:27.449-0600] [glassfish 5.0] [SEVERE] [] [javax.enterprise.web] [tid: _ThreadID=69 _ThreadName=admin-listener(3)] [timeMillis: 1766784987449] [levelValue: 1000] [[
  WebModule[/spei]Exception sending context destroyed event to listener instance of class org.springframework.boot.web.servlet.support.SpringBootServletInitializer&#x24;SpringBootContextLoaderListener
java.lang.UnsupportedOperationException: Not allowed to call this javax.servlet.ServletContext method from a ServletContextListener that was neither declared in the application's deployment descriptor nor annotated with WebListener
	at org.apache.catalina.core.ApplicationContext.getClassLoader(ApplicationContext.java:915)
	at org.apache.catalina.core.ApplicationContextFacade.getClassLoader(ApplicationContextFacade.java:850)
	at org.springframework.boot.web.servlet.support.SpringBootServletInitializer.deregisterJdbcDrivers(SpringBootServletInitializer.java:118)
	at org.springframework.boot.web.servlet.support.SpringBootServletInitializer$SpringBootContextLoaderListener.contextDestroyed(SpringBootServletInitializer.java:251)
	at org.apache.catalina.core.StandardContext.contextListenerStop(StandardContext.java:5091)
	at org.apache.catalina.core.StandardContext.stop(StandardContext.java:5792)
	at com.sun.enterprise.web.WebModule.stop(WebModule.java:569)
	at org.apache.catalina.core.ContainerBase.removeChild(ContainerBase.java:1008)
	at com.sun.enterprise.web.WebContainer.unloadWebModule(WebContainer.java:2197)
	at com.sun.enterprise.web.WebContainer.unloadWebModule(WebContainer.java:2152)
	at com.sun.enterprise.web.WebApplication.stop(WebApplication.java:158)
	at org.glassfish.internal.data.EngineRef.stop(EngineRef.java:161)
	at org.glassfish.internal.data.ModuleInfo.stop(ModuleInfo.java:324)
	at org.glassfish.internal.data.ApplicationInfo.stop(ApplicationInfo.java:380)
	at com.sun.enterprise.v3.server.ApplicationLifecycle.unload(ApplicationLifecycle.java:1059)
	at com.sun.enterprise.v3.server.ApplicationLifecycle.disable(ApplicationLifecycle.java:2127)
	at com.sun.enterprise.v3.server.ApplicationLifecycle.disable(ApplicationLifecycle.java:113)
	at org.glassfish.deployment.admin.DisableCommand.execute(DisableCommand.java:378)
	at com.sun.enterprise.v3.admin.CommandRunnerImpl$2$1.run(CommandRunnerImpl.java:540)
	at com.sun.enterprise.v3.admin.CommandRunnerImpl$2$1.run(CommandRunnerImpl.java:536)
	at java.security.AccessController.doPrivileged(Native Method)
	at javax.security.auth.Subject.doAs(Subject.java:360)
	at com.sun.enterprise.v3.admin.CommandRunnerImpl$2.execute(CommandRunnerImpl.java:535)
	at com.sun.enterprise.v3.admin.CommandRunnerImpl$3.run(CommandRunnerImpl.java:566)
	at com.sun.enterprise.v3.admin.CommandRunnerImpl$3.run(CommandRunnerImpl.java:558)
	at java.security.AccessController.doPrivileged(Native Method)
	at javax.security.auth.Subject.doAs(Subject.java:360)
	at com.sun.enterprise.v3.admin.CommandRunnerImpl.doCommand(CommandRunnerImpl.java:557)
	at com.sun.enterprise.v3.admin.CommandRunnerImpl.doCommand(CommandRunnerImpl.java:1465)
	at com.sun.enterprise.v3.admin.CommandRunnerImpl.access$1300(CommandRunnerImpl.java:110)
	at com.sun.enterprise.v3.admin.CommandRunnerImpl$ExecutionContext.execute(CommandRunnerImpl.java:1847)
	at com.sun.enterprise.v3.admin.CommandRunnerImpl$ExecutionContext.execute(CommandRunnerImpl.java:1723)
	at org.glassfish.deployment.admin.UndeployCommand.execute(UndeployCommand.java:379)
	at com.sun.enterprise.v3.admin.CommandRunnerImpl$2$1.run(CommandRunnerImpl.java:540)
	at com.sun.enterprise.v3.admin.CommandRunnerImpl$2$1.run(CommandRunnerImpl.java:536)
	at java.security.AccessController.doPrivileged(Native Method)
	at javax.security.auth.Subject.doAs(Subject.java:360)
	at com.sun.enterprise.v3.admin.CommandRunnerImpl$2.execute(CommandRunnerImpl.java:535)
	at com.sun.enterprise.v3.admin.CommandRunnerImpl$3.run(CommandRunnerImpl.java:566)
	at com.sun.enterprise.v3.admin.CommandRunnerImpl$3.run(CommandRunnerImpl.java:558)
	at java.security.AccessController.doPrivileged(Native Method)
	at javax.security.auth.Subject.doAs(Subject.java:360)
	at com.sun.enterprise.v3.admin.CommandRunnerImpl.doCommand(CommandRunnerImpl.java:557)
	at com.sun.enterprise.v3.admin.CommandRunnerImpl.doCommand(CommandRunnerImpl.java:1465)
	at com.sun.enterprise.v3.admin.CommandRunnerImpl.access$1300(CommandRunnerImpl.java:110)
	at com.sun.enterprise.v3.admin.CommandRunnerImpl$ExecutionContext.execute(CommandRunnerImpl.java:1847)
	at com.sun.enterprise.v3.admin.CommandRunnerImpl$ExecutionContext.execute(CommandRunnerImpl.java:1723)
	at org.glassfish.admin.rest.utils.ResourceUtil.runCommand(ResourceUtil.java:254)
	at org.glassfish.admin.rest.utils.ResourceUtil.runCommand(ResourceUtil.java:232)
	at org.glassfish.admin.rest.utils.ResourceUtil.runCommand(ResourceUtil.java:276)
	at org.glassfish.admin.rest.resources.TemplateRestResource.runCommand(TemplateRestResource.java:567)
	at org.glassfish.admin.rest.resources.TemplateRestResource.doDelete(TemplateRestResource.java:304)
	at org.glassfish.admin.rest.resources.TemplateRestResource.delete(TemplateRestResource.java:186)
	at sun.reflect.NativeMethodAccessorImpl.invoke0(Native Method)
	at sun.reflect.NativeMethodAccessorImpl.invoke(NativeMethodAccessorImpl.java:62)
	at sun.reflect.DelegatingMethodAccessorImpl.invoke(DelegatingMethodAccessorImpl.java:43)
	at java.lang.reflect.Method.invoke(Method.java:498)
	at org.glassfish.jersey.server.model.internal.ResourceMethodInvocationHandlerFactory.lambda$static$0(ResourceMethodInvocationHandlerFactory.java:76)
	at org.glassfish.jersey.server.model.internal.AbstractJavaResourceMethodDispatcher$1.run(AbstractJavaResourceMethodDispatcher.java:148)
	at org.glassfish.jersey.server.model.internal.AbstractJavaResourceMethodDispatcher.invoke(AbstractJavaResourceMethodDispatcher.java:191)
	at org.glassfish.jersey.server.model.internal.JavaResourceMethodDispatcherProvider$ResponseOutInvoker.doDispatch(JavaResourceMethodDispatcherProvider.java:200)
	at org.glassfish.jersey.server.model.internal.AbstractJavaResourceMethodDispatcher.dispatch(AbstractJavaResourceMethodDispatcher.java:103)
	at org.glassfish.jersey.server.model.ResourceMethodInvoker.invoke(ResourceMethodInvoker.java:493)
	at org.glassfish.jersey.server.model.ResourceMethodInvoker.apply(ResourceMethodInvoker.java:415)
	at org.glassfish.jersey.server.model.ResourceMethodInvoker.apply(ResourceMethodInvoker.java:104)
	at org.glassfish.jersey.server.ServerRuntime$1.run(ServerRuntime.java:277)
	at org.glassfish.jersey.internal.Errors$1.call(Errors.java:272)
	at org.glassfish.jersey.internal.Errors$1.call(Errors.java:268)
	at org.glassfish.jersey.internal.Errors.process(Errors.java:316)
	at org.glassfish.jersey.internal.Errors.process(Errors.java:298)
	at org.glassfish.jersey.internal.Errors.process(Errors.java:268)
	at org.glassfish.jersey.process.internal.RequestScope.runInScope(RequestScope.java:289)
	at org.glassfish.jersey.server.ServerRuntime.process(ServerRuntime.java:256)
	at org.glassfish.jersey.server.ApplicationHandler.handle(ApplicationHandler.java:703)
	at org.glassfish.jersey.grizzly2.httpserver.GrizzlyHttpContainer.service(GrizzlyHttpContainer.java:377)
	at org.glassfish.admin.rest.adapter.RestAdapter$2.service(RestAdapter.java:316)
	at org.glassfish.admin.rest.adapter.RestAdapter.service(RestAdapter.java:179)
	at com.sun.enterprise.v3.services.impl.ContainerMapper$HttpHandlerCallable.call(ContainerMapper.java:463)
	at com.sun.enterprise.v3.services.impl.ContainerMapper.service(ContainerMapper.java:168)
	at org.glassfish.grizzly.http.server.HttpHandler.runService(HttpHandler.java:206)
	at org.glassfish.grizzly.http.server.HttpHandler.doHandle(HttpHandler.java:180)
	at org.glassfish.grizzly.http.server.HttpServerFilter.handleRead(HttpServerFilter.java:242)
	at org.glassfish.grizzly.filterchain.ExecutorResolver$9.execute(ExecutorResolver.java:119)
	at org.glassfish.grizzly.filterchain.DefaultFilterChain.executeFilter(DefaultFilterChain.java:284)
	at org.glassfish.grizzly.filterchain.DefaultFilterChain.executeChainPart(DefaultFilterChain.java:201)
	at org.glassfish.grizzly.filterchain.DefaultFilterChain.execute(DefaultFilterChain.java:133)
	at org.glassfish.grizzly.filterchain.DefaultFilterChain.process(DefaultFilterChain.java:112)
	at org.glassfish.grizzly.ProcessorExecutor.execute(ProcessorExecutor.java:77)
	at org.glassfish.grizzly.nio.transport.TCPNIOTransport.fireIOEvent(TCPNIOTransport.java:539)
	at org.glassfish.grizzly.strategies.AbstractIOStrategy.fireIOEvent(AbstractIOStrategy.java:112)
	at org.glassfish.grizzly.strategies.WorkerThreadIOStrategy.run0(WorkerThreadIOStrategy.java:117)
	at org.glassfish.grizzly.strategies.WorkerThreadIOStrategy.access$100(WorkerThreadIOStrategy.java:56)
	at org.glassfish.grizzly.strategies.WorkerThreadIOStrategy$WorkerThreadRunnable.run(WorkerThreadIOStrategy.java:137)
	at org.glassfish.grizzly.threadpool.AbstractThreadPool$Worker.doWork(AbstractThreadPool.java:593)
	at org.glassfish.grizzly.threadpool.AbstractThreadPool$Worker.run(AbstractThreadPool.java:573)
	at java.lang.Thread.run(Thread.java:748)
]]

[2025-12-26T15:36:27.463-0600] [glassfish 5.0] [WARNING] [] [javax.enterprise.web.util] [tid: _ThreadID=69 _ThreadName=admin-listener(3)] [timeMillis: 1766784987463] [levelValue: 900] [[
  The web application [/spei] registered the JDBC driver [org.postgresql.Driver] but failed to unregister it when the web application was stopped. To prevent a memory leak, the JDBC Driver has been forcibly unregistered.]]

[2025-12-26T15:36:27.617-0600] [glassfish 5.0] [INFO] [] [] [tid: _ThreadID=67 _ThreadName=Thread-8] [timeMillis: 1766784987617] [levelValue: 800] [[
  com.sun.webui.jsf.component.DropDown::The current value of component propertyForm:deployTable:topActionsGroup1:filter does not match any of the selections. 
Did you forget to reset the value after changing the options? ]]

[2025-12-26T15:37:38.704-0600] [glassfish 5.0] [INFO] [NCLS-DEPLOYMENT-02027] [javax.enterprise.system.tools.deployment.autodeploy] [tid: _ThreadID=76 _ThreadName=AutoDeployer] [timeMillis: 1766785058704] [levelValue: 800] [[
  Selecting file /home/stpserver/glassfish5/glassfish/domains/domain1/autodeploy/spei.war for autodeployment]]

[2025-12-26T15:37:38.712-0600] [glassfish 5.0] [WARNING] [NCLS-DEPLOYMENT-00019] [javax.enterprise.system.tools.deployment.common] [tid: _ThreadID=76 _ThreadName=AutoDeployer] [timeMillis: 1766785058712] [levelValue: 900] [[
  file open failure; file = file:/home/stpserver/glassfish5/glassfish/domains/domain1/autodeploy/spei.war]]

[2025-12-26T15:37:38.712-0600] [glassfish 5.0] [WARNING] [NCLS-DEPLOYMENT-00020] [javax.enterprise.system.tools.deployment.common] [tid: _ThreadID=76 _ThreadName=AutoDeployer] [timeMillis: 1766785058712] [levelValue: 900] [[
  exception message:  error in opening zip file -- invalid zip file: invalid zip file: file:/home/stpserver/glassfish5/glassfish/domains/domain1/autodeploy/spei.war]]

[2025-12-26T15:37:38.713-0600] [glassfish 5.0] [WARNING] [NCLS-DEPLOYMENT-00019] [javax.enterprise.system.tools.deployment.common] [tid: _ThreadID=76 _ThreadName=AutoDeployer] [timeMillis: 1766785058713] [levelValue: 900] [[
  file open failure; file = file:/home/stpserver/glassfish5/glassfish/domains/domain1/autodeploy/spei.war]]

[2025-12-26T15:37:38.713-0600] [glassfish 5.0] [WARNING] [NCLS-DEPLOYMENT-00020] [javax.enterprise.system.tools.deployment.common] [tid: _ThreadID=76 _ThreadName=AutoDeployer] [timeMillis: 1766785058713] [levelValue: 900] [[
  exception message:  error in opening zip file -- invalid zip file: invalid zip file: file:/home/stpserver/glassfish5/glassfish/domains/domain1/autodeploy/spei.war]]

[2025-12-26T15:37:38.713-0600] [glassfish 5.0] [SEVERE] [NCLS-ADMIN-00011] [javax.enterprise.system.tools.admin.security.authorization] [tid: _ThreadID=76 _ThreadName=AutoDeployer] [timeMillis: 1766785058713] [levelValue: 1000] [[
  An unexpected exception occurred.
java.lang.RuntimeException: java.lang.RuntimeException: java.io.IOException: invalid zip file: file:/home/stpserver/glassfish5/glassfish/domains/domain1/autodeploy/spei.war
	at org.glassfish.deployment.admin.DeployCommand.preAuthorization(DeployCommand.java:314)
	at com.sun.enterprise.admin.util.CommandSecurityChecker$1.run(CommandSecurityChecker.java:187)
	at com.sun.enterprise.admin.util.CommandSecurityChecker$1.run(CommandSecurityChecker.java:183)
	at java.security.AccessController.doPrivileged(Native Method)
	at javax.security.auth.Subject.doAs(Subject.java:360)
	at com.sun.enterprise.admin.util.CommandSecurityChecker.authorize(CommandSecurityChecker.java:183)
	at com.sun.enterprise.v3.admin.CommandRunnerImpl.doCommand(CommandRunnerImpl.java:1240)
	at com.sun.enterprise.v3.admin.CommandRunnerImpl.access$1300(CommandRunnerImpl.java:110)
	at com.sun.enterprise.v3.admin.CommandRunnerImpl$ExecutionContext.execute(CommandRunnerImpl.java:1847)
	at org.glassfish.deployment.autodeploy.AutoOperation.run(AutoOperation.java:164)
	at org.glassfish.deployment.autodeploy.AutoDeployer.deploy(AutoDeployer.java:597)
	at org.glassfish.deployment.autodeploy.AutoDeployer.deployAll(AutoDeployer.java:484)
	at org.glassfish.deployment.autodeploy.AutoDeployer.run(AutoDeployer.java:412)
	at org.glassfish.deployment.autodeploy.AutoDeployer.run(AutoDeployer.java:403)
	at org.glassfish.deployment.autodeploy.AutoDeployService$1.run(AutoDeployService.java:233)
	at java.util.TimerThread.mainLoop(Timer.java:555)
	at java.util.TimerThread.run(Timer.java:505)
Caused by: java.lang.RuntimeException: java.io.IOException: invalid zip file: file:/home/stpserver/glassfish5/glassfish/domains/domain1/autodeploy/spei.war
	at com.sun.enterprise.deployment.deploy.shared.InputJarArchive.entries(InputJarArchive.java:205)
	at com.sun.enterprise.deployment.deploy.shared.InputJarArchive.access$100(InputJarArchive.java:74)
	at com.sun.enterprise.deployment.deploy.shared.InputJarArchive$1.enumeration(InputJarArchive.java:166)
	at com.sun.enterprise.deployment.deploy.shared.InputJarArchive$CollectionWrappedEnumeration.<init>(InputJarArchive.java:728)
	at com.sun.enterprise.deployment.deploy.shared.InputJarArchive.getDirectories(InputJarArchive.java:161)
	at org.glassfish.javaee.full.deployment.EarDetector.isEARFromIntrospecting(EarDetector.java:141)
	at org.glassfish.javaee.full.deployment.EarDetector.handles(EarDetector.java:109)
	at com.sun.enterprise.v3.server.ApplicationLifecycle.getArchiveHandler(ApplicationLifecycle.java:211)
	at org.glassfish.deployment.admin.DeployCommand.preAuthorization(DeployCommand.java:246)
	... 16 more
Caused by: java.io.IOException: invalid zip file: file:/home/stpserver/glassfish5/glassfish/domains/domain1/autodeploy/spei.war
	at com.sun.enterprise.deployment.deploy.shared.InputJarArchive$ArchiveJarEntrySource.<init>(InputJarArchive.java:582)
	at com.sun.enterprise.deployment.deploy.shared.InputJarArchive$ArchiveJarEntrySource.<init>(InputJarArchive.java:573)
	at com.sun.enterprise.deployment.deploy.shared.InputJarArchive.createEntryEnumeration(InputJarArchive.java:451)
	at com.sun.enterprise.deployment.deploy.shared.InputJarArchive.entries(InputJarArchive.java:203)
	... 24 more
]]

[2025-12-26T15:37:38.714-0600] [glassfish 5.0] [WARNING] [NCLS-DEPLOYMENT-02036] [javax.enterprise.system.tools.deployment.autodeploy] [tid: _ThreadID=76 _ThreadName=AutoDeployer] [timeMillis: 1766785058714] [levelValue: 900] [[
  Error during authorization]]

[2025-12-26T15:37:38.716-0600] [glassfish 5.0] [WARNING] [NCLS-DEPLOYMENT-02036] [javax.enterprise.system.tools.deployment.autodeploy] [tid: _ThreadID=76 _ThreadName=AutoDeployer] [timeMillis: 1766785058716] [levelValue: 900] [[
  [AutoDeploy] Autodeploy failed : /home/stpserver/glassfish5/glassfish/domains/domain1/autodeploy/spei.war.]]

[2025-12-26T15:39:10.705-0600] [glassfish 5.0] [INFO] [NCLS-DEPLOYMENT-02027] [javax.enterprise.system.tools.deployment.autodeploy] [tid: _ThreadID=76 _ThreadName=AutoDeployer] [timeMillis: 1766785150705] [levelValue: 800] [[
  Selecting file /home/stpserver/glassfish5/glassfish/domains/domain1/autodeploy/spei.war for autodeployment]]

[2025-12-26T15:39:10.805-0600] [glassfish 5.0] [SEVERE] [] [javax.enterprise.system.tools.deployment.common] [tid: _ThreadID=132 _ThreadName=deployment-jar-scanner] [timeMillis: 1766785150805] [levelValue: 1000] [[
  Exception while visiting META-INF/versions/11/module-info.class of size 722
java.lang.IllegalArgumentException
	at org.glassfish.hk2.external.org.objectweb.asm.ClassReader.<init>(ClassReader.java:160)
	at org.glassfish.hk2.external.org.objectweb.asm.ClassReader.<init>(ClassReader.java:143)
	at org.glassfish.hk2.external.org.objectweb.asm.ClassReader.<init>(ClassReader.java:418)
	at org.glassfish.hk2.classmodel.reflect.Parser$5.on(Parser.java:359)
	at com.sun.enterprise.v3.server.ReadableArchiveScannerAdapter.handleEntry(ReadableArchiveScannerAdapter.java:165)
	at com.sun.enterprise.v3.server.ReadableArchiveScannerAdapter.onSelectedEntries(ReadableArchiveScannerAdapter.java:127)
	at org.glassfish.hk2.classmodel.reflect.Parser.doJob(Parser.java:345)
	at org.glassfish.hk2.classmodel.reflect.Parser.access$300(Parser.java:68)
	at org.glassfish.hk2.classmodel.reflect.Parser$3.call(Parser.java:304)
	at org.glassfish.hk2.classmodel.reflect.Parser$3.call(Parser.java:293)
	at java.util.concurrent.FutureTask.run(FutureTask.java:266)
	at java.util.concurrent.ThreadPoolExecutor.runWorker(ThreadPoolExecutor.java:1149)
	at java.util.concurrent.ThreadPoolExecutor$Worker.run(ThreadPoolExecutor.java:624)
	at java.lang.Thread.run(Thread.java:748)
]]

[2025-12-26T15:39:11.168-0600] [glassfish 5.0] [INFO] [] [javax.enterprise.system.tools.deployment.common] [tid: _ThreadID=76 _ThreadName=AutoDeployer] [timeMillis: 1766785151168] [levelValue: 800] [[
  visiting unvisited references]]

[2025-12-26T15:39:14.675-0600] [glassfish 5.0] [INFO] [] [javax.enterprise.system.tools.deployment.common] [tid: _ThreadID=76 _ThreadName=AutoDeployer] [timeMillis: 1766785154675] [levelValue: 800] [[
  visiting unvisited references]]

[2025-12-26T15:39:14.730-0600] [glassfish 5.0] [INFO] [] [javax.enterprise.system.tools.deployment.common] [tid: _ThreadID=76 _ThreadName=AutoDeployer] [timeMillis: 1766785154730] [levelValue: 800] [[
  visiting unvisited references]]

[2025-12-26T15:39:14.731-0600] [glassfish 5.0] [INFO] [] [javax.enterprise.system.tools.deployment.common] [tid: _ThreadID=76 _ThreadName=AutoDeployer] [timeMillis: 1766785154731] [levelValue: 800] [[
  visiting unvisited references]]

[2025-12-26T15:39:14.731-0600] [glassfish 5.0] [INFO] [] [javax.enterprise.system.tools.deployment.common] [tid: _ThreadID=76 _ThreadName=AutoDeployer] [timeMillis: 1766785154731] [levelValue: 800] [[
  visiting unvisited references]]

[2025-12-26T15:39:14.731-0600] [glassfish 5.0] [INFO] [] [javax.enterprise.system.tools.deployment.common] [tid: _ThreadID=76 _ThreadName=AutoDeployer] [timeMillis: 1766785154731] [levelValue: 800] [[
  visiting unvisited references]]

[2025-12-26T15:39:14.732-0600] [glassfish 5.0] [INFO] [] [javax.enterprise.system.tools.deployment.common] [tid: _ThreadID=76 _ThreadName=AutoDeployer] [timeMillis: 1766785154732] [levelValue: 800] [[
  visiting unvisited references]]

[2025-12-26T15:39:14.732-0600] [glassfish 5.0] [INFO] [] [javax.enterprise.system.tools.deployment.common] [tid: _ThreadID=76 _ThreadName=AutoDeployer] [timeMillis: 1766785154732] [levelValue: 800] [[
  visiting unvisited references]]

[2025-12-26T15:39:14.732-0600] [glassfish 5.0] [INFO] [] [javax.enterprise.system.tools.deployment.common] [tid: _ThreadID=76 _ThreadName=AutoDeployer] [timeMillis: 1766785154732] [levelValue: 800] [[
  visiting unvisited references]]

[2025-12-26T15:39:14.733-0600] [glassfish 5.0] [INFO] [] [javax.enterprise.system.tools.deployment.common] [tid: _ThreadID=76 _ThreadName=AutoDeployer] [timeMillis: 1766785154733] [levelValue: 800] [[
  visiting unvisited references]]

[2025-12-26T15:39:14.733-0600] [glassfish 5.0] [INFO] [] [javax.enterprise.system.tools.deployment.common] [tid: _ThreadID=76 _ThreadName=AutoDeployer] [timeMillis: 1766785154733] [levelValue: 800] [[
  visiting unvisited references]]

[2025-12-26T15:39:14.734-0600] [glassfish 5.0] [INFO] [] [javax.enterprise.system.tools.deployment.common] [tid: _ThreadID=76 _ThreadName=AutoDeployer] [timeMillis: 1766785154734] [levelValue: 800] [[
  visiting unvisited references]]

[2025-12-26T15:39:14.734-0600] [glassfish 5.0] [INFO] [] [javax.enterprise.system.tools.deployment.common] [tid: _ThreadID=76 _ThreadName=AutoDeployer] [timeMillis: 1766785154734] [levelValue: 800] [[
  visiting unvisited references]]

[2025-12-26T15:39:14.745-0600] [glassfish 5.0] [SEVERE] [] [global] [tid: _ThreadID=76 _ThreadName=AutoDeployer] [timeMillis: 1766785154745] [levelValue: 1000] [[
  Class [ com/querydsl/core/dml/UpdateClause ] not found. Error while loading [ class org.springframework.data.jpa.repository.support.QuerydslRepositorySupport ]]]

[2025-12-26T15:39:14.769-0600] [glassfish 5.0] [INFO] [] [javax.enterprise.system.tools.deployment.common] [tid: _ThreadID=76 _ThreadName=AutoDeployer] [timeMillis: 1766785154769] [levelValue: 800] [[
  visiting unvisited references]]

[2025-12-26T15:39:14.769-0600] [glassfish 5.0] [INFO] [] [javax.enterprise.system.tools.deployment.common] [tid: _ThreadID=76 _ThreadName=AutoDeployer] [timeMillis: 1766785154769] [levelValue: 800] [[
  visiting unvisited references]]

[2025-12-26T15:39:14.769-0600] [glassfish 5.0] [INFO] [] [javax.enterprise.system.tools.deployment.common] [tid: _ThreadID=76 _ThreadName=AutoDeployer] [timeMillis: 1766785154769] [levelValue: 800] [[
  visiting unvisited references]]

[2025-12-26T15:39:14.770-0600] [glassfish 5.0] [INFO] [] [javax.enterprise.system.tools.deployment.common] [tid: _ThreadID=76 _ThreadName=AutoDeployer] [timeMillis: 1766785154770] [levelValue: 800] [[
  visiting unvisited references]]

[2025-12-26T15:39:14.770-0600] [glassfish 5.0] [INFO] [] [javax.enterprise.system.tools.deployment.common] [tid: _ThreadID=76 _ThreadName=AutoDeployer] [timeMillis: 1766785154770] [levelValue: 800] [[
  visiting unvisited references]]

[2025-12-26T15:39:14.771-0600] [glassfish 5.0] [INFO] [] [javax.enterprise.system.tools.deployment.common] [tid: _ThreadID=76 _ThreadName=AutoDeployer] [timeMillis: 1766785154771] [levelValue: 800] [[
  visiting unvisited references]]

[2025-12-26T15:39:14.771-0600] [glassfish 5.0] [INFO] [] [javax.enterprise.system.tools.deployment.common] [tid: _ThreadID=76 _ThreadName=AutoDeployer] [timeMillis: 1766785154771] [levelValue: 800] [[
  visiting unvisited references]]

[2025-12-26T15:39:14.771-0600] [glassfish 5.0] [INFO] [] [javax.enterprise.system.tools.deployment.common] [tid: _ThreadID=76 _ThreadName=AutoDeployer] [timeMillis: 1766785154771] [levelValue: 800] [[
  visiting unvisited references]]

[2025-12-26T15:39:14.772-0600] [glassfish 5.0] [INFO] [] [javax.enterprise.system.tools.deployment.common] [tid: _ThreadID=76 _ThreadName=AutoDeployer] [timeMillis: 1766785154772] [levelValue: 800] [[
  visiting unvisited references]]

[2025-12-26T15:39:14.772-0600] [glassfish 5.0] [INFO] [] [javax.enterprise.system.tools.deployment.common] [tid: _ThreadID=76 _ThreadName=AutoDeployer] [timeMillis: 1766785154772] [levelValue: 800] [[
  visiting unvisited references]]

[2025-12-26T15:39:14.773-0600] [glassfish 5.0] [INFO] [] [javax.enterprise.system.tools.deployment.common] [tid: _ThreadID=76 _ThreadName=AutoDeployer] [timeMillis: 1766785154773] [levelValue: 800] [[
  visiting unvisited references]]

[2025-12-26T15:39:14.773-0600] [glassfish 5.0] [INFO] [] [javax.enterprise.system.tools.deployment.common] [tid: _ThreadID=76 _ThreadName=AutoDeployer] [timeMillis: 1766785154773] [levelValue: 800] [[
  visiting unvisited references]]

[2025-12-26T15:39:14.773-0600] [glassfish 5.0] [INFO] [] [javax.enterprise.system.tools.deployment.common] [tid: _ThreadID=76 _ThreadName=AutoDeployer] [timeMillis: 1766785154773] [levelValue: 800] [[
  visiting unvisited references]]

[2025-12-26T15:39:14.773-0600] [glassfish 5.0] [INFO] [] [javax.enterprise.system.tools.deployment.common] [tid: _ThreadID=76 _ThreadName=AutoDeployer] [timeMillis: 1766785154773] [levelValue: 800] [[
  visiting unvisited references]]

[2025-12-26T15:39:14.773-0600] [glassfish 5.0] [INFO] [] [javax.enterprise.system.tools.deployment.common] [tid: _ThreadID=76 _ThreadName=AutoDeployer] [timeMillis: 1766785154773] [levelValue: 800] [[
  visiting unvisited references]]

[2025-12-26T15:39:14.774-0600] [glassfish 5.0] [INFO] [] [javax.enterprise.system.tools.deployment.common] [tid: _ThreadID=76 _ThreadName=AutoDeployer] [timeMillis: 1766785154774] [levelValue: 800] [[
  visiting unvisited references]]

[2025-12-26T15:39:14.774-0600] [glassfish 5.0] [INFO] [] [javax.enterprise.system.tools.deployment.common] [tid: _ThreadID=76 _ThreadName=AutoDeployer] [timeMillis: 1766785154774] [levelValue: 800] [[
  visiting unvisited references]]

[2025-12-26T15:39:14.774-0600] [glassfish 5.0] [INFO] [] [javax.enterprise.system.tools.deployment.common] [tid: _ThreadID=76 _ThreadName=AutoDeployer] [timeMillis: 1766785154774] [levelValue: 800] [[
  visiting unvisited references]]

[2025-12-26T15:39:14.774-0600] [glassfish 5.0] [INFO] [] [javax.enterprise.system.tools.deployment.common] [tid: _ThreadID=76 _ThreadName=AutoDeployer] [timeMillis: 1766785154774] [levelValue: 800] [[
  visiting unvisited references]]

[2025-12-26T15:39:14.775-0600] [glassfish 5.0] [INFO] [] [javax.enterprise.system.tools.deployment.common] [tid: _ThreadID=76 _ThreadName=AutoDeployer] [timeMillis: 1766785154775] [levelValue: 800] [[
  visiting unvisited references]]

[2025-12-26T15:39:14.775-0600] [glassfish 5.0] [INFO] [] [javax.enterprise.system.tools.deployment.common] [tid: _ThreadID=76 _ThreadName=AutoDeployer] [timeMillis: 1766785154775] [levelValue: 800] [[
  visiting unvisited references]]

[2025-12-26T15:39:14.775-0600] [glassfish 5.0] [INFO] [] [javax.enterprise.system.tools.deployment.common] [tid: _ThreadID=76 _ThreadName=AutoDeployer] [timeMillis: 1766785154775] [levelValue: 800] [[
  visiting unvisited references]]

[2025-12-26T15:39:14.775-0600] [glassfish 5.0] [INFO] [] [javax.enterprise.system.tools.deployment.common] [tid: _ThreadID=76 _ThreadName=AutoDeployer] [timeMillis: 1766785154775] [levelValue: 800] [[
  visiting unvisited references]]

[2025-12-26T15:39:14.775-0600] [glassfish 5.0] [INFO] [] [javax.enterprise.system.tools.deployment.common] [tid: _ThreadID=76 _ThreadName=AutoDeployer] [timeMillis: 1766785154775] [levelValue: 800] [[
  visiting unvisited references]]

[2025-12-26T15:39:14.776-0600] [glassfish 5.0] [INFO] [] [javax.enterprise.system.tools.deployment.common] [tid: _ThreadID=76 _ThreadName=AutoDeployer] [timeMillis: 1766785154776] [levelValue: 800] [[
  visiting unvisited references]]

[2025-12-26T15:39:14.776-0600] [glassfish 5.0] [INFO] [] [javax.enterprise.system.tools.deployment.common] [tid: _ThreadID=76 _ThreadName=AutoDeployer] [timeMillis: 1766785154776] [levelValue: 800] [[
  visiting unvisited references]]

[2025-12-26T15:39:14.776-0600] [glassfish 5.0] [INFO] [] [javax.enterprise.system.tools.deployment.common] [tid: _ThreadID=76 _ThreadName=AutoDeployer] [timeMillis: 1766785154776] [levelValue: 800] [[
  visiting unvisited references]]

[2025-12-26T15:39:14.776-0600] [glassfish 5.0] [INFO] [] [javax.enterprise.system.tools.deployment.common] [tid: _ThreadID=76 _ThreadName=AutoDeployer] [timeMillis: 1766785154776] [levelValue: 800] [[
  visiting unvisited references]]

[2025-12-26T15:39:14.777-0600] [glassfish 5.0] [INFO] [] [javax.enterprise.system.tools.deployment.common] [tid: _ThreadID=76 _ThreadName=AutoDeployer] [timeMillis: 1766785154777] [levelValue: 800] [[
  visiting unvisited references]]

[2025-12-26T15:39:14.777-0600] [glassfish 5.0] [INFO] [] [javax.enterprise.system.tools.deployment.common] [tid: _ThreadID=76 _ThreadName=AutoDeployer] [timeMillis: 1766785154777] [levelValue: 800] [[
  visiting unvisited references]]

[2025-12-26T15:39:14.777-0600] [glassfish 5.0] [INFO] [] [javax.enterprise.system.tools.deployment.common] [tid: _ThreadID=76 _ThreadName=AutoDeployer] [timeMillis: 1766785154777] [levelValue: 800] [[
  visiting unvisited references]]

[2025-12-26T15:39:14.777-0600] [glassfish 5.0] [INFO] [] [javax.enterprise.system.tools.deployment.common] [tid: _ThreadID=76 _ThreadName=AutoDeployer] [timeMillis: 1766785154777] [levelValue: 800] [[
  visiting unvisited references]]

[2025-12-26T15:39:14.777-0600] [glassfish 5.0] [INFO] [] [javax.enterprise.system.tools.deployment.common] [tid: _ThreadID=76 _ThreadName=AutoDeployer] [timeMillis: 1766785154777] [levelValue: 800] [[
  visiting unvisited references]]

[2025-12-26T15:39:14.778-0600] [glassfish 5.0] [INFO] [] [javax.enterprise.system.tools.deployment.common] [tid: _ThreadID=76 _ThreadName=AutoDeployer] [timeMillis: 1766785154778] [levelValue: 800] [[
  visiting unvisited references]]

[2025-12-26T15:39:14.778-0600] [glassfish 5.0] [INFO] [] [javax.enterprise.system.tools.deployment.common] [tid: _ThreadID=76 _ThreadName=AutoDeployer] [timeMillis: 1766785154778] [levelValue: 800] [[
  visiting unvisited references]]

[2025-12-26T15:39:14.778-0600] [glassfish 5.0] [INFO] [] [javax.enterprise.system.tools.deployment.common] [tid: _ThreadID=76 _ThreadName=AutoDeployer] [timeMillis: 1766785154778] [levelValue: 800] [[
  visiting unvisited references]]

[2025-12-26T15:39:14.783-0600] [glassfish 5.0] [SEVERE] [] [global] [tid: _ThreadID=76 _ThreadName=AutoDeployer] [timeMillis: 1766785154783] [levelValue: 1000] [[
  Class [ Lcom/unboundid/ldap/listener/InMemoryDirectoryServer; ] not found. Error while loading [ class org.springframework.boot.autoconfigure.ldap.embedded.EmbeddedLdapAutoConfiguration ]]]

[2025-12-26T15:39:14.783-0600] [glassfish 5.0] [INFO] [] [javax.enterprise.system.tools.deployment.common] [tid: _ThreadID=76 _ThreadName=AutoDeployer] [timeMillis: 1766785154783] [levelValue: 800] [[
  visiting unvisited references]]

[2025-12-26T15:39:14.784-0600] [glassfish 5.0] [INFO] [] [javax.enterprise.system.tools.deployment.common] [tid: _ThreadID=76 _ThreadName=AutoDeployer] [timeMillis: 1766785154784] [levelValue: 800] [[
  visiting unvisited references]]

[2025-12-26T15:39:14.784-0600] [glassfish 5.0] [INFO] [] [javax.enterprise.system.tools.deployment.common] [tid: _ThreadID=76 _ThreadName=AutoDeployer] [timeMillis: 1766785154784] [levelValue: 800] [[
  visiting unvisited references]]

[2025-12-26T15:39:14.784-0600] [glassfish 5.0] [INFO] [] [javax.enterprise.system.tools.deployment.common] [tid: _ThreadID=76 _ThreadName=AutoDeployer] [timeMillis: 1766785154784] [levelValue: 800] [[
  visiting unvisited references]]

[2025-12-26T15:39:14.784-0600] [glassfish 5.0] [INFO] [] [javax.enterprise.system.tools.deployment.common] [tid: _ThreadID=76 _ThreadName=AutoDeployer] [timeMillis: 1766785154784] [levelValue: 800] [[
  visiting unvisited references]]

[2025-12-26T15:39:14.784-0600] [glassfish 5.0] [INFO] [] [javax.enterprise.system.tools.deployment.common] [tid: _ThreadID=76 _ThreadName=AutoDeployer] [timeMillis: 1766785154784] [levelValue: 800] [[
  visiting unvisited references]]

[2025-12-26T15:39:14.785-0600] [glassfish 5.0] [INFO] [] [javax.enterprise.system.tools.deployment.common] [tid: _ThreadID=76 _ThreadName=AutoDeployer] [timeMillis: 1766785154785] [levelValue: 800] [[
  visiting unvisited references]]

[2025-12-26T15:39:14.785-0600] [glassfish 5.0] [INFO] [] [javax.enterprise.system.tools.deployment.common] [tid: _ThreadID=76 _ThreadName=AutoDeployer] [timeMillis: 1766785154785] [levelValue: 800] [[
  visiting unvisited references]]

[2025-12-26T15:39:14.785-0600] [glassfish 5.0] [INFO] [] [javax.enterprise.system.tools.deployment.common] [tid: _ThreadID=76 _ThreadName=AutoDeployer] [timeMillis: 1766785154785] [levelValue: 800] [[
  visiting unvisited references]]

[2025-12-26T15:39:14.785-0600] [glassfish 5.0] [INFO] [] [javax.enterprise.system.tools.deployment.common] [tid: _ThreadID=76 _ThreadName=AutoDeployer] [timeMillis: 1766785154785] [levelValue: 800] [[
  visiting unvisited references]]

[2025-12-26T15:39:14.785-0600] [glassfish 5.0] [INFO] [] [javax.enterprise.system.tools.deployment.common] [tid: _ThreadID=76 _ThreadName=AutoDeployer] [timeMillis: 1766785154785] [levelValue: 800] [[
  visiting unvisited references]]

[2025-12-26T15:39:14.786-0600] [glassfish 5.0] [INFO] [] [javax.enterprise.system.tools.deployment.common] [tid: _ThreadID=76 _ThreadName=AutoDeployer] [timeMillis: 1766785154786] [levelValue: 800] [[
  visiting unvisited references]]

[2025-12-26T15:39:14.786-0600] [glassfish 5.0] [INFO] [] [javax.enterprise.system.tools.deployment.common] [tid: _ThreadID=76 _ThreadName=AutoDeployer] [timeMillis: 1766785154786] [levelValue: 800] [[
  visiting unvisited references]]

[2025-12-26T15:39:14.786-0600] [glassfish 5.0] [INFO] [] [javax.enterprise.system.tools.deployment.common] [tid: _ThreadID=76 _ThreadName=AutoDeployer] [timeMillis: 1766785154786] [levelValue: 800] [[
  visiting unvisited references]]

[2025-12-26T15:39:14.786-0600] [glassfish 5.0] [INFO] [] [javax.enterprise.system.tools.deployment.common] [tid: _ThreadID=76 _ThreadName=AutoDeployer] [timeMillis: 1766785154786] [levelValue: 800] [[
  visiting unvisited references]]

[2025-12-26T15:39:14.787-0600] [glassfish 5.0] [INFO] [] [javax.enterprise.system.tools.deployment.common] [tid: _ThreadID=76 _ThreadName=AutoDeployer] [timeMillis: 1766785154787] [levelValue: 800] [[
  visiting unvisited references]]

[2025-12-26T15:39:14.787-0600] [glassfish 5.0] [INFO] [] [javax.enterprise.system.tools.deployment.common] [tid: _ThreadID=76 _ThreadName=AutoDeployer] [timeMillis: 1766785154787] [levelValue: 800] [[
  visiting unvisited references]]

[2025-12-26T15:39:14.787-0600] [glassfish 5.0] [INFO] [] [javax.enterprise.system.tools.deployment.common] [tid: _ThreadID=76 _ThreadName=AutoDeployer] [timeMillis: 1766785154787] [levelValue: 800] [[
  visiting unvisited references]]

[2025-12-26T15:39:14.787-0600] [glassfish 5.0] [INFO] [] [javax.enterprise.system.tools.deployment.common] [tid: _ThreadID=76 _ThreadName=AutoDeployer] [timeMillis: 1766785154787] [levelValue: 800] [[
  visiting unvisited references]]

[2025-12-26T15:39:14.788-0600] [glassfish 5.0] [INFO] [] [javax.enterprise.system.tools.deployment.common] [tid: _ThreadID=76 _ThreadName=AutoDeployer] [timeMillis: 1766785154788] [levelValue: 800] [[
  visiting unvisited references]]

[2025-12-26T15:39:14.788-0600] [glassfish 5.0] [INFO] [] [javax.enterprise.system.tools.deployment.common] [tid: _ThreadID=76 _ThreadName=AutoDeployer] [timeMillis: 1766785154788] [levelValue: 800] [[
  visiting unvisited references]]

[2025-12-26T15:39:14.788-0600] [glassfish 5.0] [INFO] [] [javax.enterprise.system.tools.deployment.common] [tid: _ThreadID=76 _ThreadName=AutoDeployer] [timeMillis: 1766785154788] [levelValue: 800] [[
  visiting unvisited references]]

[2025-12-26T15:39:14.788-0600] [glassfish 5.0] [INFO] [] [javax.enterprise.system.tools.deployment.common] [tid: _ThreadID=76 _ThreadName=AutoDeployer] [timeMillis: 1766785154788] [levelValue: 800] [[
  visiting unvisited references]]

[2025-12-26T15:39:14.789-0600] [glassfish 5.0] [INFO] [] [javax.enterprise.system.tools.deployment.common] [tid: _ThreadID=76 _ThreadName=AutoDeployer] [timeMillis: 1766785154789] [levelValue: 800] [[
  visiting unvisited references]]

[2025-12-26T15:39:14.789-0600] [glassfish 5.0] [INFO] [] [javax.enterprise.system.tools.deployment.common] [tid: _ThreadID=76 _ThreadName=AutoDeployer] [timeMillis: 1766785154789] [levelValue: 800] [[
  visiting unvisited references]]

[2025-12-26T15:39:14.789-0600] [glassfish 5.0] [INFO] [] [javax.enterprise.system.tools.deployment.common] [tid: _ThreadID=76 _ThreadName=AutoDeployer] [timeMillis: 1766785154789] [levelValue: 800] [[
  visiting unvisited references]]

[2025-12-26T15:39:14.789-0600] [glassfish 5.0] [INFO] [] [javax.enterprise.system.tools.deployment.common] [tid: _ThreadID=76 _ThreadName=AutoDeployer] [timeMillis: 1766785154789] [levelValue: 800] [[
  visiting unvisited references]]

[2025-12-26T15:39:14.992-0600] [glassfish 5.0] [INFO] [] [org.glassfish.tyrus.servlet.TyrusServletContainerInitializer] [tid: _ThreadID=76 _ThreadName=AutoDeployer] [timeMillis: 1766785154992] [levelValue: 800] [[
  Registering WebSocket filter for url pattern /*]]

[2025-12-26T15:39:15.014-0600] [glassfish 5.0] [INFO] [] [javax.enterprise.web] [tid: _ThreadID=76 _ThreadName=AutoDeployer] [timeMillis: 1766785155014] [levelValue: 800] [[
  WebModule[/spei] ServletContext.log():2 Spring WebApplicationInitializers detected on classpath]]

[2025-12-26T15:39:15.834-0600] [glassfish 5.0] [INFO] [] [] [tid: _ThreadID=76 _ThreadName=Thread-8] [timeMillis: 1766785155834] [levelValue: 800] [[
    .   ____          _            __ _ _]]

[2025-12-26T15:39:15.834-0600] [glassfish 5.0] [INFO] [] [] [tid: _ThreadID=76 _ThreadName=Thread-8] [timeMillis: 1766785155834] [levelValue: 800] [[
   /\\ / ___'_ __ _ _(_)_ __  __ _ \ \ \ \]]

[2025-12-26T15:39:15.834-0600] [glassfish 5.0] [INFO] [] [] [tid: _ThreadID=76 _ThreadName=Thread-8] [timeMillis: 1766785155834] [levelValue: 800] [[
  ( ( )\___ | '_ | '_| | '_ \/ _` | \ \ \ \]]

[2025-12-26T15:39:15.834-0600] [glassfish 5.0] [INFO] [] [] [tid: _ThreadID=76 _ThreadName=Thread-8] [timeMillis: 1766785155834] [levelValue: 800] [[
   \\/  ___)| |_)| | | | | || (_| |  ) ) ) )]]

[2025-12-26T15:39:15.834-0600] [glassfish 5.0] [INFO] [] [] [tid: _ThreadID=76 _ThreadName=Thread-8] [timeMillis: 1766785155834] [levelValue: 800] [[
    '  |____| .__|_| |_|_| |_\__, | / / / /]]

[2025-12-26T15:39:15.834-0600] [glassfish 5.0] [INFO] [] [] [tid: _ThreadID=76 _ThreadName=Thread-8] [timeMillis: 1766785155834] [levelValue: 800] [[
   =========|_|==============|___/=/_/_/_/]]

[2025-12-26T15:39:15.835-0600] [glassfish 5.0] [INFO] [] [] [tid: _ThreadID=76 _ThreadName=Thread-8] [timeMillis: 1766785155835] [levelValue: 800] [[
   :: Spring Boot ::                (v2.7.6)]]

[2025-12-26T15:39:16.001-0600] [glassfish 5.0] [INFO] [] [] [tid: _ThreadID=76 _ThreadName=Thread-8] [timeMillis: 1766785156001] [levelValue: 800] [[
  2025-12-26 15:39:15.997  INFO 2299778 --- [   AutoDeployer] fenoreste.spei.ServletInitializer        : Starting ServletInitializer using Java 1.8.0_231 on cajafama.coop with PID 2299778 (/home/stpserver/glassfish5/glassfish/domains/domain1/applications/spei/WEB-INF/classes/fenoreste/spei/ServletInitializer.class started by stpserver in /home/stpserver/glassfish5/glassfish/domains/domain1/config)
]]

[2025-12-26T15:39:16.002-0600] [glassfish 5.0] [INFO] [] [] [tid: _ThreadID=76 _ThreadName=Thread-8] [timeMillis: 1766785156002] [levelValue: 800] [[
  2025-12-26 15:39:16.002  INFO 2299778 --- [   AutoDeployer] fenoreste.spei.ServletInitializer        : No active profile set, falling back to 1 default profile: "default"
]]

[2025-12-26T15:39:16.941-0600] [glassfish 5.0] [INFO] [] [] [tid: _ThreadID=76 _ThreadName=Thread-8] [timeMillis: 1766785156941] [levelValue: 800] [[
  2025-12-26 15:39:16.941  INFO 2299778 --- [   AutoDeployer] .s.d.r.c.RepositoryConfigurationDelegate : Bootstrapping Spring Data JPA repositories in DEFAULT mode.
]]

[2025-12-26T15:39:17.108-0600] [glassfish 5.0] [INFO] [] [] [tid: _ThreadID=76 _ThreadName=Thread-8] [timeMillis: 1766785157108] [levelValue: 800] [[
  2025-12-26 15:39:17.108  INFO 2299778 --- [   AutoDeployer] .s.d.r.c.RepositoryConfigurationDelegate : Finished Spring Data repository scanning in 150 ms. Found 20 JPA repository interfaces.
]]

[2025-12-26T15:39:17.115-0600] [glassfish 5.0] [INFO] [] [] [tid: _ThreadID=76 _ThreadName=Thread-8] [timeMillis: 1766785157115] [levelValue: 800] [[
  2025-12-26 15:39:17.115  INFO 2299778 --- [   AutoDeployer] .s.d.r.c.RepositoryConfigurationDelegate : Bootstrapping Spring Data JPA repositories in DEFAULT mode.
]]

[2025-12-26T15:39:17.171-0600] [glassfish 5.0] [INFO] [] [] [tid: _ThreadID=76 _ThreadName=Thread-8] [timeMillis: 1766785157171] [levelValue: 800] [[
  2025-12-26 15:39:17.171  INFO 2299778 --- [   AutoDeployer] .s.d.r.c.RepositoryConfigurationDelegate : Finished Spring Data repository scanning in 55 ms. Found 20 JPA repository interfaces.
]]

[2025-12-26T15:39:18.140-0600] [glassfish 5.0] [INFO] [] [] [tid: _ThreadID=76 _ThreadName=Thread-8] [timeMillis: 1766785158140] [levelValue: 800] [[
  2025-12-26 15:39:18.139  INFO 2299778 --- [   AutoDeployer] trationDelegate$BeanPostProcessorChecker : Bean 'org.springframework.ws.config.annotation.DelegatingWsConfiguration' of type [org.springframework.ws.config.annotation.DelegatingWsConfiguration$$EnhancerBySpringCGLIB$$4f075e94] is not eligible for getting processed by all BeanPostProcessors (for example: not eligible for auto-proxying)
]]

[2025-12-26T15:39:18.200-0600] [glassfish 5.0] [INFO] [] [] [tid: _ThreadID=76 _ThreadName=Thread-8] [timeMillis: 1766785158200] [levelValue: 800] [[
  2025-12-26 15:39:18.200  INFO 2299778 --- [   AutoDeployer] .w.s.a.s.AnnotationActionEndpointMapping : Supporting [WS-Addressing August 2004, WS-Addressing 1.0]
]]

[2025-12-26T15:39:18.326-0600] [glassfish 5.0] [INFO] [] [javax.enterprise.web] [tid: _ThreadID=76 _ThreadName=AutoDeployer] [timeMillis: 1766785158326] [levelValue: 800] [[
  WebModule[/spei] ServletContext.log():Initializing Spring embedded WebApplicationContext]]

[2025-12-26T15:39:18.326-0600] [glassfish 5.0] [INFO] [] [] [tid: _ThreadID=76 _ThreadName=Thread-8] [timeMillis: 1766785158326] [levelValue: 800] [[
  2025-12-26 15:39:18.326  INFO 2299778 --- [   AutoDeployer] w.s.c.ServletWebServerApplicationContext : Root WebApplicationContext: initialization completed in 2227 ms
]]

[2025-12-26T15:39:18.820-0600] [glassfish 5.0] [INFO] [] [org.hibernate.jpa.internal.util.LogHelper] [tid: _ThreadID=76 _ThreadName=AutoDeployer] [timeMillis: 1766785158820] [levelValue: 800] [[
  HHH000204: Processing PersistenceUnitInfo [name: default]]]

[2025-12-26T15:39:19.003-0600] [glassfish 5.0] [INFO] [] [org.hibernate.Version] [tid: _ThreadID=76 _ThreadName=AutoDeployer] [timeMillis: 1766785159003] [levelValue: 800] [[
  HHH000412: Hibernate ORM core version 5.6.14.Final]]

[2025-12-26T15:39:19.413-0600] [glassfish 5.0] [INFO] [] [org.hibernate.annotations.common.Version] [tid: _ThreadID=76 _ThreadName=AutoDeployer] [timeMillis: 1766785159413] [levelValue: 800] [[
  HCANN000001: Hibernate Commons Annotations {5.1.2.Final}]]

[2025-12-26T15:39:19.839-0600] [glassfish 5.0] [INFO] [] [org.hibernate.dialect.Dialect] [tid: _ThreadID=76 _ThreadName=AutoDeployer] [timeMillis: 1766785159839] [levelValue: 800] [[
  HHH000400: Using dialect: org.hibernate.dialect.PostgreSQLDialect]]

[2025-12-26T15:39:19.915-0600] [glassfish 5.0] [INFO] [] [org.hibernate.orm.beans] [tid: _ThreadID=76 _ThreadName=AutoDeployer] [timeMillis: 1766785159915] [levelValue: 800] [[
  HHH10005002: No explicit CDI BeanManager reference was passed to Hibernate, but CDI is available on the Hibernate ClassLoader.]]

[2025-12-26T15:39:21.777-0600] [glassfish 5.0] [INFO] [] [org.hibernate.engine.transaction.jta.platform.internal.JtaPlatformInitiator] [tid: _ThreadID=76 _ThreadName=AutoDeployer] [timeMillis: 1766785161777] [levelValue: 800] [[
  HHH000490: Using JtaPlatform implementation: [org.hibernate.engine.transaction.jta.platform.internal.NoJtaPlatform]]]

[2025-12-26T15:39:21.798-0600] [glassfish 5.0] [INFO] [] [] [tid: _ThreadID=76 _ThreadName=Thread-8] [timeMillis: 1766785161798] [levelValue: 800] [[
  2025-12-26 15:39:21.798  INFO 2299778 --- [   AutoDeployer] j.LocalContainerEntityManagerFactoryBean : Initialized JPA EntityManagerFactory for persistence unit 'default'
]]

[2025-12-26T15:39:23.052-0600] [glassfish 5.0] [INFO] [] [] [tid: _ThreadID=76 _ThreadName=Thread-8] [timeMillis: 1766785163052] [levelValue: 800] [[
  2025-12-26 15:39:23.052  INFO 2299778 --- [   AutoDeployer] f.a.AutowiredAnnotationBeanPostProcessor : Autowired annotation is not supported on static fields: private static org.springframework.web.client.RestTemplate fenoreste.spei.consumo.ConsumoCsnTDD.restTemplate
]]

[2025-12-26T15:39:23.372-0600] [glassfish 5.0] [INFO] [] [] [tid: _ThreadID=76 _ThreadName=Thread-8] [timeMillis: 1766785163372] [levelValue: 800] [[
  2025-12-26 15:39:23.371  WARN 2299778 --- [   AutoDeployer] JpaBaseConfiguration$JpaWebConfiguration : spring.jpa.open-in-view is enabled by default. Therefore, database queries may be performed during view rendering. Explicitly configure spring.jpa.open-in-view to disable this warning
]]

[2025-12-26T15:39:23.882-0600] [glassfish 5.0] [INFO] [] [] [tid: _ThreadID=76 _ThreadName=Thread-8] [timeMillis: 1766785163882] [levelValue: 800] [[
  2025-12-26 15:39:23.882  INFO 2299778 --- [   AutoDeployer] o.s.s.web.DefaultSecurityFilterChain     : Will secure any request with [org.springframework.security.web.session.DisableEncodeUrlFilter@6eaf309c, org.springframework.security.web.context.request.async.WebAsyncManagerIntegrationFilter@1aa612fc, org.springframework.security.web.context.SecurityContextPersistenceFilter@66ddb17e, org.springframework.security.web.header.HeaderWriterFilter@2c89d6ac, org.springframework.security.web.authentication.logout.LogoutFilter@67789c67, org.springframework.security.web.authentication.www.BasicAuthenticationFilter@7bfe0d4c, org.springframework.security.web.savedrequest.RequestCacheAwareFilter@38393c5a, org.springframework.security.web.servletapi.SecurityContextHolderAwareRequestFilter@10b5743a, org.springframework.security.web.authentication.AnonymousAuthenticationFilter@59b71f50, org.springframework.security.web.session.SessionManagementFilter@83b53a9, org.springframework.security.web.access.ExceptionTranslationFilter@3c77c3a9, org.springframework.security.web.access.intercept.FilterSecurityInterceptor@6f9928cf]
]]

[2025-12-26T15:39:24.617-0600] [glassfish 5.0] [INFO] [] [] [tid: _ThreadID=76 _ThreadName=Thread-8] [timeMillis: 1766785164617] [levelValue: 800] [[
  2025-12-26 15:39:24.617  INFO 2299778 --- [   AutoDeployer] fenoreste.spei.ServletInitializer        : Started ServletInitializer in 9.441 seconds (JVM running for 881290.856)
]]

[2025-12-26T15:39:24.627-0600] [glassfish 5.0] [INFO] [jsf.config.listener.version] [javax.enterprise.resource.webcontainer.jsf.config] [tid: _ThreadID=76 _ThreadName=AutoDeployer] [timeMillis: 1766785164627] [levelValue: 800] [[
  Inicializando Mojarra 2.3.2 ( 20170627-2139 e63598abf2ed2bb1a24674f308a734e0dce18a72) para el contexto '/spei']]

[2025-12-26T15:39:24.806-0600] [glassfish 5.0] [SEVERE] [] [javax.enterprise.web] [tid: _ThreadID=76 _ThreadName=AutoDeployer] [timeMillis: 1766785164806] [levelValue: 1000] [[
  WebModule[/spei]Exception starting filter Tomcat WebSocket &amp;&#x23;x28&#x3b;JSR356&amp;&#x23;x29&#x3b; Filter
java.lang.InstantiationException
	at org.apache.catalina.core.ApplicationFilterConfig.<init>(ApplicationFilterConfig.java:86)
	at org.apache.catalina.core.StandardContext.filterStart(StandardContext.java:4941)
	at org.apache.catalina.core.StandardContext.start(StandardContext.java:5585)
	at com.sun.enterprise.web.WebModule.start(WebModule.java:540)
	at org.apache.catalina.core.ContainerBase.addChildInternal(ContainerBase.java:877)
	at org.apache.catalina.core.ContainerBase.addChild(ContainerBase.java:860)
	at org.apache.catalina.core.StandardHost.addChild(StandardHost.java:644)
	at com.sun.enterprise.web.WebContainer.loadWebModule(WebContainer.java:2044)
	at com.sun.enterprise.web.WebContainer.loadWebModule(WebContainer.java:1690)
	at com.sun.enterprise.web.WebApplication.start(WebApplication.java:107)
	at org.glassfish.internal.data.EngineRef.start(EngineRef.java:122)
	at org.glassfish.internal.data.ModuleInfo.start(ModuleInfo.java:291)
	at org.glassfish.internal.data.ApplicationInfo.start(ApplicationInfo.java:352)
	at com.sun.enterprise.v3.server.ApplicationLifecycle.deploy(ApplicationLifecycle.java:500)
	at com.sun.enterprise.v3.server.ApplicationLifecycle.deploy(ApplicationLifecycle.java:219)
	at org.glassfish.deployment.admin.DeployCommand.execute(DeployCommand.java:491)
	at com.sun.enterprise.v3.admin.CommandRunnerImpl$2$1.run(CommandRunnerImpl.java:540)
	at com.sun.enterprise.v3.admin.CommandRunnerImpl$2$1.run(CommandRunnerImpl.java:536)
	at java.security.AccessController.doPrivileged(Native Method)
	at javax.security.auth.Subject.doAs(Subject.java:360)
	at com.sun.enterprise.v3.admin.CommandRunnerImpl$2.execute(CommandRunnerImpl.java:535)
	at com.sun.enterprise.v3.admin.CommandRunnerImpl$3.run(CommandRunnerImpl.java:566)
	at com.sun.enterprise.v3.admin.CommandRunnerImpl$3.run(CommandRunnerImpl.java:558)
	at java.security.AccessController.doPrivileged(Native Method)
	at javax.security.auth.Subject.doAs(Subject.java:360)
	at com.sun.enterprise.v3.admin.CommandRunnerImpl.doCommand(CommandRunnerImpl.java:557)
	at com.sun.enterprise.v3.admin.CommandRunnerImpl.doCommand(CommandRunnerImpl.java:1465)
	at com.sun.enterprise.v3.admin.CommandRunnerImpl.access$1300(CommandRunnerImpl.java:110)
	at com.sun.enterprise.v3.admin.CommandRunnerImpl$ExecutionContext.execute(CommandRunnerImpl.java:1847)
	at org.glassfish.deployment.autodeploy.AutoOperation.run(AutoOperation.java:164)
	at org.glassfish.deployment.autodeploy.AutoDeployer.deploy(AutoDeployer.java:597)
	at org.glassfish.deployment.autodeploy.AutoDeployer.deployAll(AutoDeployer.java:484)
	at org.glassfish.deployment.autodeploy.AutoDeployer.run(AutoDeployer.java:412)
	at org.glassfish.deployment.autodeploy.AutoDeployer.run(AutoDeployer.java:403)
	at org.glassfish.deployment.autodeploy.AutoDeployService$1.run(AutoDeployService.java:233)
	at java.util.TimerThread.mainLoop(Timer.java:555)
	at java.util.TimerThread.run(Timer.java:505)
Caused by: java.lang.ClassCastException: org.glassfish.tyrus.servlet.TyrusServletContainerInitializer$2 cannot be cast to org.apache.tomcat.websocket.server.WsServerContainer
	at org.apache.tomcat.websocket.server.WsFilter.init(WsFilter.java:41)
	at javax.servlet.GenericFilter.init(GenericFilter.java:212)
	at org.apache.catalina.core.ApplicationFilterConfig.getFilter(ApplicationFilterConfig.java:226)
	at org.apache.catalina.core.ApplicationFilterConfig.<init>(ApplicationFilterConfig.java:82)
	... 36 more
]]

[2025-12-26T15:39:24.806-0600] [glassfish 5.0] [WARNING] [] [org.glassfish.tyrus.server.TyrusServerConfiguration] [tid: _ThreadID=76 _ThreadName=AutoDeployer] [timeMillis: 1766785164806] [levelValue: 900] [[
  org.apache.tomcat.websocket.pojo.PojoEndpointBase: Deployed class can't be abstract nor interface. The class will not be deployed.]]

[2025-12-26T15:39:24.808-0600] [glassfish 5.0] [INFO] [AS-WEB-GLUE-00172] [javax.enterprise.web] [tid: _ThreadID=76 _ThreadName=AutoDeployer] [timeMillis: 1766785164808] [levelValue: 800] [[
  Loading application [spei] at [/spei]]]

[2025-12-26T15:39:24.870-0600] [glassfish 5.0] [INFO] [] [javax.enterprise.system.core] [tid: _ThreadID=76 _ThreadName=AutoDeployer] [timeMillis: 1766785164870] [levelValue: 800] [[
  spei was successfully deployed in 14,163 milliseconds.]]

[2025-12-26T15:39:24.871-0600] [glassfish 5.0] [INFO] [NCLS-DEPLOYMENT-02035] [javax.enterprise.system.tools.deployment.autodeploy] [tid: _ThreadID=76 _ThreadName=AutoDeployer] [timeMillis: 1766785164871] [levelValue: 800] [[
  [AutoDeploy] Successfully autodeployed : /home/stpserver/glassfish5/glassfish/domains/domain1/autodeploy/spei.war.]]

[2025-12-26T15:39:24.871-0600] [glassfish 5.0] [WARNING] [NCLS-DEPLOYMENT-02041] [javax.enterprise.system.tools.deployment.autodeploy] [tid: _ThreadID=76 _ThreadName=AutoDeployer] [timeMillis: 1766785164871] [levelValue: 900] [[
  Attempt to create file /home/stpserver/glassfish5/glassfish/domains/domain1/autodeploy/.autodeploystatus/spei.war failed; no further information.]]

[2025-12-27T03:00:00.009-0600] [glassfish 5.0] [INFO] [] [] [tid: _ThreadID=3204 _ThreadName=Thread-8] [timeMillis: 1766826000009] [levelValue: 800] [[
  2025-12-27 03:00:00.008  INFO 2299778 --- [   scheduling-1] .s.a.AnnotationAsyncExecutionInterceptor : More than one TaskExecutor bean found within the context, and none is named 'taskExecutor'. Mark one of them as primary or name it 'taskExecutor' (possibly as an alias) in order to use it for async processing: [threadPoolTaskExecutor, taskScheduler]
]]

[2025-12-27T03:00:00.019-0600] [glassfish 5.0] [INFO] [] [] [tid: _ThreadID=3356 _ThreadName=Thread-8] [timeMillis: 1766826000019] [levelValue: 800] [[
  ::::::::::::Vamos a eliminar cache temporales:::::::::::::::::::::::]]

[2025-12-28T03:00:00.002-0600] [glassfish 5.0] [INFO] [] [] [tid: _ThreadID=3645 _ThreadName=Thread-8] [timeMillis: 1766912400002] [levelValue: 800] [[
  ::::::::::::Vamos a eliminar cache temporales:::::::::::::::::::::::]]

[2025-12-29T03:00:00.001-0600] [glassfish 5.0] [INFO] [] [] [tid: _ThreadID=3934 _ThreadName=Thread-8] [timeMillis: 1766998800001] [levelValue: 800] [[
  ::::::::::::Vamos a eliminar cache temporales:::::::::::::::::::::::]]

[2025-12-29T15:33:04.832-0600] [] [INFO] [NCLS-GFLAUNCHER-00005] [javax.enterprise.launcher] [tid: _ThreadID=1 _ThreadName=main] [timeMillis: 1767043984832] [levelValue: 800] [[
  JVM invocation command line:
/usr/java/jdk1.8.0_231-amd64/bin/java
-cp
/home/stpserver/glassfish5/glassfish/modules/glassfish.jar
-XX:+UnlockDiagnosticVMOptions
-XX:NewRatio=2
-XX:MaxPermSize=192m
-Xmx512m
-javaagent:/home/stpserver/glassfish5/glassfish/lib/monitor/flashlight-agent.jar
-client
-Djavax.xml.accessExternalSchema=all
-Djavax.net.ssl.trustStore=/home/stpserver/glassfish5/glassfish/domains/domain1/config/cacerts.jks
-Djdk.tls.rejectClientInitiatedRenegotiation=true
-Djdk.corba.allowOutputStreamSubclass=true
-Dfelix.fileinstall.dir=/home/stpserver/glassfish5/glassfish/modules/autostart/
-Dorg.glassfish.additionalOSGiBundlesToStart=org.apache.felix.shell,org.apache.felix.gogo.runtime,org.apache.felix.gogo.shell,org.apache.felix.gogo.command,org.apache.felix.shell.remote,org.apache.felix.fileinstall
-Dcom.sun.aas.installRoot=/home/stpserver/glassfish5/glassfish
-Dfelix.fileinstall.poll=5000
-Djava.endorsed.dirs=/home/stpserver/glassfish5/glassfish/modules/endorsed:/home/stpserver/glassfish5/glassfish/lib/endorsed
-Djava.security.policy=/home/stpserver/glassfish5/glassfish/domains/domain1/config/server.policy
-Dosgi.shell.telnet.maxconn=1
-Dfelix.fileinstall.bundles.startTransient=true
-Dcom.sun.enterprise.config.config_environment_factory_class=com.sun.enterprise.config.serverbeans.AppserverConfigEnvironmentFactory
-Dfelix.fileinstall.log.level=2
-Djavax.net.ssl.keyStore=/home/stpserver/glassfish5/glassfish/domains/domain1/config/keystore.jks
-Djava.security.auth.login.config=/home/stpserver/glassfish5/glassfish/domains/domain1/config/login.conf
-Dfelix.fileinstall.disableConfigSave=false
-Dfelix.fileinstall.bundles.new.start=true
-Dcom.sun.aas.instanceRoot=/home/stpserver/glassfish5/glassfish/domains/domain1
-Dosgi.shell.telnet.port=6666
-Dgosh.args=--nointeractive
-Dcom.sun.enterprise.security.httpsOutboundKeyAlias=s1as
-Dosgi.shell.telnet.ip=127.0.0.1
-DANTLR_USE_DIRECT_CLASS_LOADING=true
-Djava.awt.headless=true
-Dcom.ctc.wstx.returnNullForDefaultNamespace=true
-Djava.ext.dirs=/usr/java/jdk1.8.0_231-amd64/lib/ext:/usr/java/jdk1.8.0_231-amd64/jre/lib/ext:/home/stpserver/glassfish5/glassfish/domains/domain1/lib/ext
-Djdbc.drivers=org.apache.derby.jdbc.ClientDriver
-Djava.library.path=/home/stpserver/glassfish5/glassfish/lib:/usr/java/packages/lib/amd64:/usr/lib64:/lib64:/lib:/usr/lib
com.sun.enterprise.glassfish.bootstrap.ASMain
-upgrade
false
-domaindir
/home/stpserver/glassfish5/glassfish/domains/domain1
-read-stdin
true
-asadmin-args
--host,,,localhost,,,--port,,,4848,,,--secure=false,,,--terse=false,,,--echo=false,,,--interactive=true,,,start-domain,,,--verbose=true,,,--watchdog=false,,,--debug=false,,,--domaindir,,,/home/stpserver/glassfish5/glassfish/domains,,,domain1
-domainname
domain1
-instancename
server
-type
DAS
-verbose
true
-asadmin-classpath
/home/stpserver/glassfish5/glassfish/lib/client/appserver-cli.jar
-debug
false
-asadmin-classname
com.sun.enterprise.admin.cli.AdminMain]]

[2025-12-29T15:33:07.096-0600] [glassfish 5.0] [INFO] [NCLS-LOGGING-00009] [javax.enterprise.logging] [tid: _ThreadID=42 _ThreadName=RunLevelControllerThread-1767043986983] [timeMillis: 1767043987096] [levelValue: 800] [[
  Running GlassFish Version: GlassFish Server Open Source Edition  5.0.1  (build 5)]]

[2025-12-29T15:33:07.097-0600] [glassfish 5.0] [INFO] [NCLS-LOGGING-00010] [javax.enterprise.logging] [tid: _ThreadID=42 _ThreadName=RunLevelControllerThread-1767043986983] [timeMillis: 1767043987097] [levelValue: 800] [[
  Server log file is using Formatter class: com.sun.enterprise.server.logging.ODLLogFormatter]]

[2025-12-29T15:33:07.217-0600] [glassfish 5.0] [INFO] [NCLS-SECURITY-01115] [javax.enterprise.system.core.security] [tid: _ThreadID=43 _ThreadName=RunLevelControllerThread-1767043986991] [timeMillis: 1767043987217] [levelValue: 800] [[
  Realm [admin-realm] of classtype [com.sun.enterprise.security.auth.realm.file.FileRealm] successfully created.]]

[2025-12-29T15:33:07.219-0600] [glassfish 5.0] [INFO] [NCLS-SECURITY-01115] [javax.enterprise.system.core.security] [tid: _ThreadID=43 _ThreadName=RunLevelControllerThread-1767043986991] [timeMillis: 1767043987219] [levelValue: 800] [[
  Realm [file] of classtype [com.sun.enterprise.security.auth.realm.file.FileRealm] successfully created.]]

[2025-12-29T15:33:07.222-0600] [glassfish 5.0] [INFO] [NCLS-SECURITY-01115] [javax.enterprise.system.core.security] [tid: _ThreadID=43 _ThreadName=RunLevelControllerThread-1767043986991] [timeMillis: 1767043987222] [levelValue: 800] [[
  Realm [certificate] of classtype [com.sun.enterprise.security.auth.realm.certificate.CertificateRealm] successfully created.]]

[2025-12-29T15:33:07.424-0600] [glassfish 5.0] [INFO] [SEC-SVCS-00100] [javax.enterprise.security.services] [tid: _ThreadID=42 _ThreadName=RunLevelControllerThread-1767043986983] [timeMillis: 1767043987424] [levelValue: 800] [[
  Authorization Service has successfully initialized.]]

[2025-12-29T15:33:07.509-0600] [glassfish 5.0] [INFO] [] [org.glassfish.ha.store.spi.BackingStoreFactoryRegistry] [tid: _ThreadID=42 _ThreadName=RunLevelControllerThread-1767043986983] [timeMillis: 1767043987509] [levelValue: 800] [[
  Registered org.glassfish.ha.store.adapter.cache.ShoalBackingStoreProxy for persistence-type = replicated in BackingStoreFactoryRegistry]]

[2025-12-29T15:33:07.546-0600] [glassfish 5.0] [INFO] [jts.startup_msg] [javax.enterprise.system.core.transaction.com.sun.jts.CosTransactions] [tid: _ThreadID=41 _ThreadName=RunLevelControllerThread-1767043986982] [timeMillis: 1767043987546] [levelValue: 800] [[
  JTS5014: Recoverable JTS instance, serverId = [100]]]

[2025-12-29T15:33:07.611-0600] [glassfish 5.0] [INFO] [NCLS-CORE-00087] [javax.enterprise.system.core] [tid: _ThreadID=43 _ThreadName=RunLevelControllerThread-1767043986991] [timeMillis: 1767043987611] [levelValue: 800] [[
  Grizzly Framework 2.4.3 started in: 20ms - bound to [/0.0.0.0:8080]]]

[2025-12-29T15:33:07.636-0600] [glassfish 5.0] [INFO] [NCLS-CORE-00087] [javax.enterprise.system.core] [tid: _ThreadID=43 _ThreadName=RunLevelControllerThread-1767043986991] [timeMillis: 1767043987636] [levelValue: 800] [[
  Grizzly Framework 2.4.3 started in: 1ms - bound to [/0.0.0.0:8086]]]

[2025-12-29T15:33:07.644-0600] [glassfish 5.0] [INFO] [NCLS-CORE-00087] [javax.enterprise.system.core] [tid: _ThreadID=43 _ThreadName=RunLevelControllerThread-1767043986991] [timeMillis: 1767043987644] [levelValue: 800] [[
  Grizzly Framework 2.4.3 started in: 1ms - bound to [/0.0.0.0:4848]]]

[2025-12-29T15:33:07.697-0600] [glassfish 5.0] [INFO] [NCLS-CORE-00087] [javax.enterprise.system.core] [tid: _ThreadID=44 _ThreadName=RunLevelControllerThread-1767043986991] [timeMillis: 1767043987697] [levelValue: 800] [[
  Grizzly Framework 2.4.3 started in: 0ms - bound to [/0.0.0.0:3700]]]

[2025-12-29T15:33:07.807-0600] [glassfish 5.0] [SEVERE] [] [javax.enterprise.system.tools.deployment.common] [tid: _ThreadID=84 _ThreadName=deployment-jar-scanner] [timeMillis: 1767043987807] [levelValue: 1000] [[
  Exception while visiting META-INF/versions/11/module-info.class of size 722
java.lang.IllegalArgumentException
	at org.glassfish.hk2.external.org.objectweb.asm.ClassReader.<init>(ClassReader.java:160)
	at org.glassfish.hk2.external.org.objectweb.asm.ClassReader.<init>(ClassReader.java:143)
	at org.glassfish.hk2.external.org.objectweb.asm.ClassReader.<init>(ClassReader.java:418)
	at org.glassfish.hk2.classmodel.reflect.Parser$5.on(Parser.java:359)
	at com.sun.enterprise.v3.server.ReadableArchiveScannerAdapter.handleEntry(ReadableArchiveScannerAdapter.java:165)
	at com.sun.enterprise.v3.server.ReadableArchiveScannerAdapter.onSelectedEntries(ReadableArchiveScannerAdapter.java:127)
	at org.glassfish.hk2.classmodel.reflect.Parser.doJob(Parser.java:345)
	at org.glassfish.hk2.classmodel.reflect.Parser.access$300(Parser.java:68)
	at org.glassfish.hk2.classmodel.reflect.Parser$3.call(Parser.java:304)
	at org.glassfish.hk2.classmodel.reflect.Parser$3.call(Parser.java:293)
	at java.util.concurrent.FutureTask.run(FutureTask.java:266)
	at java.util.concurrent.ThreadPoolExecutor.runWorker(ThreadPoolExecutor.java:1149)
	at java.util.concurrent.ThreadPoolExecutor$Worker.run(ThreadPoolExecutor.java:624)
	at java.lang.Thread.run(Thread.java:748)
]]

[2025-12-29T15:33:08.675-0600] [glassfish 5.0] [INFO] [] [javax.enterprise.system.tools.deployment.common] [tid: _ThreadID=41 _ThreadName=RunLevelControllerThread-1767043986982] [timeMillis: 1767043988675] [levelValue: 800] [[
  visiting unvisited references]]

[2025-12-29T15:33:09.194-0600] [glassfish 5.0] [INFO] [NCLS-SECURITY-01002] [javax.enterprise.system.core.security] [tid: _ThreadID=41 _ThreadName=RunLevelControllerThread-1767043986982] [timeMillis: 1767043989194] [levelValue: 800] [[
  Java security manager is disabled.]]

[2025-12-29T15:33:09.194-0600] [glassfish 5.0] [INFO] [NCLS-SECURITY-01010] [javax.enterprise.system.core.security] [tid: _ThreadID=41 _ThreadName=RunLevelControllerThread-1767043986982] [timeMillis: 1767043989194] [levelValue: 800] [[
  Entering Security Startup Service.]]

[2025-12-29T15:33:09.197-0600] [glassfish 5.0] [INFO] [NCLS-SECURITY-01143] [javax.enterprise.system.core.security] [tid: _ThreadID=41 _ThreadName=RunLevelControllerThread-1767043986982] [timeMillis: 1767043989197] [levelValue: 800] [[
  Loading policy provider com.sun.enterprise.security.provider.PolicyWrapper.]]

[2025-12-29T15:33:09.238-0600] [glassfish 5.0] [INFO] [NCLS-SECURITY-01011] [javax.enterprise.system.core.security] [tid: _ThreadID=41 _ThreadName=RunLevelControllerThread-1767043986982] [timeMillis: 1767043989238] [levelValue: 800] [[
  Security Service(s) started successfully.]]

[2025-12-29T15:33:09.439-0600] [glassfish 5.0] [INFO] [AS-WEB-GLUE-00198] [javax.enterprise.web] [tid: _ThreadID=41 _ThreadName=RunLevelControllerThread-1767043986982] [timeMillis: 1767043989439] [levelValue: 800] [[
  Created HTTP listener http-listener-1 on host/port 0.0.0.0:8080]]

[2025-12-29T15:33:09.444-0600] [glassfish 5.0] [INFO] [AS-WEB-GLUE-00198] [javax.enterprise.web] [tid: _ThreadID=41 _ThreadName=RunLevelControllerThread-1767043986982] [timeMillis: 1767043989444] [levelValue: 800] [[
  Created HTTP listener http-listener-2 on host/port 0.0.0.0:8086]]

[2025-12-29T15:33:09.449-0600] [glassfish 5.0] [INFO] [AS-WEB-GLUE-00198] [javax.enterprise.web] [tid: _ThreadID=41 _ThreadName=RunLevelControllerThread-1767043986982] [timeMillis: 1767043989449] [levelValue: 800] [[
  Created HTTP listener admin-listener on host/port 0.0.0.0:4848]]

[2025-12-29T15:33:09.471-0600] [glassfish 5.0] [INFO] [AS-WEB-GLUE-00200] [javax.enterprise.web] [tid: _ThreadID=41 _ThreadName=RunLevelControllerThread-1767043986982] [timeMillis: 1767043989471] [levelValue: 800] [[
  Created virtual server server]]

[2025-12-29T15:33:09.477-0600] [glassfish 5.0] [INFO] [AS-WEB-GLUE-00200] [javax.enterprise.web] [tid: _ThreadID=41 _ThreadName=RunLevelControllerThread-1767043986982] [timeMillis: 1767043989477] [levelValue: 800] [[
  Created virtual server __asadmin]]

[2025-12-29T15:33:09.738-0600] [glassfish 5.0] [INFO] [AS-WEB-CORE-00306] [javax.enterprise.web.core] [tid: _ThreadID=41 _ThreadName=RunLevelControllerThread-1767043986982] [timeMillis: 1767043989738] [levelValue: 800] [[
  Setting JAAS app name glassfish-web]]

[2025-12-29T15:33:09.739-0600] [glassfish 5.0] [INFO] [AS-WEB-GLUE-00201] [javax.enterprise.web] [tid: _ThreadID=41 _ThreadName=RunLevelControllerThread-1767043986982] [timeMillis: 1767043989739] [levelValue: 800] [[
  Virtual server server loaded default web module ]]

[2025-12-29T15:33:10.014-0600] [glassfish 5.0] [INFO] [] [javax.enterprise.system.tools.deployment.common] [tid: _ThreadID=41 _ThreadName=RunLevelControllerThread-1767043986982] [timeMillis: 1767043990014] [levelValue: 800] [[
  visiting unvisited references]]

[2025-12-29T15:33:10.310-0600] [glassfish 5.0] [INFO] [] [javax.enterprise.system.tools.deployment.common] [tid: _ThreadID=41 _ThreadName=RunLevelControllerThread-1767043986982] [timeMillis: 1767043990310] [levelValue: 800] [[
  visiting unvisited references]]

[2025-12-29T15:33:10.312-0600] [glassfish 5.0] [INFO] [] [javax.enterprise.system.tools.deployment.common] [tid: _ThreadID=41 _ThreadName=RunLevelControllerThread-1767043986982] [timeMillis: 1767043990312] [levelValue: 800] [[
  visiting unvisited references]]

[2025-12-29T15:33:10.313-0600] [glassfish 5.0] [INFO] [] [javax.enterprise.system.tools.deployment.common] [tid: _ThreadID=41 _ThreadName=RunLevelControllerThread-1767043986982] [timeMillis: 1767043990313] [levelValue: 800] [[
  visiting unvisited references]]

[2025-12-29T15:33:10.314-0600] [glassfish 5.0] [INFO] [] [javax.enterprise.system.tools.deployment.common] [tid: _ThreadID=41 _ThreadName=RunLevelControllerThread-1767043986982] [timeMillis: 1767043990314] [levelValue: 800] [[
  visiting unvisited references]]

[2025-12-29T15:33:10.315-0600] [glassfish 5.0] [INFO] [] [javax.enterprise.system.tools.deployment.common] [tid: _ThreadID=41 _ThreadName=RunLevelControllerThread-1767043986982] [timeMillis: 1767043990315] [levelValue: 800] [[
  visiting unvisited references]]

[2025-12-29T15:33:10.316-0600] [glassfish 5.0] [INFO] [] [javax.enterprise.system.tools.deployment.common] [tid: _ThreadID=41 _ThreadName=RunLevelControllerThread-1767043986982] [timeMillis: 1767043990316] [levelValue: 800] [[
  visiting unvisited references]]

[2025-12-29T15:33:10.317-0600] [glassfish 5.0] [INFO] [] [javax.enterprise.system.tools.deployment.common] [tid: _ThreadID=41 _ThreadName=RunLevelControllerThread-1767043986982] [timeMillis: 1767043990317] [levelValue: 800] [[
  visiting unvisited references]]

[2025-12-29T15:33:10.318-0600] [glassfish 5.0] [INFO] [] [javax.enterprise.system.tools.deployment.common] [tid: _ThreadID=41 _ThreadName=RunLevelControllerThread-1767043986982] [timeMillis: 1767043990318] [levelValue: 800] [[
  visiting unvisited references]]

[2025-12-29T15:33:10.318-0600] [glassfish 5.0] [INFO] [] [javax.enterprise.system.tools.deployment.common] [tid: _ThreadID=41 _ThreadName=RunLevelControllerThread-1767043986982] [timeMillis: 1767043990318] [levelValue: 800] [[
  visiting unvisited references]]

[2025-12-29T15:33:10.320-0600] [glassfish 5.0] [INFO] [] [javax.enterprise.system.tools.deployment.common] [tid: _ThreadID=41 _ThreadName=RunLevelControllerThread-1767043986982] [timeMillis: 1767043990320] [levelValue: 800] [[
  visiting unvisited references]]

[2025-12-29T15:33:10.321-0600] [glassfish 5.0] [INFO] [] [javax.enterprise.system.tools.deployment.common] [tid: _ThreadID=41 _ThreadName=RunLevelControllerThread-1767043986982] [timeMillis: 1767043990321] [levelValue: 800] [[
  visiting unvisited references]]

[2025-12-29T15:33:10.404-0600] [glassfish 5.0] [SEVERE] [] [global] [tid: _ThreadID=41 _ThreadName=RunLevelControllerThread-1767043986982] [timeMillis: 1767043990404] [levelValue: 1000] [[
  Class [ com/querydsl/jpa/JPQLQuery ] not found. Error while loading [ class org.springframework.data.jpa.repository.support.QuerydslRepositorySupport ]]]

[2025-12-29T15:33:10.405-0600] [glassfish 5.0] [INFO] [] [javax.enterprise.system.tools.deployment.common] [tid: _ThreadID=41 _ThreadName=RunLevelControllerThread-1767043986982] [timeMillis: 1767043990405] [levelValue: 800] [[
  visiting unvisited references]]

[2025-12-29T15:33:10.405-0600] [glassfish 5.0] [INFO] [] [javax.enterprise.system.tools.deployment.common] [tid: _ThreadID=41 _ThreadName=RunLevelControllerThread-1767043986982] [timeMillis: 1767043990405] [levelValue: 800] [[
  visiting unvisited references]]

[2025-12-29T15:33:10.406-0600] [glassfish 5.0] [INFO] [] [javax.enterprise.system.tools.deployment.common] [tid: _ThreadID=41 _ThreadName=RunLevelControllerThread-1767043986982] [timeMillis: 1767043990406] [levelValue: 800] [[
  visiting unvisited references]]

[2025-12-29T15:33:10.407-0600] [glassfish 5.0] [INFO] [] [javax.enterprise.system.tools.deployment.common] [tid: _ThreadID=41 _ThreadName=RunLevelControllerThread-1767043986982] [timeMillis: 1767043990407] [levelValue: 800] [[
  visiting unvisited references]]

[2025-12-29T15:33:10.408-0600] [glassfish 5.0] [INFO] [] [javax.enterprise.system.tools.deployment.common] [tid: _ThreadID=41 _ThreadName=RunLevelControllerThread-1767043986982] [timeMillis: 1767043990408] [levelValue: 800] [[
  visiting unvisited references]]

[2025-12-29T15:33:10.409-0600] [glassfish 5.0] [INFO] [] [javax.enterprise.system.tools.deployment.common] [tid: _ThreadID=41 _ThreadName=RunLevelControllerThread-1767043986982] [timeMillis: 1767043990409] [levelValue: 800] [[
  visiting unvisited references]]

[2025-12-29T15:33:10.410-0600] [glassfish 5.0] [INFO] [] [javax.enterprise.system.tools.deployment.common] [tid: _ThreadID=41 _ThreadName=RunLevelControllerThread-1767043986982] [timeMillis: 1767043990410] [levelValue: 800] [[
  visiting unvisited references]]

[2025-12-29T15:33:10.411-0600] [glassfish 5.0] [INFO] [] [javax.enterprise.system.tools.deployment.common] [tid: _ThreadID=41 _ThreadName=RunLevelControllerThread-1767043986982] [timeMillis: 1767043990411] [levelValue: 800] [[
  visiting unvisited references]]

[2025-12-29T15:33:10.411-0600] [glassfish 5.0] [INFO] [] [javax.enterprise.system.tools.deployment.common] [tid: _ThreadID=41 _ThreadName=RunLevelControllerThread-1767043986982] [timeMillis: 1767043990411] [levelValue: 800] [[
  visiting unvisited references]]

[2025-12-29T15:33:10.412-0600] [glassfish 5.0] [INFO] [] [javax.enterprise.system.tools.deployment.common] [tid: _ThreadID=41 _ThreadName=RunLevelControllerThread-1767043986982] [timeMillis: 1767043990412] [levelValue: 800] [[
  visiting unvisited references]]

[2025-12-29T15:33:10.413-0600] [glassfish 5.0] [INFO] [] [javax.enterprise.system.tools.deployment.common] [tid: _ThreadID=41 _ThreadName=RunLevelControllerThread-1767043986982] [timeMillis: 1767043990413] [levelValue: 800] [[
  visiting unvisited references]]

[2025-12-29T15:33:10.414-0600] [glassfish 5.0] [INFO] [] [javax.enterprise.system.tools.deployment.common] [tid: _ThreadID=41 _ThreadName=RunLevelControllerThread-1767043986982] [timeMillis: 1767043990414] [levelValue: 800] [[
  visiting unvisited references]]

[2025-12-29T15:33:10.415-0600] [glassfish 5.0] [INFO] [] [javax.enterprise.system.tools.deployment.common] [tid: _ThreadID=41 _ThreadName=RunLevelControllerThread-1767043986982] [timeMillis: 1767043990415] [levelValue: 800] [[
  visiting unvisited references]]

[2025-12-29T15:33:10.415-0600] [glassfish 5.0] [INFO] [] [javax.enterprise.system.tools.deployment.common] [tid: _ThreadID=41 _ThreadName=RunLevelControllerThread-1767043986982] [timeMillis: 1767043990415] [levelValue: 800] [[
  visiting unvisited references]]

[2025-12-29T15:33:10.416-0600] [glassfish 5.0] [INFO] [] [javax.enterprise.system.tools.deployment.common] [tid: _ThreadID=41 _ThreadName=RunLevelControllerThread-1767043986982] [timeMillis: 1767043990416] [levelValue: 800] [[
  visiting unvisited references]]

[2025-12-29T15:33:10.417-0600] [glassfish 5.0] [INFO] [] [javax.enterprise.system.tools.deployment.common] [tid: _ThreadID=41 _ThreadName=RunLevelControllerThread-1767043986982] [timeMillis: 1767043990417] [levelValue: 800] [[
  visiting unvisited references]]

[2025-12-29T15:33:10.417-0600] [glassfish 5.0] [INFO] [] [javax.enterprise.system.tools.deployment.common] [tid: _ThreadID=41 _ThreadName=RunLevelControllerThread-1767043986982] [timeMillis: 1767043990417] [levelValue: 800] [[
  visiting unvisited references]]

[2025-12-29T15:33:10.418-0600] [glassfish 5.0] [INFO] [] [javax.enterprise.system.tools.deployment.common] [tid: _ThreadID=41 _ThreadName=RunLevelControllerThread-1767043986982] [timeMillis: 1767043990418] [levelValue: 800] [[
  visiting unvisited references]]

[2025-12-29T15:33:10.419-0600] [glassfish 5.0] [INFO] [] [javax.enterprise.system.tools.deployment.common] [tid: _ThreadID=41 _ThreadName=RunLevelControllerThread-1767043986982] [timeMillis: 1767043990419] [levelValue: 800] [[
  visiting unvisited references]]

[2025-12-29T15:33:10.420-0600] [glassfish 5.0] [INFO] [] [javax.enterprise.system.tools.deployment.common] [tid: _ThreadID=41 _ThreadName=RunLevelControllerThread-1767043986982] [timeMillis: 1767043990420] [levelValue: 800] [[
  visiting unvisited references]]

[2025-12-29T15:33:10.420-0600] [glassfish 5.0] [INFO] [] [javax.enterprise.system.tools.deployment.common] [tid: _ThreadID=41 _ThreadName=RunLevelControllerThread-1767043986982] [timeMillis: 1767043990420] [levelValue: 800] [[
  visiting unvisited references]]

[2025-12-29T15:33:10.421-0600] [glassfish 5.0] [INFO] [] [javax.enterprise.system.tools.deployment.common] [tid: _ThreadID=41 _ThreadName=RunLevelControllerThread-1767043986982] [timeMillis: 1767043990421] [levelValue: 800] [[
  visiting unvisited references]]

[2025-12-29T15:33:10.421-0600] [glassfish 5.0] [INFO] [] [javax.enterprise.system.tools.deployment.common] [tid: _ThreadID=41 _ThreadName=RunLevelControllerThread-1767043986982] [timeMillis: 1767043990421] [levelValue: 800] [[
  visiting unvisited references]]

[2025-12-29T15:33:10.421-0600] [glassfish 5.0] [INFO] [] [javax.enterprise.system.tools.deployment.common] [tid: _ThreadID=41 _ThreadName=RunLevelControllerThread-1767043986982] [timeMillis: 1767043990421] [levelValue: 800] [[
  visiting unvisited references]]

[2025-12-29T15:33:10.421-0600] [glassfish 5.0] [INFO] [] [javax.enterprise.system.tools.deployment.common] [tid: _ThreadID=41 _ThreadName=RunLevelControllerThread-1767043986982] [timeMillis: 1767043990421] [levelValue: 800] [[
  visiting unvisited references]]

[2025-12-29T15:33:10.422-0600] [glassfish 5.0] [INFO] [] [javax.enterprise.system.tools.deployment.common] [tid: _ThreadID=41 _ThreadName=RunLevelControllerThread-1767043986982] [timeMillis: 1767043990422] [levelValue: 800] [[
  visiting unvisited references]]

[2025-12-29T15:33:10.422-0600] [glassfish 5.0] [INFO] [] [javax.enterprise.system.tools.deployment.common] [tid: _ThreadID=41 _ThreadName=RunLevelControllerThread-1767043986982] [timeMillis: 1767043990422] [levelValue: 800] [[
  visiting unvisited references]]

[2025-12-29T15:33:10.422-0600] [glassfish 5.0] [INFO] [] [javax.enterprise.system.tools.deployment.common] [tid: _ThreadID=41 _ThreadName=RunLevelControllerThread-1767043986982] [timeMillis: 1767043990422] [levelValue: 800] [[
  visiting unvisited references]]

[2025-12-29T15:33:10.423-0600] [glassfish 5.0] [INFO] [] [javax.enterprise.system.tools.deployment.common] [tid: _ThreadID=41 _ThreadName=RunLevelControllerThread-1767043986982] [timeMillis: 1767043990423] [levelValue: 800] [[
  visiting unvisited references]]

[2025-12-29T15:33:10.423-0600] [glassfish 5.0] [INFO] [] [javax.enterprise.system.tools.deployment.common] [tid: _ThreadID=41 _ThreadName=RunLevelControllerThread-1767043986982] [timeMillis: 1767043990423] [levelValue: 800] [[
  visiting unvisited references]]

[2025-12-29T15:33:10.423-0600] [glassfish 5.0] [INFO] [] [javax.enterprise.system.tools.deployment.common] [tid: _ThreadID=41 _ThreadName=RunLevelControllerThread-1767043986982] [timeMillis: 1767043990423] [levelValue: 800] [[
  visiting unvisited references]]

[2025-12-29T15:33:10.425-0600] [glassfish 5.0] [INFO] [] [javax.enterprise.system.tools.deployment.common] [tid: _ThreadID=41 _ThreadName=RunLevelControllerThread-1767043986982] [timeMillis: 1767043990425] [levelValue: 800] [[
  visiting unvisited references]]

[2025-12-29T15:33:10.426-0600] [glassfish 5.0] [INFO] [] [javax.enterprise.system.tools.deployment.common] [tid: _ThreadID=41 _ThreadName=RunLevelControllerThread-1767043986982] [timeMillis: 1767043990426] [levelValue: 800] [[
  visiting unvisited references]]

[2025-12-29T15:33:10.427-0600] [glassfish 5.0] [INFO] [] [javax.enterprise.system.tools.deployment.common] [tid: _ThreadID=41 _ThreadName=RunLevelControllerThread-1767043986982] [timeMillis: 1767043990427] [levelValue: 800] [[
  visiting unvisited references]]

[2025-12-29T15:33:10.427-0600] [glassfish 5.0] [INFO] [] [javax.enterprise.system.tools.deployment.common] [tid: _ThreadID=41 _ThreadName=RunLevelControllerThread-1767043986982] [timeMillis: 1767043990427] [levelValue: 800] [[
  visiting unvisited references]]

[2025-12-29T15:33:10.428-0600] [glassfish 5.0] [INFO] [] [javax.enterprise.system.tools.deployment.common] [tid: _ThreadID=41 _ThreadName=RunLevelControllerThread-1767043986982] [timeMillis: 1767043990428] [levelValue: 800] [[
  visiting unvisited references]]

[2025-12-29T15:33:10.437-0600] [glassfish 5.0] [SEVERE] [] [global] [tid: _ThreadID=41 _ThreadName=RunLevelControllerThread-1767043986982] [timeMillis: 1767043990437] [levelValue: 1000] [[
  Class [ Lcom/unboundid/ldap/listener/InMemoryDirectoryServer; ] not found. Error while loading [ class org.springframework.boot.autoconfigure.ldap.embedded.EmbeddedLdapAutoConfiguration ]]]

[2025-12-29T15:33:10.437-0600] [glassfish 5.0] [INFO] [] [javax.enterprise.system.tools.deployment.common] [tid: _ThreadID=41 _ThreadName=RunLevelControllerThread-1767043986982] [timeMillis: 1767043990437] [levelValue: 800] [[
  visiting unvisited references]]

[2025-12-29T15:33:10.438-0600] [glassfish 5.0] [INFO] [] [javax.enterprise.system.tools.deployment.common] [tid: _ThreadID=41 _ThreadName=RunLevelControllerThread-1767043986982] [timeMillis: 1767043990438] [levelValue: 800] [[
  visiting unvisited references]]

[2025-12-29T15:33:10.439-0600] [glassfish 5.0] [INFO] [] [javax.enterprise.system.tools.deployment.common] [tid: _ThreadID=41 _ThreadName=RunLevelControllerThread-1767043986982] [timeMillis: 1767043990439] [levelValue: 800] [[
  visiting unvisited references]]

[2025-12-29T15:33:10.439-0600] [glassfish 5.0] [INFO] [] [javax.enterprise.system.tools.deployment.common] [tid: _ThreadID=41 _ThreadName=RunLevelControllerThread-1767043986982] [timeMillis: 1767043990439] [levelValue: 800] [[
  visiting unvisited references]]

[2025-12-29T15:33:10.440-0600] [glassfish 5.0] [INFO] [] [javax.enterprise.system.tools.deployment.common] [tid: _ThreadID=41 _ThreadName=RunLevelControllerThread-1767043986982] [timeMillis: 1767043990440] [levelValue: 800] [[
  visiting unvisited references]]

[2025-12-29T15:33:10.441-0600] [glassfish 5.0] [INFO] [] [javax.enterprise.system.tools.deployment.common] [tid: _ThreadID=41 _ThreadName=RunLevelControllerThread-1767043986982] [timeMillis: 1767043990441] [levelValue: 800] [[
  visiting unvisited references]]

[2025-12-29T15:33:10.442-0600] [glassfish 5.0] [INFO] [] [javax.enterprise.system.tools.deployment.common] [tid: _ThreadID=41 _ThreadName=RunLevelControllerThread-1767043986982] [timeMillis: 1767043990442] [levelValue: 800] [[
  visiting unvisited references]]

[2025-12-29T15:33:10.443-0600] [glassfish 5.0] [INFO] [] [javax.enterprise.system.tools.deployment.common] [tid: _ThreadID=41 _ThreadName=RunLevelControllerThread-1767043986982] [timeMillis: 1767043990443] [levelValue: 800] [[
  visiting unvisited references]]

[2025-12-29T15:33:10.444-0600] [glassfish 5.0] [INFO] [] [javax.enterprise.system.tools.deployment.common] [tid: _ThreadID=41 _ThreadName=RunLevelControllerThread-1767043986982] [timeMillis: 1767043990444] [levelValue: 800] [[
  visiting unvisited references]]

[2025-12-29T15:33:10.446-0600] [glassfish 5.0] [INFO] [] [javax.enterprise.system.tools.deployment.common] [tid: _ThreadID=41 _ThreadName=RunLevelControllerThread-1767043986982] [timeMillis: 1767043990446] [levelValue: 800] [[
  visiting unvisited references]]

[2025-12-29T15:33:10.447-0600] [glassfish 5.0] [INFO] [] [javax.enterprise.system.tools.deployment.common] [tid: _ThreadID=41 _ThreadName=RunLevelControllerThread-1767043986982] [timeMillis: 1767043990447] [levelValue: 800] [[
  visiting unvisited references]]

[2025-12-29T15:33:10.448-0600] [glassfish 5.0] [INFO] [] [javax.enterprise.system.tools.deployment.common] [tid: _ThreadID=41 _ThreadName=RunLevelControllerThread-1767043986982] [timeMillis: 1767043990448] [levelValue: 800] [[
  visiting unvisited references]]

[2025-12-29T15:33:10.448-0600] [glassfish 5.0] [INFO] [] [javax.enterprise.system.tools.deployment.common] [tid: _ThreadID=41 _ThreadName=RunLevelControllerThread-1767043986982] [timeMillis: 1767043990448] [levelValue: 800] [[
  visiting unvisited references]]

[2025-12-29T15:33:10.449-0600] [glassfish 5.0] [INFO] [] [javax.enterprise.system.tools.deployment.common] [tid: _ThreadID=41 _ThreadName=RunLevelControllerThread-1767043986982] [timeMillis: 1767043990449] [levelValue: 800] [[
  visiting unvisited references]]

[2025-12-29T15:33:10.450-0600] [glassfish 5.0] [INFO] [] [javax.enterprise.system.tools.deployment.common] [tid: _ThreadID=41 _ThreadName=RunLevelControllerThread-1767043986982] [timeMillis: 1767043990450] [levelValue: 800] [[
  visiting unvisited references]]

[2025-12-29T15:33:10.451-0600] [glassfish 5.0] [INFO] [] [javax.enterprise.system.tools.deployment.common] [tid: _ThreadID=41 _ThreadName=RunLevelControllerThread-1767043986982] [timeMillis: 1767043990451] [levelValue: 800] [[
  visiting unvisited references]]

[2025-12-29T15:33:10.451-0600] [glassfish 5.0] [INFO] [] [javax.enterprise.system.tools.deployment.common] [tid: _ThreadID=41 _ThreadName=RunLevelControllerThread-1767043986982] [timeMillis: 1767043990451] [levelValue: 800] [[
  visiting unvisited references]]

[2025-12-29T15:33:10.452-0600] [glassfish 5.0] [INFO] [] [javax.enterprise.system.tools.deployment.common] [tid: _ThreadID=41 _ThreadName=RunLevelControllerThread-1767043986982] [timeMillis: 1767043990452] [levelValue: 800] [[
  visiting unvisited references]]

[2025-12-29T15:33:10.453-0600] [glassfish 5.0] [INFO] [] [javax.enterprise.system.tools.deployment.common] [tid: _ThreadID=41 _ThreadName=RunLevelControllerThread-1767043986982] [timeMillis: 1767043990453] [levelValue: 800] [[
  visiting unvisited references]]

[2025-12-29T15:33:10.454-0600] [glassfish 5.0] [INFO] [] [javax.enterprise.system.tools.deployment.common] [tid: _ThreadID=41 _ThreadName=RunLevelControllerThread-1767043986982] [timeMillis: 1767043990454] [levelValue: 800] [[
  visiting unvisited references]]

[2025-12-29T15:33:10.455-0600] [glassfish 5.0] [INFO] [] [javax.enterprise.system.tools.deployment.common] [tid: _ThreadID=41 _ThreadName=RunLevelControllerThread-1767043986982] [timeMillis: 1767043990455] [levelValue: 800] [[
  visiting unvisited references]]

[2025-12-29T15:33:10.456-0600] [glassfish 5.0] [INFO] [] [javax.enterprise.system.tools.deployment.common] [tid: _ThreadID=41 _ThreadName=RunLevelControllerThread-1767043986982] [timeMillis: 1767043990456] [levelValue: 800] [[
  visiting unvisited references]]

[2025-12-29T15:33:10.457-0600] [glassfish 5.0] [INFO] [] [javax.enterprise.system.tools.deployment.common] [tid: _ThreadID=41 _ThreadName=RunLevelControllerThread-1767043986982] [timeMillis: 1767043990457] [levelValue: 800] [[
  visiting unvisited references]]

[2025-12-29T15:33:10.457-0600] [glassfish 5.0] [INFO] [] [javax.enterprise.system.tools.deployment.common] [tid: _ThreadID=41 _ThreadName=RunLevelControllerThread-1767043986982] [timeMillis: 1767043990457] [levelValue: 800] [[
  visiting unvisited references]]

[2025-12-29T15:33:10.458-0600] [glassfish 5.0] [INFO] [] [javax.enterprise.system.tools.deployment.common] [tid: _ThreadID=41 _ThreadName=RunLevelControllerThread-1767043986982] [timeMillis: 1767043990458] [levelValue: 800] [[
  visiting unvisited references]]

[2025-12-29T15:33:10.459-0600] [glassfish 5.0] [INFO] [] [javax.enterprise.system.tools.deployment.common] [tid: _ThreadID=41 _ThreadName=RunLevelControllerThread-1767043986982] [timeMillis: 1767043990459] [levelValue: 800] [[
  visiting unvisited references]]

[2025-12-29T15:33:10.460-0600] [glassfish 5.0] [INFO] [] [javax.enterprise.system.tools.deployment.common] [tid: _ThreadID=41 _ThreadName=RunLevelControllerThread-1767043986982] [timeMillis: 1767043990460] [levelValue: 800] [[
  visiting unvisited references]]

[2025-12-29T15:33:10.521-0600] [glassfish 5.0] [WARNING] [] [javax.enterprise.web.util] [tid: _ThreadID=41 _ThreadName=RunLevelControllerThread-1767043986982] [timeMillis: 1767043990521] [levelValue: 900] [[
  The web application [unknown] registered the JDBC driver [org.postgresql.Driver] but failed to unregister it when the web application was stopped. To prevent a memory leak, the JDBC Driver has been forcibly unregistered.]]

[2025-12-29T15:33:10.770-0600] [glassfish 5.0] [INFO] [] [org.hibernate.validator.internal.util.Version] [tid: _ThreadID=41 _ThreadName=RunLevelControllerThread-1767043986982] [timeMillis: 1767043990770] [levelValue: 800] [[
  HV000001: Hibernate Validator 6.0.10.Final]]

[2025-12-29T15:33:11.132-0600] [glassfish 5.0] [INFO] [] [org.glassfish.tyrus.servlet.TyrusServletContainerInitializer] [tid: _ThreadID=41 _ThreadName=RunLevelControllerThread-1767043986982] [timeMillis: 1767043991132] [levelValue: 800] [[
  Registering WebSocket filter for url pattern /*]]

[2025-12-29T15:33:11.384-0600] [glassfish 5.0] [INFO] [] [javax.enterprise.web] [tid: _ThreadID=41 _ThreadName=RunLevelControllerThread-1767043986982] [timeMillis: 1767043991384] [levelValue: 800] [[
  WebModule[/spei] ServletContext.log():2 Spring WebApplicationInitializers detected on classpath]]

[2025-12-29T15:33:12.425-0600] [glassfish 5.0] [INFO] [] [] [tid: _ThreadID=41 _ThreadName=Thread-8] [timeMillis: 1767043992425] [levelValue: 800] [[
    .   ____          _            __ _ _]]

[2025-12-29T15:33:12.425-0600] [glassfish 5.0] [INFO] [] [] [tid: _ThreadID=41 _ThreadName=Thread-8] [timeMillis: 1767043992425] [levelValue: 800] [[
   /\\ / ___'_ __ _ _(_)_ __  __ _ \ \ \ \]]

[2025-12-29T15:33:12.425-0600] [glassfish 5.0] [INFO] [] [] [tid: _ThreadID=41 _ThreadName=Thread-8] [timeMillis: 1767043992425] [levelValue: 800] [[
  ( ( )\___ | '_ | '_| | '_ \/ _` | \ \ \ \]]

[2025-12-29T15:33:12.425-0600] [glassfish 5.0] [INFO] [] [] [tid: _ThreadID=41 _ThreadName=Thread-8] [timeMillis: 1767043992425] [levelValue: 800] [[
   \\/  ___)| |_)| | | | | || (_| |  ) ) ) )]]

[2025-12-29T15:33:12.425-0600] [glassfish 5.0] [INFO] [] [] [tid: _ThreadID=41 _ThreadName=Thread-8] [timeMillis: 1767043992425] [levelValue: 800] [[
    '  |____| .__|_| |_|_| |_\__, | / / / /]]

[2025-12-29T15:33:12.425-0600] [glassfish 5.0] [INFO] [] [] [tid: _ThreadID=41 _ThreadName=Thread-8] [timeMillis: 1767043992425] [levelValue: 800] [[
   =========|_|==============|___/=/_/_/_/]]

[2025-12-29T15:33:12.428-0600] [glassfish 5.0] [INFO] [] [] [tid: _ThreadID=41 _ThreadName=Thread-8] [timeMillis: 1767043992428] [levelValue: 800] [[
   :: Spring Boot ::                (v2.7.6)]]

[2025-12-29T15:33:12.672-0600] [glassfish 5.0] [INFO] [] [] [tid: _ThreadID=41 _ThreadName=Thread-8] [timeMillis: 1767043992672] [levelValue: 800] [[
  2025-12-29 15:33:12.668  INFO 2428351 --- [d-1767043986982] fenoreste.spei.ServletInitializer        : Starting ServletInitializer using Java 1.8.0_231 on cajafama.coop with PID 2428351 (/home/stpserver/glassfish5/glassfish/domains/domain1/applications/spei/WEB-INF/classes/fenoreste/spei/ServletInitializer.class started by stpserver in /home/stpserver/glassfish5/glassfish/domains/domain1/config)
]]

[2025-12-29T15:33:12.673-0600] [glassfish 5.0] [INFO] [] [] [tid: _ThreadID=41 _ThreadName=Thread-8] [timeMillis: 1767043992673] [levelValue: 800] [[
  2025-12-29 15:33:12.673  INFO 2428351 --- [d-1767043986982] fenoreste.spei.ServletInitializer        : No active profile set, falling back to 1 default profile: "default"
]]

[2025-12-29T15:33:14.128-0600] [glassfish 5.0] [INFO] [] [] [tid: _ThreadID=41 _ThreadName=Thread-8] [timeMillis: 1767043994128] [levelValue: 800] [[
  2025-12-29 15:33:14.128  INFO 2428351 --- [d-1767043986982] .s.d.r.c.RepositoryConfigurationDelegate : Bootstrapping Spring Data JPA repositories in DEFAULT mode.
]]

[2025-12-29T15:33:14.315-0600] [glassfish 5.0] [INFO] [] [] [tid: _ThreadID=41 _ThreadName=Thread-8] [timeMillis: 1767043994315] [levelValue: 800] [[
  2025-12-29 15:33:14.315  INFO 2428351 --- [d-1767043986982] .s.d.r.c.RepositoryConfigurationDelegate : Finished Spring Data repository scanning in 169 ms. Found 20 JPA repository interfaces.
]]

[2025-12-29T15:33:14.324-0600] [glassfish 5.0] [INFO] [] [] [tid: _ThreadID=41 _ThreadName=Thread-8] [timeMillis: 1767043994324] [levelValue: 800] [[
  2025-12-29 15:33:14.324  INFO 2428351 --- [d-1767043986982] .s.d.r.c.RepositoryConfigurationDelegate : Bootstrapping Spring Data JPA repositories in DEFAULT mode.
]]

[2025-12-29T15:33:14.379-0600] [glassfish 5.0] [INFO] [] [] [tid: _ThreadID=41 _ThreadName=Thread-8] [timeMillis: 1767043994379] [levelValue: 800] [[
  2025-12-29 15:33:14.378  INFO 2428351 --- [d-1767043986982] .s.d.r.c.RepositoryConfigurationDelegate : Finished Spring Data repository scanning in 54 ms. Found 20 JPA repository interfaces.
]]

[2025-12-29T15:33:15.412-0600] [glassfish 5.0] [INFO] [] [] [tid: _ThreadID=41 _ThreadName=Thread-8] [timeMillis: 1767043995412] [levelValue: 800] [[
  2025-12-29 15:33:15.412  INFO 2428351 --- [d-1767043986982] trationDelegate$BeanPostProcessorChecker : Bean 'org.springframework.ws.config.annotation.DelegatingWsConfiguration' of type [org.springframework.ws.config.annotation.DelegatingWsConfiguration$$EnhancerBySpringCGLIB$$10d79f63] is not eligible for getting processed by all BeanPostProcessors (for example: not eligible for auto-proxying)
]]

[2025-12-29T15:33:15.505-0600] [glassfish 5.0] [INFO] [] [] [tid: _ThreadID=41 _ThreadName=Thread-8] [timeMillis: 1767043995505] [levelValue: 800] [[
  2025-12-29 15:33:15.504  INFO 2428351 --- [d-1767043986982] .w.s.a.s.AnnotationActionEndpointMapping : Supporting [WS-Addressing August 2004, WS-Addressing 1.0]
]]

[2025-12-29T15:33:15.630-0600] [glassfish 5.0] [INFO] [] [javax.enterprise.web] [tid: _ThreadID=41 _ThreadName=RunLevelControllerThread-1767043986982] [timeMillis: 1767043995630] [levelValue: 800] [[
  WebModule[/spei] ServletContext.log():Initializing Spring embedded WebApplicationContext]]

[2025-12-29T15:33:15.631-0600] [glassfish 5.0] [INFO] [] [] [tid: _ThreadID=41 _ThreadName=Thread-8] [timeMillis: 1767043995631] [levelValue: 800] [[
  2025-12-29 15:33:15.631  INFO 2428351 --- [d-1767043986982] w.s.c.ServletWebServerApplicationContext : Root WebApplicationContext: initialization completed in 2495 ms
]]

[2025-12-29T15:33:16.225-0600] [glassfish 5.0] [INFO] [] [org.hibernate.jpa.internal.util.LogHelper] [tid: _ThreadID=41 _ThreadName=RunLevelControllerThread-1767043986982] [timeMillis: 1767043996225] [levelValue: 800] [[
  HHH000204: Processing PersistenceUnitInfo [name: default]]]

[2025-12-29T15:33:16.444-0600] [glassfish 5.0] [INFO] [] [org.hibernate.Version] [tid: _ThreadID=41 _ThreadName=RunLevelControllerThread-1767043986982] [timeMillis: 1767043996444] [levelValue: 800] [[
  HHH000412: Hibernate ORM core version 5.6.14.Final]]

[2025-12-29T15:33:16.858-0600] [glassfish 5.0] [INFO] [] [org.hibernate.annotations.common.Version] [tid: _ThreadID=41 _ThreadName=RunLevelControllerThread-1767043986982] [timeMillis: 1767043996858] [levelValue: 800] [[
  HCANN000001: Hibernate Commons Annotations {5.1.2.Final}]]

[2025-12-29T15:33:17.373-0600] [glassfish 5.0] [INFO] [] [org.hibernate.dialect.Dialect] [tid: _ThreadID=41 _ThreadName=RunLevelControllerThread-1767043986982] [timeMillis: 1767043997373] [levelValue: 800] [[
  HHH000400: Using dialect: org.hibernate.dialect.PostgreSQLDialect]]

[2025-12-29T15:33:17.465-0600] [glassfish 5.0] [INFO] [] [org.hibernate.orm.beans] [tid: _ThreadID=41 _ThreadName=RunLevelControllerThread-1767043986982] [timeMillis: 1767043997465] [levelValue: 800] [[
  HHH10005002: No explicit CDI BeanManager reference was passed to Hibernate, but CDI is available on the Hibernate ClassLoader.]]

[2025-12-29T15:33:19.402-0600] [glassfish 5.0] [INFO] [] [org.hibernate.engine.transaction.jta.platform.internal.JtaPlatformInitiator] [tid: _ThreadID=41 _ThreadName=RunLevelControllerThread-1767043986982] [timeMillis: 1767043999402] [levelValue: 800] [[
  HHH000490: Using JtaPlatform implementation: [org.hibernate.engine.transaction.jta.platform.internal.NoJtaPlatform]]]

[2025-12-29T15:33:19.424-0600] [glassfish 5.0] [INFO] [] [] [tid: _ThreadID=41 _ThreadName=Thread-8] [timeMillis: 1767043999424] [levelValue: 800] [[
  2025-12-29 15:33:19.424  INFO 2428351 --- [d-1767043986982] j.LocalContainerEntityManagerFactoryBean : Initialized JPA EntityManagerFactory for persistence unit 'default'
]]

[2025-12-29T15:33:20.747-0600] [glassfish 5.0] [INFO] [] [] [tid: _ThreadID=41 _ThreadName=Thread-8] [timeMillis: 1767044000747] [levelValue: 800] [[
  2025-12-29 15:33:20.747  INFO 2428351 --- [d-1767043986982] f.a.AutowiredAnnotationBeanPostProcessor : Autowired annotation is not supported on static fields: private static org.springframework.web.client.RestTemplate fenoreste.spei.consumo.ConsumoCsnTDD.restTemplate
]]

[2025-12-29T15:33:21.150-0600] [glassfish 5.0] [INFO] [] [] [tid: _ThreadID=41 _ThreadName=Thread-8] [timeMillis: 1767044001150] [levelValue: 800] [[
  2025-12-29 15:33:21.150  WARN 2428351 --- [d-1767043986982] JpaBaseConfiguration$JpaWebConfiguration : spring.jpa.open-in-view is enabled by default. Therefore, database queries may be performed during view rendering. Explicitly configure spring.jpa.open-in-view to disable this warning
]]

[2025-12-29T15:33:21.705-0600] [glassfish 5.0] [INFO] [] [] [tid: _ThreadID=41 _ThreadName=Thread-8] [timeMillis: 1767044001705] [levelValue: 800] [[
  2025-12-29 15:33:21.705  INFO 2428351 --- [d-1767043986982] o.s.s.web.DefaultSecurityFilterChain     : Will secure any request with [org.springframework.security.web.session.DisableEncodeUrlFilter@6947da79, org.springframework.security.web.context.request.async.WebAsyncManagerIntegrationFilter@77022492, org.springframework.security.web.context.SecurityContextPersistenceFilter@1197185a, org.springframework.security.web.header.HeaderWriterFilter@7e3f5344, org.springframework.security.web.authentication.logout.LogoutFilter@118bf69a, org.springframework.security.web.authentication.www.BasicAuthenticationFilter@71fc022d, org.springframework.security.web.savedrequest.RequestCacheAwareFilter@1be1cdb7, org.springframework.security.web.servletapi.SecurityContextHolderAwareRequestFilter@2b0c51d8, org.springframework.security.web.authentication.AnonymousAuthenticationFilter@1a705a59, org.springframework.security.web.session.SessionManagementFilter@bfb5cf0, org.springframework.security.web.access.ExceptionTranslationFilter@4f3239e3, org.springframework.security.web.access.intercept.FilterSecurityInterceptor@27379d3]
]]

[2025-12-29T15:33:22.825-0600] [glassfish 5.0] [INFO] [] [] [tid: _ThreadID=41 _ThreadName=Thread-8] [timeMillis: 1767044002825] [levelValue: 800] [[
  2025-12-29 15:33:22.825  INFO 2428351 --- [d-1767043986982] fenoreste.spei.ServletInitializer        : Started ServletInitializer in 11.252 seconds (JVM running for 17.923)
]]

[2025-12-29T15:33:22.900-0600] [glassfish 5.0] [INFO] [jsf.config.listener.version] [javax.enterprise.resource.webcontainer.jsf.config] [tid: _ThreadID=41 _ThreadName=RunLevelControllerThread-1767043986982] [timeMillis: 1767044002900] [levelValue: 800] [[
  Inicializando Mojarra 2.3.2 ( 20170627-2139 e63598abf2ed2bb1a24674f308a734e0dce18a72) para el contexto '/spei']]

[2025-12-29T15:33:23.674-0600] [glassfish 5.0] [SEVERE] [] [javax.enterprise.web] [tid: _ThreadID=41 _ThreadName=RunLevelControllerThread-1767043986982] [timeMillis: 1767044003674] [levelValue: 1000] [[
  WebModule[/spei]Exception starting filter WebSocket filter
java.lang.InstantiationException
	at org.apache.catalina.core.ApplicationFilterConfig.<init>(ApplicationFilterConfig.java:86)
	at org.apache.catalina.core.StandardContext.filterStart(StandardContext.java:4941)
	at org.apache.catalina.core.StandardContext.start(StandardContext.java:5585)
	at com.sun.enterprise.web.WebModule.start(WebModule.java:540)
	at org.apache.catalina.core.ContainerBase.addChildInternal(ContainerBase.java:877)
	at org.apache.catalina.core.ContainerBase.addChild(ContainerBase.java:860)
	at org.apache.catalina.core.StandardHost.addChild(StandardHost.java:644)
	at com.sun.enterprise.web.WebContainer.loadWebModule(WebContainer.java:2044)
	at com.sun.enterprise.web.WebContainer.loadWebModule(WebContainer.java:1690)
	at com.sun.enterprise.web.WebApplication.start(WebApplication.java:107)
	at org.glassfish.internal.data.EngineRef.start(EngineRef.java:122)
	at org.glassfish.internal.data.ModuleInfo.start(ModuleInfo.java:291)
	at org.glassfish.internal.data.ApplicationInfo.start(ApplicationInfo.java:352)
	at com.sun.enterprise.v3.server.ApplicationLifecycle.deploy(ApplicationLifecycle.java:500)
	at com.sun.enterprise.v3.server.ApplicationLoaderService.processApplication(ApplicationLoaderService.java:406)
	at com.sun.enterprise.v3.server.ApplicationLoaderService.postConstruct(ApplicationLoaderService.java:243)
	at org.jvnet.hk2.internal.ClazzCreator.postConstructMe(ClazzCreator.java:327)
	at org.jvnet.hk2.internal.ClazzCreator.create(ClazzCreator.java:375)
	at org.jvnet.hk2.internal.SystemDescriptor.create(SystemDescriptor.java:487)
	at org.glassfish.hk2.runlevel.internal.AsyncRunLevelContext.findOrCreate(AsyncRunLevelContext.java:305)
	at org.glassfish.hk2.runlevel.RunLevelContext.findOrCreate(RunLevelContext.java:89)
	at org.jvnet.hk2.internal.Utilities.createService(Utilities.java:2126)
	at org.jvnet.hk2.internal.ServiceHandleImpl.getService(ServiceHandleImpl.java:116)
	at org.jvnet.hk2.internal.ServiceHandleImpl.getService(ServiceHandleImpl.java:90)
	at org.glassfish.hk2.runlevel.internal.CurrentTaskFuture$QueueRunner.oneJob(CurrentTaskFuture.java:1237)
	at org.glassfish.hk2.runlevel.internal.CurrentTaskFuture$QueueRunner.run(CurrentTaskFuture.java:1168)
	at java.util.concurrent.ThreadPoolExecutor.runWorker(ThreadPoolExecutor.java:1149)
	at java.util.concurrent.ThreadPoolExecutor$Worker.run(ThreadPoolExecutor.java:624)
	at java.lang.Thread.run(Thread.java:748)
Caused by: java.lang.ClassCastException: org.apache.tomcat.websocket.server.WsServerContainer cannot be cast to org.glassfish.tyrus.server.TyrusServerContainer
	at org.glassfish.tyrus.servlet.TyrusServletFilter.init(TyrusServletFilter.java:119)
	at org.apache.catalina.core.ApplicationFilterConfig.getFilter(ApplicationFilterConfig.java:226)
	at org.apache.catalina.core.ApplicationFilterConfig.<init>(ApplicationFilterConfig.java:82)
	... 28 more
]]

[2025-12-29T15:33:23.678-0600] [glassfish 5.0] [INFO] [AS-WEB-GLUE-00172] [javax.enterprise.web] [tid: _ThreadID=41 _ThreadName=RunLevelControllerThread-1767043986982] [timeMillis: 1767044003678] [levelValue: 800] [[
  Loading application [spei] at [/spei]]]

[2025-12-29T15:33:23.680-0600] [glassfish 5.0] [INFO] [NCLS-CORE-00022] [javax.enterprise.system.core] [tid: _ThreadID=41 _ThreadName=RunLevelControllerThread-1767043986982] [timeMillis: 1767044003680] [levelValue: 800] [[
  Loading application spei done in 16,201 ms]]

[2025-12-29T15:33:23.681-0600] [glassfish 5.0] [INFO] [NCLS-CORE-00017] [javax.enterprise.system.core] [tid: _ThreadID=1 _ThreadName=main] [timeMillis: 1767044003681] [levelValue: 800] [[
  GlassFish Server Open Source Edition  5.0.1  (5) startup time : Felix (1,984ms), startup services(16,705ms), total(18,689ms)]]

[2025-12-29T15:33:23.737-0600] [glassfish 5.0] [INFO] [NCLS-CORE-00087] [javax.enterprise.system.core] [tid: _ThreadID=43 _ThreadName=RunLevelControllerThread-1767043986991] [timeMillis: 1767044003737] [levelValue: 800] [[
  Grizzly Framework 2.4.3 started in: 3ms - bound to [/0.0.0.0:7676]]]

[2025-12-29T15:33:23.814-0600] [glassfish 5.0] [INFO] [NCLS-BOOTSTRAP-00027] [javax.enterprise.bootstrap] [tid: _ThreadID=1 _ThreadName=main] [timeMillis: 1767044003814] [levelValue: 800] [[
  Registered com.sun.enterprise.glassfish.bootstrap.osgi.EmbeddedOSGiGlassFishImpl@7a799159 as OSGi service registration: org.apache.felix.framework.ServiceRegistrationImpl@40ab8a8.]]

[2025-12-29T15:33:23.931-0600] [glassfish 5.0] [INFO] [NCLS-JMX-00005] [javax.enterprise.system.jmx] [tid: _ThreadID=115 _ThreadName=Thread-35] [timeMillis: 1767044003931] [levelValue: 800] [[
  JMXStartupService has started JMXConnector on JMXService URL service:jmx:rmi://cajafama.coop:8686/jndi/rmi://cajafama.coop:8686/jmxrmi]]

[2025-12-29T15:33:23.956-0600] [glassfish 5.0] [INFO] [] [org.jvnet.hk2.osgiadapter] [tid: _ThreadID=28 _ThreadName=FelixStartLevel] [timeMillis: 1767044003956] [levelValue: 800] [[
  Skipping registration of inhabitant for service reference [org.osgi.service.cm.ManagedService] as the service object could not be obtained.]]

[2025-12-29T15:33:23.958-0600] [glassfish 5.0] [INFO] [] [org.jvnet.hk2.osgiadapter] [tid: _ThreadID=28 _ThreadName=FelixStartLevel] [timeMillis: 1767044003958] [levelValue: 800] [[
  Skipping registration of inhabitant for service reference [org.osgi.service.metatype.MetaTypeProvider] as the service object could not be obtained.]]

[2025-12-29T16:29:47.990-0600] [] [INFO] [NCLS-GFLAUNCHER-00005] [javax.enterprise.launcher] [tid: _ThreadID=1 _ThreadName=main] [timeMillis: 1767047387990] [levelValue: 800] [[
  JVM invocation command line:
/usr/java/jdk1.8.0_231-amd64/bin/java
-cp
/home/stpserver/glassfish5/glassfish/modules/glassfish.jar
-XX:+UnlockDiagnosticVMOptions
-XX:NewRatio=2
-XX:MaxPermSize=192m
-Xmx512m
-javaagent:/home/stpserver/glassfish5/glassfish/lib/monitor/flashlight-agent.jar
-client
-Djavax.xml.accessExternalSchema=all
-Djavax.net.ssl.trustStore=/home/stpserver/glassfish5/glassfish/domains/domain1/config/cacerts.jks
-Djdk.tls.rejectClientInitiatedRenegotiation=true
-Djdk.corba.allowOutputStreamSubclass=true
-Dfelix.fileinstall.dir=/home/stpserver/glassfish5/glassfish/modules/autostart/
-Dorg.glassfish.additionalOSGiBundlesToStart=org.apache.felix.shell,org.apache.felix.gogo.runtime,org.apache.felix.gogo.shell,org.apache.felix.gogo.command,org.apache.felix.shell.remote,org.apache.felix.fileinstall
-Dcom.sun.aas.installRoot=/home/stpserver/glassfish5/glassfish
-Dfelix.fileinstall.poll=5000
-Djava.endorsed.dirs=/home/stpserver/glassfish5/glassfish/modules/endorsed:/home/stpserver/glassfish5/glassfish/lib/endorsed
-Djava.security.policy=/home/stpserver/glassfish5/glassfish/domains/domain1/config/server.policy
-Dosgi.shell.telnet.maxconn=1
-Dfelix.fileinstall.bundles.startTransient=true
-Dcom.sun.enterprise.config.config_environment_factory_class=com.sun.enterprise.config.serverbeans.AppserverConfigEnvironmentFactory
-Dfelix.fileinstall.log.level=2
-Djavax.net.ssl.keyStore=/home/stpserver/glassfish5/glassfish/domains/domain1/config/keystore.jks
-Djava.security.auth.login.config=/home/stpserver/glassfish5/glassfish/domains/domain1/config/login.conf
-Dfelix.fileinstall.disableConfigSave=false
-Dfelix.fileinstall.bundles.new.start=true
-Dcom.sun.aas.instanceRoot=/home/stpserver/glassfish5/glassfish/domains/domain1
-Dosgi.shell.telnet.port=6666
-Dgosh.args=--nointeractive
-Dcom.sun.enterprise.security.httpsOutboundKeyAlias=s1as
-Dosgi.shell.telnet.ip=127.0.0.1
-DANTLR_USE_DIRECT_CLASS_LOADING=true
-Djava.awt.headless=true
-Dcom.ctc.wstx.returnNullForDefaultNamespace=true
-Djava.ext.dirs=/usr/java/jdk1.8.0_231-amd64/lib/ext:/usr/java/jdk1.8.0_231-amd64/jre/lib/ext:/home/stpserver/glassfish5/glassfish/domains/domain1/lib/ext
-Djdbc.drivers=org.apache.derby.jdbc.ClientDriver
-Djava.library.path=/home/stpserver/glassfish5/glassfish/lib:/usr/java/packages/lib/amd64:/usr/lib64:/lib64:/lib:/usr/lib
com.sun.enterprise.glassfish.bootstrap.ASMain
-upgrade
false
-domaindir
/home/stpserver/glassfish5/glassfish/domains/domain1
-read-stdin
true
-asadmin-args
--host,,,localhost,,,--port,,,4848,,,--secure=false,,,--terse=false,,,--echo=false,,,--interactive=true,,,start-domain,,,--verbose=true,,,--watchdog=false,,,--debug=false,,,--domaindir,,,/home/stpserver/glassfish5/glassfish/domains,,,domain1
-domainname
domain1
-instancename
server
-type
DAS
-verbose
true
-asadmin-classpath
/home/stpserver/glassfish5/glassfish/lib/client/appserver-cli.jar
-debug
false
-asadmin-classname
com.sun.enterprise.admin.cli.AdminMain]]

[2025-12-29T16:29:50.000-0600] [glassfish 5.0] [INFO] [NCLS-LOGGING-00009] [javax.enterprise.logging] [tid: _ThreadID=42 _ThreadName=RunLevelControllerThread-1767047389911] [timeMillis: 1767047390000] [levelValue: 800] [[
  Running GlassFish Version: GlassFish Server Open Source Edition  5.0.1  (build 5)]]

[2025-12-29T16:29:50.002-0600] [glassfish 5.0] [INFO] [NCLS-LOGGING-00010] [javax.enterprise.logging] [tid: _ThreadID=42 _ThreadName=RunLevelControllerThread-1767047389911] [timeMillis: 1767047390002] [levelValue: 800] [[
  Server log file is using Formatter class: com.sun.enterprise.server.logging.ODLLogFormatter]]

[2025-12-29T16:29:50.104-0600] [glassfish 5.0] [INFO] [NCLS-SECURITY-01115] [javax.enterprise.system.core.security] [tid: _ThreadID=43 _ThreadName=RunLevelControllerThread-1767047389917] [timeMillis: 1767047390104] [levelValue: 800] [[
  Realm [admin-realm] of classtype [com.sun.enterprise.security.auth.realm.file.FileRealm] successfully created.]]

[2025-12-29T16:29:50.105-0600] [glassfish 5.0] [INFO] [NCLS-SECURITY-01115] [javax.enterprise.system.core.security] [tid: _ThreadID=43 _ThreadName=RunLevelControllerThread-1767047389917] [timeMillis: 1767047390105] [levelValue: 800] [[
  Realm [file] of classtype [com.sun.enterprise.security.auth.realm.file.FileRealm] successfully created.]]

[2025-12-29T16:29:50.108-0600] [glassfish 5.0] [INFO] [NCLS-SECURITY-01115] [javax.enterprise.system.core.security] [tid: _ThreadID=43 _ThreadName=RunLevelControllerThread-1767047389917] [timeMillis: 1767047390108] [levelValue: 800] [[
  Realm [certificate] of classtype [com.sun.enterprise.security.auth.realm.certificate.CertificateRealm] successfully created.]]

[2025-12-29T16:29:50.343-0600] [glassfish 5.0] [INFO] [SEC-SVCS-00100] [javax.enterprise.security.services] [tid: _ThreadID=44 _ThreadName=RunLevelControllerThread-1767047389917] [timeMillis: 1767047390343] [levelValue: 800] [[
  Authorization Service has successfully initialized.]]

[2025-12-29T16:29:50.394-0600] [glassfish 5.0] [INFO] [] [org.glassfish.ha.store.spi.BackingStoreFactoryRegistry] [tid: _ThreadID=42 _ThreadName=RunLevelControllerThread-1767047389911] [timeMillis: 1767047390394] [levelValue: 800] [[
  Registered org.glassfish.ha.store.adapter.cache.ShoalBackingStoreProxy for persistence-type = replicated in BackingStoreFactoryRegistry]]

[2025-12-29T16:29:50.398-0600] [glassfish 5.0] [INFO] [jts.startup_msg] [javax.enterprise.system.core.transaction.com.sun.jts.CosTransactions] [tid: _ThreadID=43 _ThreadName=RunLevelControllerThread-1767047389917] [timeMillis: 1767047390398] [levelValue: 800] [[
  JTS5014: Recoverable JTS instance, serverId = [100]]]

[2025-12-29T16:29:50.452-0600] [glassfish 5.0] [INFO] [NCLS-CORE-00087] [javax.enterprise.system.core] [tid: _ThreadID=41 _ThreadName=RunLevelControllerThread-1767047389910] [timeMillis: 1767047390452] [levelValue: 800] [[
  Grizzly Framework 2.4.3 started in: 13ms - bound to [/0.0.0.0:8080]]]

[2025-12-29T16:29:50.475-0600] [glassfish 5.0] [INFO] [NCLS-CORE-00087] [javax.enterprise.system.core] [tid: _ThreadID=41 _ThreadName=RunLevelControllerThread-1767047389910] [timeMillis: 1767047390475] [levelValue: 800] [[
  Grizzly Framework 2.4.3 started in: 1ms - bound to [/0.0.0.0:8086]]]

[2025-12-29T16:29:50.482-0600] [glassfish 5.0] [INFO] [NCLS-CORE-00087] [javax.enterprise.system.core] [tid: _ThreadID=41 _ThreadName=RunLevelControllerThread-1767047389910] [timeMillis: 1767047390482] [levelValue: 800] [[
  Grizzly Framework 2.4.3 started in: 0ms - bound to [/0.0.0.0:4848]]]

[2025-12-29T16:29:50.538-0600] [glassfish 5.0] [INFO] [NCLS-CORE-00087] [javax.enterprise.system.core] [tid: _ThreadID=44 _ThreadName=RunLevelControllerThread-1767047389917] [timeMillis: 1767047390538] [levelValue: 800] [[
  Grizzly Framework 2.4.3 started in: 1ms - bound to [/0.0.0.0:3700]]]

[2025-12-29T16:29:50.647-0600] [glassfish 5.0] [SEVERE] [] [javax.enterprise.system.tools.deployment.common] [tid: _ThreadID=84 _ThreadName=deployment-jar-scanner] [timeMillis: 1767047390647] [levelValue: 1000] [[
  Exception while visiting META-INF/versions/11/module-info.class of size 722
java.lang.IllegalArgumentException
	at org.glassfish.hk2.external.org.objectweb.asm.ClassReader.<init>(ClassReader.java:160)
	at org.glassfish.hk2.external.org.objectweb.asm.ClassReader.<init>(ClassReader.java:143)
	at org.glassfish.hk2.external.org.objectweb.asm.ClassReader.<init>(ClassReader.java:418)
	at org.glassfish.hk2.classmodel.reflect.Parser$5.on(Parser.java:359)
	at com.sun.enterprise.v3.server.ReadableArchiveScannerAdapter.handleEntry(ReadableArchiveScannerAdapter.java:165)
	at com.sun.enterprise.v3.server.ReadableArchiveScannerAdapter.onSelectedEntries(ReadableArchiveScannerAdapter.java:127)
	at org.glassfish.hk2.classmodel.reflect.Parser.doJob(Parser.java:345)
	at org.glassfish.hk2.classmodel.reflect.Parser.access$300(Parser.java:68)
	at org.glassfish.hk2.classmodel.reflect.Parser$3.call(Parser.java:304)
	at org.glassfish.hk2.classmodel.reflect.Parser$3.call(Parser.java:293)
	at java.util.concurrent.FutureTask.run(FutureTask.java:266)
	at java.util.concurrent.ThreadPoolExecutor.runWorker(ThreadPoolExecutor.java:1149)
	at java.util.concurrent.ThreadPoolExecutor$Worker.run(ThreadPoolExecutor.java:624)
	at java.lang.Thread.run(Thread.java:748)
]]

[2025-12-29T16:29:51.415-0600] [glassfish 5.0] [INFO] [] [javax.enterprise.system.tools.deployment.common] [tid: _ThreadID=43 _ThreadName=RunLevelControllerThread-1767047389917] [timeMillis: 1767047391415] [levelValue: 800] [[
  visiting unvisited references]]

[2025-12-29T16:29:51.895-0600] [glassfish 5.0] [INFO] [NCLS-SECURITY-01002] [javax.enterprise.system.core.security] [tid: _ThreadID=43 _ThreadName=RunLevelControllerThread-1767047389917] [timeMillis: 1767047391895] [levelValue: 800] [[
  Java security manager is disabled.]]

[2025-12-29T16:29:51.895-0600] [glassfish 5.0] [INFO] [NCLS-SECURITY-01010] [javax.enterprise.system.core.security] [tid: _ThreadID=43 _ThreadName=RunLevelControllerThread-1767047389917] [timeMillis: 1767047391895] [levelValue: 800] [[
  Entering Security Startup Service.]]

[2025-12-29T16:29:51.898-0600] [glassfish 5.0] [INFO] [NCLS-SECURITY-01143] [javax.enterprise.system.core.security] [tid: _ThreadID=43 _ThreadName=RunLevelControllerThread-1767047389917] [timeMillis: 1767047391898] [levelValue: 800] [[
  Loading policy provider com.sun.enterprise.security.provider.PolicyWrapper.]]

[2025-12-29T16:29:51.922-0600] [glassfish 5.0] [INFO] [NCLS-SECURITY-01011] [javax.enterprise.system.core.security] [tid: _ThreadID=43 _ThreadName=RunLevelControllerThread-1767047389917] [timeMillis: 1767047391922] [levelValue: 800] [[
  Security Service(s) started successfully.]]

[2025-12-29T16:29:52.112-0600] [glassfish 5.0] [INFO] [AS-WEB-GLUE-00198] [javax.enterprise.web] [tid: _ThreadID=43 _ThreadName=RunLevelControllerThread-1767047389917] [timeMillis: 1767047392112] [levelValue: 800] [[
  Created HTTP listener http-listener-1 on host/port 0.0.0.0:8080]]

[2025-12-29T16:29:52.117-0600] [glassfish 5.0] [INFO] [AS-WEB-GLUE-00198] [javax.enterprise.web] [tid: _ThreadID=43 _ThreadName=RunLevelControllerThread-1767047389917] [timeMillis: 1767047392117] [levelValue: 800] [[
  Created HTTP listener http-listener-2 on host/port 0.0.0.0:8086]]

[2025-12-29T16:29:52.119-0600] [glassfish 5.0] [INFO] [AS-WEB-GLUE-00198] [javax.enterprise.web] [tid: _ThreadID=43 _ThreadName=RunLevelControllerThread-1767047389917] [timeMillis: 1767047392119] [levelValue: 800] [[
  Created HTTP listener admin-listener on host/port 0.0.0.0:4848]]

[2025-12-29T16:29:52.138-0600] [glassfish 5.0] [INFO] [AS-WEB-GLUE-00200] [javax.enterprise.web] [tid: _ThreadID=43 _ThreadName=RunLevelControllerThread-1767047389917] [timeMillis: 1767047392138] [levelValue: 800] [[
  Created virtual server server]]

[2025-12-29T16:29:52.142-0600] [glassfish 5.0] [INFO] [AS-WEB-GLUE-00200] [javax.enterprise.web] [tid: _ThreadID=43 _ThreadName=RunLevelControllerThread-1767047389917] [timeMillis: 1767047392142] [levelValue: 800] [[
  Created virtual server __asadmin]]

[2025-12-29T16:29:52.378-0600] [glassfish 5.0] [INFO] [AS-WEB-CORE-00306] [javax.enterprise.web.core] [tid: _ThreadID=43 _ThreadName=RunLevelControllerThread-1767047389917] [timeMillis: 1767047392378] [levelValue: 800] [[
  Setting JAAS app name glassfish-web]]

[2025-12-29T16:29:52.379-0600] [glassfish 5.0] [INFO] [AS-WEB-GLUE-00201] [javax.enterprise.web] [tid: _ThreadID=43 _ThreadName=RunLevelControllerThread-1767047389917] [timeMillis: 1767047392379] [levelValue: 800] [[
  Virtual server server loaded default web module ]]

[2025-12-29T16:29:52.618-0600] [glassfish 5.0] [INFO] [] [javax.enterprise.system.tools.deployment.common] [tid: _ThreadID=43 _ThreadName=RunLevelControllerThread-1767047389917] [timeMillis: 1767047392618] [levelValue: 800] [[
  visiting unvisited references]]

[2025-12-29T16:29:52.874-0600] [glassfish 5.0] [INFO] [] [javax.enterprise.system.tools.deployment.common] [tid: _ThreadID=43 _ThreadName=RunLevelControllerThread-1767047389917] [timeMillis: 1767047392874] [levelValue: 800] [[
  visiting unvisited references]]

[2025-12-29T16:29:52.875-0600] [glassfish 5.0] [INFO] [] [javax.enterprise.system.tools.deployment.common] [tid: _ThreadID=43 _ThreadName=RunLevelControllerThread-1767047389917] [timeMillis: 1767047392875] [levelValue: 800] [[
  visiting unvisited references]]

[2025-12-29T16:29:52.877-0600] [glassfish 5.0] [INFO] [] [javax.enterprise.system.tools.deployment.common] [tid: _ThreadID=43 _ThreadName=RunLevelControllerThread-1767047389917] [timeMillis: 1767047392877] [levelValue: 800] [[
  visiting unvisited references]]

[2025-12-29T16:29:52.878-0600] [glassfish 5.0] [INFO] [] [javax.enterprise.system.tools.deployment.common] [tid: _ThreadID=43 _ThreadName=RunLevelControllerThread-1767047389917] [timeMillis: 1767047392878] [levelValue: 800] [[
  visiting unvisited references]]

[2025-12-29T16:29:52.879-0600] [glassfish 5.0] [INFO] [] [javax.enterprise.system.tools.deployment.common] [tid: _ThreadID=43 _ThreadName=RunLevelControllerThread-1767047389917] [timeMillis: 1767047392879] [levelValue: 800] [[
  visiting unvisited references]]

[2025-12-29T16:29:52.880-0600] [glassfish 5.0] [INFO] [] [javax.enterprise.system.tools.deployment.common] [tid: _ThreadID=43 _ThreadName=RunLevelControllerThread-1767047389917] [timeMillis: 1767047392880] [levelValue: 800] [[
  visiting unvisited references]]

[2025-12-29T16:29:52.881-0600] [glassfish 5.0] [INFO] [] [javax.enterprise.system.tools.deployment.common] [tid: _ThreadID=43 _ThreadName=RunLevelControllerThread-1767047389917] [timeMillis: 1767047392881] [levelValue: 800] [[
  visiting unvisited references]]

[2025-12-29T16:29:52.882-0600] [glassfish 5.0] [INFO] [] [javax.enterprise.system.tools.deployment.common] [tid: _ThreadID=43 _ThreadName=RunLevelControllerThread-1767047389917] [timeMillis: 1767047392882] [levelValue: 800] [[
  visiting unvisited references]]

[2025-12-29T16:29:52.883-0600] [glassfish 5.0] [INFO] [] [javax.enterprise.system.tools.deployment.common] [tid: _ThreadID=43 _ThreadName=RunLevelControllerThread-1767047389917] [timeMillis: 1767047392883] [levelValue: 800] [[
  visiting unvisited references]]

[2025-12-29T16:29:52.884-0600] [glassfish 5.0] [INFO] [] [javax.enterprise.system.tools.deployment.common] [tid: _ThreadID=43 _ThreadName=RunLevelControllerThread-1767047389917] [timeMillis: 1767047392884] [levelValue: 800] [[
  visiting unvisited references]]

[2025-12-29T16:29:52.885-0600] [glassfish 5.0] [INFO] [] [javax.enterprise.system.tools.deployment.common] [tid: _ThreadID=43 _ThreadName=RunLevelControllerThread-1767047389917] [timeMillis: 1767047392885] [levelValue: 800] [[
  visiting unvisited references]]

[2025-12-29T16:29:52.973-0600] [glassfish 5.0] [SEVERE] [] [global] [tid: _ThreadID=43 _ThreadName=RunLevelControllerThread-1767047389917] [timeMillis: 1767047392973] [levelValue: 1000] [[
  Class [ com/querydsl/jpa/JPQLQuery ] not found. Error while loading [ class org.springframework.data.jpa.repository.support.QuerydslRepositorySupport ]]]

[2025-12-29T16:29:52.973-0600] [glassfish 5.0] [INFO] [] [javax.enterprise.system.tools.deployment.common] [tid: _ThreadID=43 _ThreadName=RunLevelControllerThread-1767047389917] [timeMillis: 1767047392973] [levelValue: 800] [[
  visiting unvisited references]]

[2025-12-29T16:29:52.975-0600] [glassfish 5.0] [INFO] [] [javax.enterprise.system.tools.deployment.common] [tid: _ThreadID=43 _ThreadName=RunLevelControllerThread-1767047389917] [timeMillis: 1767047392975] [levelValue: 800] [[
  visiting unvisited references]]

[2025-12-29T16:29:52.976-0600] [glassfish 5.0] [INFO] [] [javax.enterprise.system.tools.deployment.common] [tid: _ThreadID=43 _ThreadName=RunLevelControllerThread-1767047389917] [timeMillis: 1767047392976] [levelValue: 800] [[
  visiting unvisited references]]

[2025-12-29T16:29:52.977-0600] [glassfish 5.0] [INFO] [] [javax.enterprise.system.tools.deployment.common] [tid: _ThreadID=43 _ThreadName=RunLevelControllerThread-1767047389917] [timeMillis: 1767047392977] [levelValue: 800] [[
  visiting unvisited references]]

[2025-12-29T16:29:52.978-0600] [glassfish 5.0] [INFO] [] [javax.enterprise.system.tools.deployment.common] [tid: _ThreadID=43 _ThreadName=RunLevelControllerThread-1767047389917] [timeMillis: 1767047392978] [levelValue: 800] [[
  visiting unvisited references]]

[2025-12-29T16:29:52.979-0600] [glassfish 5.0] [INFO] [] [javax.enterprise.system.tools.deployment.common] [tid: _ThreadID=43 _ThreadName=RunLevelControllerThread-1767047389917] [timeMillis: 1767047392979] [levelValue: 800] [[
  visiting unvisited references]]

[2025-12-29T16:29:52.980-0600] [glassfish 5.0] [INFO] [] [javax.enterprise.system.tools.deployment.common] [tid: _ThreadID=43 _ThreadName=RunLevelControllerThread-1767047389917] [timeMillis: 1767047392980] [levelValue: 800] [[
  visiting unvisited references]]

[2025-12-29T16:29:52.980-0600] [glassfish 5.0] [INFO] [] [javax.enterprise.system.tools.deployment.common] [tid: _ThreadID=43 _ThreadName=RunLevelControllerThread-1767047389917] [timeMillis: 1767047392980] [levelValue: 800] [[
  visiting unvisited references]]

[2025-12-29T16:29:52.981-0600] [glassfish 5.0] [INFO] [] [javax.enterprise.system.tools.deployment.common] [tid: _ThreadID=43 _ThreadName=RunLevelControllerThread-1767047389917] [timeMillis: 1767047392981] [levelValue: 800] [[
  visiting unvisited references]]

[2025-12-29T16:29:52.982-0600] [glassfish 5.0] [INFO] [] [javax.enterprise.system.tools.deployment.common] [tid: _ThreadID=43 _ThreadName=RunLevelControllerThread-1767047389917] [timeMillis: 1767047392982] [levelValue: 800] [[
  visiting unvisited references]]

[2025-12-29T16:29:52.983-0600] [glassfish 5.0] [INFO] [] [javax.enterprise.system.tools.deployment.common] [tid: _ThreadID=43 _ThreadName=RunLevelControllerThread-1767047389917] [timeMillis: 1767047392983] [levelValue: 800] [[
  visiting unvisited references]]

[2025-12-29T16:29:52.984-0600] [glassfish 5.0] [INFO] [] [javax.enterprise.system.tools.deployment.common] [tid: _ThreadID=43 _ThreadName=RunLevelControllerThread-1767047389917] [timeMillis: 1767047392984] [levelValue: 800] [[
  visiting unvisited references]]

[2025-12-29T16:29:52.985-0600] [glassfish 5.0] [INFO] [] [javax.enterprise.system.tools.deployment.common] [tid: _ThreadID=43 _ThreadName=RunLevelControllerThread-1767047389917] [timeMillis: 1767047392985] [levelValue: 800] [[
  visiting unvisited references]]

[2025-12-29T16:29:52.986-0600] [glassfish 5.0] [INFO] [] [javax.enterprise.system.tools.deployment.common] [tid: _ThreadID=43 _ThreadName=RunLevelControllerThread-1767047389917] [timeMillis: 1767047392986] [levelValue: 800] [[
  visiting unvisited references]]

[2025-12-29T16:29:52.987-0600] [glassfish 5.0] [INFO] [] [javax.enterprise.system.tools.deployment.common] [tid: _ThreadID=43 _ThreadName=RunLevelControllerThread-1767047389917] [timeMillis: 1767047392987] [levelValue: 800] [[
  visiting unvisited references]]

[2025-12-29T16:29:52.987-0600] [glassfish 5.0] [INFO] [] [javax.enterprise.system.tools.deployment.common] [tid: _ThreadID=43 _ThreadName=RunLevelControllerThread-1767047389917] [timeMillis: 1767047392987] [levelValue: 800] [[
  visiting unvisited references]]

[2025-12-29T16:29:52.988-0600] [glassfish 5.0] [INFO] [] [javax.enterprise.system.tools.deployment.common] [tid: _ThreadID=43 _ThreadName=RunLevelControllerThread-1767047389917] [timeMillis: 1767047392988] [levelValue: 800] [[
  visiting unvisited references]]

[2025-12-29T16:29:52.988-0600] [glassfish 5.0] [INFO] [] [javax.enterprise.system.tools.deployment.common] [tid: _ThreadID=43 _ThreadName=RunLevelControllerThread-1767047389917] [timeMillis: 1767047392988] [levelValue: 800] [[
  visiting unvisited references]]

[2025-12-29T16:29:52.989-0600] [glassfish 5.0] [INFO] [] [javax.enterprise.system.tools.deployment.common] [tid: _ThreadID=43 _ThreadName=RunLevelControllerThread-1767047389917] [timeMillis: 1767047392989] [levelValue: 800] [[
  visiting unvisited references]]

[2025-12-29T16:29:52.989-0600] [glassfish 5.0] [INFO] [] [javax.enterprise.system.tools.deployment.common] [tid: _ThreadID=43 _ThreadName=RunLevelControllerThread-1767047389917] [timeMillis: 1767047392989] [levelValue: 800] [[
  visiting unvisited references]]

[2025-12-29T16:29:52.989-0600] [glassfish 5.0] [INFO] [] [javax.enterprise.system.tools.deployment.common] [tid: _ThreadID=43 _ThreadName=RunLevelControllerThread-1767047389917] [timeMillis: 1767047392989] [levelValue: 800] [[
  visiting unvisited references]]

[2025-12-29T16:29:52.990-0600] [glassfish 5.0] [INFO] [] [javax.enterprise.system.tools.deployment.common] [tid: _ThreadID=43 _ThreadName=RunLevelControllerThread-1767047389917] [timeMillis: 1767047392990] [levelValue: 800] [[
  visiting unvisited references]]

[2025-12-29T16:29:52.990-0600] [glassfish 5.0] [INFO] [] [javax.enterprise.system.tools.deployment.common] [tid: _ThreadID=43 _ThreadName=RunLevelControllerThread-1767047389917] [timeMillis: 1767047392990] [levelValue: 800] [[
  visiting unvisited references]]

[2025-12-29T16:29:52.990-0600] [glassfish 5.0] [INFO] [] [javax.enterprise.system.tools.deployment.common] [tid: _ThreadID=43 _ThreadName=RunLevelControllerThread-1767047389917] [timeMillis: 1767047392990] [levelValue: 800] [[
  visiting unvisited references]]

[2025-12-29T16:29:52.991-0600] [glassfish 5.0] [INFO] [] [javax.enterprise.system.tools.deployment.common] [tid: _ThreadID=43 _ThreadName=RunLevelControllerThread-1767047389917] [timeMillis: 1767047392991] [levelValue: 800] [[
  visiting unvisited references]]

[2025-12-29T16:29:52.991-0600] [glassfish 5.0] [INFO] [] [javax.enterprise.system.tools.deployment.common] [tid: _ThreadID=43 _ThreadName=RunLevelControllerThread-1767047389917] [timeMillis: 1767047392991] [levelValue: 800] [[
  visiting unvisited references]]

[2025-12-29T16:29:52.991-0600] [glassfish 5.0] [INFO] [] [javax.enterprise.system.tools.deployment.common] [tid: _ThreadID=43 _ThreadName=RunLevelControllerThread-1767047389917] [timeMillis: 1767047392991] [levelValue: 800] [[
  visiting unvisited references]]

[2025-12-29T16:29:52.991-0600] [glassfish 5.0] [INFO] [] [javax.enterprise.system.tools.deployment.common] [tid: _ThreadID=43 _ThreadName=RunLevelControllerThread-1767047389917] [timeMillis: 1767047392991] [levelValue: 800] [[
  visiting unvisited references]]

[2025-12-29T16:29:52.992-0600] [glassfish 5.0] [INFO] [] [javax.enterprise.system.tools.deployment.common] [tid: _ThreadID=43 _ThreadName=RunLevelControllerThread-1767047389917] [timeMillis: 1767047392992] [levelValue: 800] [[
  visiting unvisited references]]

[2025-12-29T16:29:52.992-0600] [glassfish 5.0] [INFO] [] [javax.enterprise.system.tools.deployment.common] [tid: _ThreadID=43 _ThreadName=RunLevelControllerThread-1767047389917] [timeMillis: 1767047392992] [levelValue: 800] [[
  visiting unvisited references]]

[2025-12-29T16:29:52.994-0600] [glassfish 5.0] [INFO] [] [javax.enterprise.system.tools.deployment.common] [tid: _ThreadID=43 _ThreadName=RunLevelControllerThread-1767047389917] [timeMillis: 1767047392994] [levelValue: 800] [[
  visiting unvisited references]]

[2025-12-29T16:29:52.995-0600] [glassfish 5.0] [INFO] [] [javax.enterprise.system.tools.deployment.common] [tid: _ThreadID=43 _ThreadName=RunLevelControllerThread-1767047389917] [timeMillis: 1767047392995] [levelValue: 800] [[
  visiting unvisited references]]

[2025-12-29T16:29:52.995-0600] [glassfish 5.0] [INFO] [] [javax.enterprise.system.tools.deployment.common] [tid: _ThreadID=43 _ThreadName=RunLevelControllerThread-1767047389917] [timeMillis: 1767047392995] [levelValue: 800] [[
  visiting unvisited references]]

[2025-12-29T16:29:52.996-0600] [glassfish 5.0] [INFO] [] [javax.enterprise.system.tools.deployment.common] [tid: _ThreadID=43 _ThreadName=RunLevelControllerThread-1767047389917] [timeMillis: 1767047392996] [levelValue: 800] [[
  visiting unvisited references]]

[2025-12-29T16:29:52.997-0600] [glassfish 5.0] [INFO] [] [javax.enterprise.system.tools.deployment.common] [tid: _ThreadID=43 _ThreadName=RunLevelControllerThread-1767047389917] [timeMillis: 1767047392997] [levelValue: 800] [[
  visiting unvisited references]]

[2025-12-29T16:29:52.997-0600] [glassfish 5.0] [INFO] [] [javax.enterprise.system.tools.deployment.common] [tid: _ThreadID=43 _ThreadName=RunLevelControllerThread-1767047389917] [timeMillis: 1767047392997] [levelValue: 800] [[
  visiting unvisited references]]

[2025-12-29T16:29:53.007-0600] [glassfish 5.0] [SEVERE] [] [global] [tid: _ThreadID=43 _ThreadName=RunLevelControllerThread-1767047389917] [timeMillis: 1767047393007] [levelValue: 1000] [[
  Class [ Lcom/unboundid/ldap/listener/InMemoryDirectoryServer; ] not found. Error while loading [ class org.springframework.boot.autoconfigure.ldap.embedded.EmbeddedLdapAutoConfiguration ]]]

[2025-12-29T16:29:53.008-0600] [glassfish 5.0] [INFO] [] [javax.enterprise.system.tools.deployment.common] [tid: _ThreadID=43 _ThreadName=RunLevelControllerThread-1767047389917] [timeMillis: 1767047393008] [levelValue: 800] [[
  visiting unvisited references]]

[2025-12-29T16:29:53.008-0600] [glassfish 5.0] [INFO] [] [javax.enterprise.system.tools.deployment.common] [tid: _ThreadID=43 _ThreadName=RunLevelControllerThread-1767047389917] [timeMillis: 1767047393008] [levelValue: 800] [[
  visiting unvisited references]]

[2025-12-29T16:29:53.008-0600] [glassfish 5.0] [INFO] [] [javax.enterprise.system.tools.deployment.common] [tid: _ThreadID=43 _ThreadName=RunLevelControllerThread-1767047389917] [timeMillis: 1767047393008] [levelValue: 800] [[
  visiting unvisited references]]

[2025-12-29T16:29:53.009-0600] [glassfish 5.0] [INFO] [] [javax.enterprise.system.tools.deployment.common] [tid: _ThreadID=43 _ThreadName=RunLevelControllerThread-1767047389917] [timeMillis: 1767047393009] [levelValue: 800] [[
  visiting unvisited references]]

[2025-12-29T16:29:53.009-0600] [glassfish 5.0] [INFO] [] [javax.enterprise.system.tools.deployment.common] [tid: _ThreadID=43 _ThreadName=RunLevelControllerThread-1767047389917] [timeMillis: 1767047393009] [levelValue: 800] [[
  visiting unvisited references]]

[2025-12-29T16:29:53.009-0600] [glassfish 5.0] [INFO] [] [javax.enterprise.system.tools.deployment.common] [tid: _ThreadID=43 _ThreadName=RunLevelControllerThread-1767047389917] [timeMillis: 1767047393009] [levelValue: 800] [[
  visiting unvisited references]]

[2025-12-29T16:29:53.010-0600] [glassfish 5.0] [INFO] [] [javax.enterprise.system.tools.deployment.common] [tid: _ThreadID=43 _ThreadName=RunLevelControllerThread-1767047389917] [timeMillis: 1767047393010] [levelValue: 800] [[
  visiting unvisited references]]

[2025-12-29T16:29:53.011-0600] [glassfish 5.0] [INFO] [] [javax.enterprise.system.tools.deployment.common] [tid: _ThreadID=43 _ThreadName=RunLevelControllerThread-1767047389917] [timeMillis: 1767047393011] [levelValue: 800] [[
  visiting unvisited references]]

[2025-12-29T16:29:53.013-0600] [glassfish 5.0] [INFO] [] [javax.enterprise.system.tools.deployment.common] [tid: _ThreadID=43 _ThreadName=RunLevelControllerThread-1767047389917] [timeMillis: 1767047393013] [levelValue: 800] [[
  visiting unvisited references]]

[2025-12-29T16:29:53.014-0600] [glassfish 5.0] [INFO] [] [javax.enterprise.system.tools.deployment.common] [tid: _ThreadID=43 _ThreadName=RunLevelControllerThread-1767047389917] [timeMillis: 1767047393014] [levelValue: 800] [[
  visiting unvisited references]]

[2025-12-29T16:29:53.015-0600] [glassfish 5.0] [INFO] [] [javax.enterprise.system.tools.deployment.common] [tid: _ThreadID=43 _ThreadName=RunLevelControllerThread-1767047389917] [timeMillis: 1767047393015] [levelValue: 800] [[
  visiting unvisited references]]

[2025-12-29T16:29:53.015-0600] [glassfish 5.0] [INFO] [] [javax.enterprise.system.tools.deployment.common] [tid: _ThreadID=43 _ThreadName=RunLevelControllerThread-1767047389917] [timeMillis: 1767047393015] [levelValue: 800] [[
  visiting unvisited references]]

[2025-12-29T16:29:53.016-0600] [glassfish 5.0] [INFO] [] [javax.enterprise.system.tools.deployment.common] [tid: _ThreadID=43 _ThreadName=RunLevelControllerThread-1767047389917] [timeMillis: 1767047393016] [levelValue: 800] [[
  visiting unvisited references]]

[2025-12-29T16:29:53.017-0600] [glassfish 5.0] [INFO] [] [javax.enterprise.system.tools.deployment.common] [tid: _ThreadID=43 _ThreadName=RunLevelControllerThread-1767047389917] [timeMillis: 1767047393017] [levelValue: 800] [[
  visiting unvisited references]]

[2025-12-29T16:29:53.018-0600] [glassfish 5.0] [INFO] [] [javax.enterprise.system.tools.deployment.common] [tid: _ThreadID=43 _ThreadName=RunLevelControllerThread-1767047389917] [timeMillis: 1767047393018] [levelValue: 800] [[
  visiting unvisited references]]

[2025-12-29T16:29:53.019-0600] [glassfish 5.0] [INFO] [] [javax.enterprise.system.tools.deployment.common] [tid: _ThreadID=43 _ThreadName=RunLevelControllerThread-1767047389917] [timeMillis: 1767047393019] [levelValue: 800] [[
  visiting unvisited references]]

[2025-12-29T16:29:53.020-0600] [glassfish 5.0] [INFO] [] [javax.enterprise.system.tools.deployment.common] [tid: _ThreadID=43 _ThreadName=RunLevelControllerThread-1767047389917] [timeMillis: 1767047393020] [levelValue: 800] [[
  visiting unvisited references]]

[2025-12-29T16:29:53.021-0600] [glassfish 5.0] [INFO] [] [javax.enterprise.system.tools.deployment.common] [tid: _ThreadID=43 _ThreadName=RunLevelControllerThread-1767047389917] [timeMillis: 1767047393021] [levelValue: 800] [[
  visiting unvisited references]]

[2025-12-29T16:29:53.022-0600] [glassfish 5.0] [INFO] [] [javax.enterprise.system.tools.deployment.common] [tid: _ThreadID=43 _ThreadName=RunLevelControllerThread-1767047389917] [timeMillis: 1767047393022] [levelValue: 800] [[
  visiting unvisited references]]

[2025-12-29T16:29:53.023-0600] [glassfish 5.0] [INFO] [] [javax.enterprise.system.tools.deployment.common] [tid: _ThreadID=43 _ThreadName=RunLevelControllerThread-1767047389917] [timeMillis: 1767047393023] [levelValue: 800] [[
  visiting unvisited references]]

[2025-12-29T16:29:53.024-0600] [glassfish 5.0] [INFO] [] [javax.enterprise.system.tools.deployment.common] [tid: _ThreadID=43 _ThreadName=RunLevelControllerThread-1767047389917] [timeMillis: 1767047393024] [levelValue: 800] [[
  visiting unvisited references]]

[2025-12-29T16:29:53.025-0600] [glassfish 5.0] [INFO] [] [javax.enterprise.system.tools.deployment.common] [tid: _ThreadID=43 _ThreadName=RunLevelControllerThread-1767047389917] [timeMillis: 1767047393025] [levelValue: 800] [[
  visiting unvisited references]]

[2025-12-29T16:29:53.025-0600] [glassfish 5.0] [INFO] [] [javax.enterprise.system.tools.deployment.common] [tid: _ThreadID=43 _ThreadName=RunLevelControllerThread-1767047389917] [timeMillis: 1767047393025] [levelValue: 800] [[
  visiting unvisited references]]

[2025-12-29T16:29:53.026-0600] [glassfish 5.0] [INFO] [] [javax.enterprise.system.tools.deployment.common] [tid: _ThreadID=43 _ThreadName=RunLevelControllerThread-1767047389917] [timeMillis: 1767047393026] [levelValue: 800] [[
  visiting unvisited references]]

[2025-12-29T16:29:53.027-0600] [glassfish 5.0] [INFO] [] [javax.enterprise.system.tools.deployment.common] [tid: _ThreadID=43 _ThreadName=RunLevelControllerThread-1767047389917] [timeMillis: 1767047393027] [levelValue: 800] [[
  visiting unvisited references]]

[2025-12-29T16:29:53.028-0600] [glassfish 5.0] [INFO] [] [javax.enterprise.system.tools.deployment.common] [tid: _ThreadID=43 _ThreadName=RunLevelControllerThread-1767047389917] [timeMillis: 1767047393028] [levelValue: 800] [[
  visiting unvisited references]]

[2025-12-29T16:29:53.028-0600] [glassfish 5.0] [INFO] [] [javax.enterprise.system.tools.deployment.common] [tid: _ThreadID=43 _ThreadName=RunLevelControllerThread-1767047389917] [timeMillis: 1767047393028] [levelValue: 800] [[
  visiting unvisited references]]

[2025-12-29T16:29:53.087-0600] [glassfish 5.0] [WARNING] [] [javax.enterprise.web.util] [tid: _ThreadID=43 _ThreadName=RunLevelControllerThread-1767047389917] [timeMillis: 1767047393087] [levelValue: 900] [[
  The web application [unknown] registered the JDBC driver [org.postgresql.Driver] but failed to unregister it when the web application was stopped. To prevent a memory leak, the JDBC Driver has been forcibly unregistered.]]

[2025-12-29T16:29:53.295-0600] [glassfish 5.0] [INFO] [] [org.hibernate.validator.internal.util.Version] [tid: _ThreadID=43 _ThreadName=RunLevelControllerThread-1767047389917] [timeMillis: 1767047393295] [levelValue: 800] [[
  HV000001: Hibernate Validator 6.0.10.Final]]

[2025-12-29T16:29:53.621-0600] [glassfish 5.0] [INFO] [] [org.glassfish.tyrus.servlet.TyrusServletContainerInitializer] [tid: _ThreadID=43 _ThreadName=RunLevelControllerThread-1767047389917] [timeMillis: 1767047393621] [levelValue: 800] [[
  Registering WebSocket filter for url pattern /*]]

[2025-12-29T16:29:53.755-0600] [glassfish 5.0] [INFO] [] [javax.enterprise.web] [tid: _ThreadID=43 _ThreadName=RunLevelControllerThread-1767047389917] [timeMillis: 1767047393755] [levelValue: 800] [[
  WebModule[/spei] ServletContext.log():2 Spring WebApplicationInitializers detected on classpath]]

[2025-12-29T16:29:54.868-0600] [glassfish 5.0] [INFO] [] [] [tid: _ThreadID=43 _ThreadName=Thread-8] [timeMillis: 1767047394868] [levelValue: 800] [[
    .   ____          _            __ _ _]]

[2025-12-29T16:29:54.868-0600] [glassfish 5.0] [INFO] [] [] [tid: _ThreadID=43 _ThreadName=Thread-8] [timeMillis: 1767047394868] [levelValue: 800] [[
   /\\ / ___'_ __ _ _(_)_ __  __ _ \ \ \ \]]

[2025-12-29T16:29:54.868-0600] [glassfish 5.0] [INFO] [] [] [tid: _ThreadID=43 _ThreadName=Thread-8] [timeMillis: 1767047394868] [levelValue: 800] [[
  ( ( )\___ | '_ | '_| | '_ \/ _` | \ \ \ \]]

[2025-12-29T16:29:54.868-0600] [glassfish 5.0] [INFO] [] [] [tid: _ThreadID=43 _ThreadName=Thread-8] [timeMillis: 1767047394868] [levelValue: 800] [[
   \\/  ___)| |_)| | | | | || (_| |  ) ) ) )]]

[2025-12-29T16:29:54.868-0600] [glassfish 5.0] [INFO] [] [] [tid: _ThreadID=43 _ThreadName=Thread-8] [timeMillis: 1767047394868] [levelValue: 800] [[
    '  |____| .__|_| |_|_| |_\__, | / / / /]]

[2025-12-29T16:29:54.868-0600] [glassfish 5.0] [INFO] [] [] [tid: _ThreadID=43 _ThreadName=Thread-8] [timeMillis: 1767047394868] [levelValue: 800] [[
   =========|_|==============|___/=/_/_/_/]]

[2025-12-29T16:29:54.871-0600] [glassfish 5.0] [INFO] [] [] [tid: _ThreadID=43 _ThreadName=Thread-8] [timeMillis: 1767047394871] [levelValue: 800] [[
   :: Spring Boot ::                (v2.7.6)]]

[2025-12-29T16:29:55.157-0600] [glassfish 5.0] [INFO] [] [] [tid: _ThreadID=43 _ThreadName=Thread-8] [timeMillis: 1767047395157] [levelValue: 800] [[
  2025-12-29 16:29:55.115  INFO 2429450 --- [d-1767047389917] fenoreste.spei.ServletInitializer        : Starting ServletInitializer using Java 1.8.0_231 on cajafama.coop with PID 2429450 (/home/stpserver/glassfish5/glassfish/domains/domain1/applications/spei/WEB-INF/classes/fenoreste/spei/ServletInitializer.class started by stpserver in /home/stpserver/glassfish5/glassfish/domains/domain1/config)
]]

[2025-12-29T16:29:55.158-0600] [glassfish 5.0] [INFO] [] [] [tid: _ThreadID=43 _ThreadName=Thread-8] [timeMillis: 1767047395158] [levelValue: 800] [[
  2025-12-29 16:29:55.158  INFO 2429450 --- [d-1767047389917] fenoreste.spei.ServletInitializer        : No active profile set, falling back to 1 default profile: "default"
]]

[2025-12-29T16:29:56.584-0600] [glassfish 5.0] [INFO] [] [] [tid: _ThreadID=43 _ThreadName=Thread-8] [timeMillis: 1767047396584] [levelValue: 800] [[
  2025-12-29 16:29:56.583  INFO 2429450 --- [d-1767047389917] .s.d.r.c.RepositoryConfigurationDelegate : Bootstrapping Spring Data JPA repositories in DEFAULT mode.
]]

[2025-12-29T16:29:56.772-0600] [glassfish 5.0] [INFO] [] [] [tid: _ThreadID=43 _ThreadName=Thread-8] [timeMillis: 1767047396772] [levelValue: 800] [[
  2025-12-29 16:29:56.772  INFO 2429450 --- [d-1767047389917] .s.d.r.c.RepositoryConfigurationDelegate : Finished Spring Data repository scanning in 169 ms. Found 20 JPA repository interfaces.
]]

[2025-12-29T16:29:56.779-0600] [glassfish 5.0] [INFO] [] [] [tid: _ThreadID=43 _ThreadName=Thread-8] [timeMillis: 1767047396779] [levelValue: 800] [[
  2025-12-29 16:29:56.779  INFO 2429450 --- [d-1767047389917] .s.d.r.c.RepositoryConfigurationDelegate : Bootstrapping Spring Data JPA repositories in DEFAULT mode.
]]

[2025-12-29T16:29:56.828-0600] [glassfish 5.0] [INFO] [] [] [tid: _ThreadID=43 _ThreadName=Thread-8] [timeMillis: 1767047396828] [levelValue: 800] [[
  2025-12-29 16:29:56.828  INFO 2429450 --- [d-1767047389917] .s.d.r.c.RepositoryConfigurationDelegate : Finished Spring Data repository scanning in 48 ms. Found 20 JPA repository interfaces.
]]

[2025-12-29T16:29:57.844-0600] [glassfish 5.0] [INFO] [] [] [tid: _ThreadID=43 _ThreadName=Thread-8] [timeMillis: 1767047397844] [levelValue: 800] [[
  2025-12-29 16:29:57.844  INFO 2429450 --- [d-1767047389917] trationDelegate$BeanPostProcessorChecker : Bean 'org.springframework.ws.config.annotation.DelegatingWsConfiguration' of type [org.springframework.ws.config.annotation.DelegatingWsConfiguration$$EnhancerBySpringCGLIB$$63b5fd9d] is not eligible for getting processed by all BeanPostProcessors (for example: not eligible for auto-proxying)
]]

[2025-12-29T16:29:57.933-0600] [glassfish 5.0] [INFO] [] [] [tid: _ThreadID=43 _ThreadName=Thread-8] [timeMillis: 1767047397933] [levelValue: 800] [[
  2025-12-29 16:29:57.933  INFO 2429450 --- [d-1767047389917] .w.s.a.s.AnnotationActionEndpointMapping : Supporting [WS-Addressing August 2004, WS-Addressing 1.0]
]]

[2025-12-29T16:29:58.061-0600] [glassfish 5.0] [INFO] [] [javax.enterprise.web] [tid: _ThreadID=43 _ThreadName=RunLevelControllerThread-1767047389917] [timeMillis: 1767047398061] [levelValue: 800] [[
  WebModule[/spei] ServletContext.log():Initializing Spring embedded WebApplicationContext]]

[2025-12-29T16:29:58.061-0600] [glassfish 5.0] [INFO] [] [] [tid: _ThreadID=43 _ThreadName=Thread-8] [timeMillis: 1767047398061] [levelValue: 800] [[
  2025-12-29 16:29:58.061  INFO 2429450 --- [d-1767047389917] w.s.c.ServletWebServerApplicationContext : Root WebApplicationContext: initialization completed in 2480 ms
]]

[2025-12-29T16:29:58.555-0600] [glassfish 5.0] [INFO] [] [org.hibernate.jpa.internal.util.LogHelper] [tid: _ThreadID=43 _ThreadName=RunLevelControllerThread-1767047389917] [timeMillis: 1767047398555] [levelValue: 800] [[
  HHH000204: Processing PersistenceUnitInfo [name: default]]]

[2025-12-29T16:29:58.732-0600] [glassfish 5.0] [INFO] [] [org.hibernate.Version] [tid: _ThreadID=43 _ThreadName=RunLevelControllerThread-1767047389917] [timeMillis: 1767047398732] [levelValue: 800] [[
  HHH000412: Hibernate ORM core version 5.6.14.Final]]

[2025-12-29T16:29:59.158-0600] [glassfish 5.0] [INFO] [] [org.hibernate.annotations.common.Version] [tid: _ThreadID=43 _ThreadName=RunLevelControllerThread-1767047389917] [timeMillis: 1767047399158] [levelValue: 800] [[
  HCANN000001: Hibernate Commons Annotations {5.1.2.Final}]]

[2025-12-29T16:29:59.655-0600] [glassfish 5.0] [INFO] [] [org.hibernate.dialect.Dialect] [tid: _ThreadID=43 _ThreadName=RunLevelControllerThread-1767047389917] [timeMillis: 1767047399655] [levelValue: 800] [[
  HHH000400: Using dialect: org.hibernate.dialect.PostgreSQLDialect]]

[2025-12-29T16:29:59.747-0600] [glassfish 5.0] [INFO] [] [org.hibernate.orm.beans] [tid: _ThreadID=43 _ThreadName=RunLevelControllerThread-1767047389917] [timeMillis: 1767047399747] [levelValue: 800] [[
  HHH10005002: No explicit CDI BeanManager reference was passed to Hibernate, but CDI is available on the Hibernate ClassLoader.]]

[2025-12-29T16:30:01.589-0600] [glassfish 5.0] [INFO] [] [org.hibernate.engine.transaction.jta.platform.internal.JtaPlatformInitiator] [tid: _ThreadID=43 _ThreadName=RunLevelControllerThread-1767047389917] [timeMillis: 1767047401589] [levelValue: 800] [[
  HHH000490: Using JtaPlatform implementation: [org.hibernate.engine.transaction.jta.platform.internal.NoJtaPlatform]]]

[2025-12-29T16:30:01.609-0600] [glassfish 5.0] [INFO] [] [] [tid: _ThreadID=43 _ThreadName=Thread-8] [timeMillis: 1767047401609] [levelValue: 800] [[
  2025-12-29 16:30:01.609  INFO 2429450 --- [d-1767047389917] j.LocalContainerEntityManagerFactoryBean : Initialized JPA EntityManagerFactory for persistence unit 'default'
]]

[2025-12-29T16:30:02.925-0600] [glassfish 5.0] [INFO] [] [] [tid: _ThreadID=43 _ThreadName=Thread-8] [timeMillis: 1767047402925] [levelValue: 800] [[
  2025-12-29 16:30:02.925  INFO 2429450 --- [d-1767047389917] f.a.AutowiredAnnotationBeanPostProcessor : Autowired annotation is not supported on static fields: private static org.springframework.web.client.RestTemplate fenoreste.spei.consumo.ConsumoCsnTDD.restTemplate
]]

[2025-12-29T16:30:03.340-0600] [glassfish 5.0] [INFO] [] [] [tid: _ThreadID=43 _ThreadName=Thread-8] [timeMillis: 1767047403340] [levelValue: 800] [[
  2025-12-29 16:30:03.340  WARN 2429450 --- [d-1767047389917] JpaBaseConfiguration$JpaWebConfiguration : spring.jpa.open-in-view is enabled by default. Therefore, database queries may be performed during view rendering. Explicitly configure spring.jpa.open-in-view to disable this warning
]]

[2025-12-29T16:30:03.907-0600] [glassfish 5.0] [INFO] [] [] [tid: _ThreadID=43 _ThreadName=Thread-8] [timeMillis: 1767047403907] [levelValue: 800] [[
  2025-12-29 16:30:03.906  INFO 2429450 --- [d-1767047389917] o.s.s.web.DefaultSecurityFilterChain     : Will secure any request with [org.springframework.security.web.session.DisableEncodeUrlFilter@39729573, org.springframework.security.web.context.request.async.WebAsyncManagerIntegrationFilter@442a36f3, org.springframework.security.web.context.SecurityContextPersistenceFilter@59960333, org.springframework.security.web.header.HeaderWriterFilter@2f552993, org.springframework.security.web.authentication.logout.LogoutFilter@378bdd57, org.springframework.security.web.authentication.www.BasicAuthenticationFilter@1feb7314, org.springframework.security.web.savedrequest.RequestCacheAwareFilter@65804682, org.springframework.security.web.servletapi.SecurityContextHolderAwareRequestFilter@3dfd6651, org.springframework.security.web.authentication.AnonymousAuthenticationFilter@d6824e1, org.springframework.security.web.session.SessionManagementFilter@2fcc1d67, org.springframework.security.web.access.ExceptionTranslationFilter@6ea8984c, org.springframework.security.web.access.intercept.FilterSecurityInterceptor@6e277607]
]]

[2025-12-29T16:30:05.000-0600] [glassfish 5.0] [INFO] [] [] [tid: _ThreadID=43 _ThreadName=Thread-8] [timeMillis: 1767047405000] [levelValue: 800] [[
  2025-12-29 16:30:05.000  INFO 2429450 --- [d-1767047389917] fenoreste.spei.ServletInitializer        : Started ServletInitializer in 10.979 seconds (JVM running for 16.951)
]]

[2025-12-29T16:30:05.144-0600] [glassfish 5.0] [INFO] [jsf.config.listener.version] [javax.enterprise.resource.webcontainer.jsf.config] [tid: _ThreadID=43 _ThreadName=RunLevelControllerThread-1767047389917] [timeMillis: 1767047405144] [levelValue: 800] [[
  Inicializando Mojarra 2.3.2 ( 20170627-2139 e63598abf2ed2bb1a24674f308a734e0dce18a72) para el contexto '/spei']]

[2025-12-29T16:30:05.827-0600] [glassfish 5.0] [SEVERE] [] [javax.enterprise.web] [tid: _ThreadID=43 _ThreadName=RunLevelControllerThread-1767047389917] [timeMillis: 1767047405827] [levelValue: 1000] [[
  WebModule[/spei]Exception starting filter WebSocket filter
java.lang.InstantiationException
	at org.apache.catalina.core.ApplicationFilterConfig.<init>(ApplicationFilterConfig.java:86)
	at org.apache.catalina.core.StandardContext.filterStart(StandardContext.java:4941)
	at org.apache.catalina.core.StandardContext.start(StandardContext.java:5585)
	at com.sun.enterprise.web.WebModule.start(WebModule.java:540)
	at org.apache.catalina.core.ContainerBase.addChildInternal(ContainerBase.java:877)
	at org.apache.catalina.core.ContainerBase.addChild(ContainerBase.java:860)
	at org.apache.catalina.core.StandardHost.addChild(StandardHost.java:644)
	at com.sun.enterprise.web.WebContainer.loadWebModule(WebContainer.java:2044)
	at com.sun.enterprise.web.WebContainer.loadWebModule(WebContainer.java:1690)
	at com.sun.enterprise.web.WebApplication.start(WebApplication.java:107)
	at org.glassfish.internal.data.EngineRef.start(EngineRef.java:122)
	at org.glassfish.internal.data.ModuleInfo.start(ModuleInfo.java:291)
	at org.glassfish.internal.data.ApplicationInfo.start(ApplicationInfo.java:352)
	at com.sun.enterprise.v3.server.ApplicationLifecycle.deploy(ApplicationLifecycle.java:500)
	at com.sun.enterprise.v3.server.ApplicationLoaderService.processApplication(ApplicationLoaderService.java:406)
	at com.sun.enterprise.v3.server.ApplicationLoaderService.postConstruct(ApplicationLoaderService.java:243)
	at org.jvnet.hk2.internal.ClazzCreator.postConstructMe(ClazzCreator.java:327)
	at org.jvnet.hk2.internal.ClazzCreator.create(ClazzCreator.java:375)
	at org.jvnet.hk2.internal.SystemDescriptor.create(SystemDescriptor.java:487)
	at org.glassfish.hk2.runlevel.internal.AsyncRunLevelContext.findOrCreate(AsyncRunLevelContext.java:305)
	at org.glassfish.hk2.runlevel.RunLevelContext.findOrCreate(RunLevelContext.java:89)
	at org.jvnet.hk2.internal.Utilities.createService(Utilities.java:2126)
	at org.jvnet.hk2.internal.ServiceHandleImpl.getService(ServiceHandleImpl.java:116)
	at org.jvnet.hk2.internal.ServiceHandleImpl.getService(ServiceHandleImpl.java:90)
	at org.glassfish.hk2.runlevel.internal.CurrentTaskFuture$QueueRunner.oneJob(CurrentTaskFuture.java:1237)
	at org.glassfish.hk2.runlevel.internal.CurrentTaskFuture$QueueRunner.run(CurrentTaskFuture.java:1168)
	at org.glassfish.hk2.runlevel.internal.CurrentTaskFuture$UpOneLevel.run(CurrentTaskFuture.java:786)
	at java.util.concurrent.ThreadPoolExecutor.runWorker(ThreadPoolExecutor.java:1149)
	at java.util.concurrent.ThreadPoolExecutor$Worker.run(ThreadPoolExecutor.java:624)
	at java.lang.Thread.run(Thread.java:748)
Caused by: java.lang.ClassCastException: org.apache.tomcat.websocket.server.WsServerContainer cannot be cast to org.glassfish.tyrus.server.TyrusServerContainer
	at org.glassfish.tyrus.servlet.TyrusServletFilter.init(TyrusServletFilter.java:119)
	at org.apache.catalina.core.ApplicationFilterConfig.getFilter(ApplicationFilterConfig.java:226)
	at org.apache.catalina.core.ApplicationFilterConfig.<init>(ApplicationFilterConfig.java:82)
	... 29 more
]]

[2025-12-29T16:30:05.831-0600] [glassfish 5.0] [INFO] [AS-WEB-GLUE-00172] [javax.enterprise.web] [tid: _ThreadID=43 _ThreadName=RunLevelControllerThread-1767047389917] [timeMillis: 1767047405831] [levelValue: 800] [[
  Loading application [spei] at [/spei]]]

[2025-12-29T16:30:05.833-0600] [glassfish 5.0] [INFO] [NCLS-CORE-00022] [javax.enterprise.system.core] [tid: _ThreadID=43 _ThreadName=RunLevelControllerThread-1767047389917] [timeMillis: 1767047405833] [levelValue: 800] [[
  Loading application spei done in 15,532 ms]]

[2025-12-29T16:30:05.833-0600] [glassfish 5.0] [INFO] [NCLS-CORE-00017] [javax.enterprise.system.core] [tid: _ThreadID=1 _ThreadName=main] [timeMillis: 1767047405833] [levelValue: 800] [[
  GlassFish Server Open Source Edition  5.0.1  (5) startup time : Felix (1,775ms), startup services(15,929ms), total(17,704ms)]]

[2025-12-29T16:30:05.897-0600] [glassfish 5.0] [INFO] [NCLS-CORE-00087] [javax.enterprise.system.core] [tid: _ThreadID=41 _ThreadName=RunLevelControllerThread-1767047389910] [timeMillis: 1767047405897] [levelValue: 800] [[
  Grizzly Framework 2.4.3 started in: 1ms - bound to [/0.0.0.0:7676]]]

[2025-12-29T16:30:05.959-0600] [glassfish 5.0] [INFO] [NCLS-BOOTSTRAP-00027] [javax.enterprise.bootstrap] [tid: _ThreadID=1 _ThreadName=main] [timeMillis: 1767047405959] [levelValue: 800] [[
  Registered com.sun.enterprise.glassfish.bootstrap.osgi.EmbeddedOSGiGlassFishImpl@7a799159 as OSGi service registration: org.apache.felix.framework.ServiceRegistrationImpl@40ab8a8.]]

[2025-12-29T16:30:06.053-0600] [glassfish 5.0] [INFO] [NCLS-JMX-00005] [javax.enterprise.system.jmx] [tid: _ThreadID=113 _ThreadName=Thread-35] [timeMillis: 1767047406053] [levelValue: 800] [[
  JMXStartupService has started JMXConnector on JMXService URL service:jmx:rmi://cajafama.coop:8686/jndi/rmi://cajafama.coop:8686/jmxrmi]]

[2025-12-29T16:30:06.091-0600] [glassfish 5.0] [INFO] [] [org.jvnet.hk2.osgiadapter] [tid: _ThreadID=28 _ThreadName=FelixStartLevel] [timeMillis: 1767047406091] [levelValue: 800] [[
  Skipping registration of inhabitant for service reference [org.osgi.service.cm.ManagedService] as the service object could not be obtained.]]

[2025-12-29T16:30:06.092-0600] [glassfish 5.0] [INFO] [] [org.jvnet.hk2.osgiadapter] [tid: _ThreadID=28 _ThreadName=FelixStartLevel] [timeMillis: 1767047406092] [levelValue: 800] [[
  Skipping registration of inhabitant for service reference [org.osgi.service.metatype.MetaTypeProvider] as the service object could not be obtained.]]

[2025-12-29T16:30:28.757-0600] [glassfish 5.0] [INFO] [] [javax.enterprise.system.tools.deployment.common] [tid: _ThreadID=151 _ThreadName=Thread-50] [timeMillis: 1767047428757] [levelValue: 800] [[
  visiting unvisited references]]

[2025-12-29T16:30:28.949-0600] [glassfish 5.0] [INFO] [] [javax.enterprise.system.tools.deployment.common] [tid: _ThreadID=151 _ThreadName=Thread-50] [timeMillis: 1767047428949] [levelValue: 800] [[
  visiting unvisited references]]

[2025-12-29T16:30:28.957-0600] [glassfish 5.0] [INFO] [] [javax.enterprise.system.tools.deployment.common] [tid: _ThreadID=151 _ThreadName=Thread-50] [timeMillis: 1767047428957] [levelValue: 800] [[
  visiting unvisited references]]

[2025-12-29T16:30:28.958-0600] [glassfish 5.0] [INFO] [] [javax.enterprise.system.tools.deployment.common] [tid: _ThreadID=151 _ThreadName=Thread-50] [timeMillis: 1767047428958] [levelValue: 800] [[
  visiting unvisited references]]

[2025-12-29T16:30:29.461-0600] [glassfish 5.0] [INFO] [jsf.config.listener.version] [javax.enterprise.resource.webcontainer.jsf.config] [tid: _ThreadID=151 _ThreadName=Thread-50] [timeMillis: 1767047429461] [levelValue: 800] [[
  Inicializando Mojarra 2.3.2 ( 20170627-2139 e63598abf2ed2bb1a24674f308a734e0dce18a72) para el contexto '']]

[2025-12-29T16:30:29.779-0600] [glassfish 5.0] [INFO] [AS-WEB-GLUE-00172] [javax.enterprise.web] [tid: _ThreadID=151 _ThreadName=Thread-50] [timeMillis: 1767047429779] [levelValue: 800] [[
  Loading application [__admingui] at [/]]]

[2025-12-29T16:30:29.780-0600] [glassfish 5.0] [INFO] [NCLS-CORE-00022] [javax.enterprise.system.core] [tid: _ThreadID=151 _ThreadName=Thread-50] [timeMillis: 1767047429780] [levelValue: 800] [[
  Loading application __admingui done in 1,123 ms]]

[2025-12-29T16:30:29.932-0600] [glassfish 5.0] [WARNING] [] [javax.enterprise.system.container.web.com.sun.web.security] [tid: _ThreadID=70 _ThreadName=admin-listener(4)] [timeMillis: 1767047429932] [levelValue: 900] [[
  Context path from ServletContext:  differs from path from bundle: /]]

[2025-12-29T16:30:36.197-0600] [glassfish 5.0] [INFO] [] [javax.enterprise.web] [tid: _ThreadID=63 _ThreadName=http-listener-2(4)] [timeMillis: 1767047436197] [levelValue: 800] [[
  WebModule[/spei] ServletContext.log():Initializing Spring DispatcherServlet &#x27;dispatcherServlet&#x27;]]

[2025-12-29T16:30:36.198-0600] [glassfish 5.0] [INFO] [] [] [tid: _ThreadID=63 _ThreadName=Thread-8] [timeMillis: 1767047436198] [levelValue: 800] [[
  2025-12-29 16:30:36.197  INFO 2429450 --- [p-listener-2(4)] o.s.web.servlet.DispatcherServlet        : Initializing Servlet 'dispatcherServlet'
]]

[2025-12-29T16:30:36.200-0600] [glassfish 5.0] [INFO] [] [] [tid: _ThreadID=63 _ThreadName=Thread-8] [timeMillis: 1767047436200] [levelValue: 800] [[
  2025-12-29 16:30:36.200  INFO 2429450 --- [p-listener-2(4)] o.s.web.servlet.DispatcherServlet        : Completed initialization in 2 ms
]]

[2025-12-30T03:00:00.008-0600] [glassfish 5.0] [INFO] [] [] [tid: _ThreadID=105 _ThreadName=Thread-8] [timeMillis: 1767085200008] [levelValue: 800] [[
  2025-12-30 03:00:00.008  INFO 2429450 --- [   scheduling-1] .s.a.AnnotationAsyncExecutionInterceptor : More than one TaskExecutor bean found within the context, and none is named 'taskExecutor'. Mark one of them as primary or name it 'taskExecutor' (possibly as an alias) in order to use it for async processing: [threadPoolTaskExecutor, taskScheduler]
]]

[2025-12-30T03:00:00.019-0600] [glassfish 5.0] [INFO] [] [] [tid: _ThreadID=291 _ThreadName=Thread-8] [timeMillis: 1767085200019] [levelValue: 800] [[
  ::::::::::::Vamos a eliminar cache temporales:::::::::::::::::::::::]]

[2025-12-30T09:36:34.496-0600] [] [INFO] [NCLS-GFLAUNCHER-00005] [javax.enterprise.launcher] [tid: _ThreadID=1 _ThreadName=main] [timeMillis: 1767108994496] [levelValue: 800] [[
  JVM invocation command line:
/usr/java/jdk1.8.0_231-amd64/bin/java
-cp
/home/stpserver/glassfish5/glassfish/modules/glassfish.jar
-XX:+UnlockDiagnosticVMOptions
-XX:NewRatio=2
-XX:MaxPermSize=192m
-Xmx512m
-javaagent:/home/stpserver/glassfish5/glassfish/lib/monitor/flashlight-agent.jar
-client
-Djavax.xml.accessExternalSchema=all
-Djavax.net.ssl.trustStore=/home/stpserver/glassfish5/glassfish/domains/domain1/config/cacerts.jks
-Djdk.tls.rejectClientInitiatedRenegotiation=true
-Djdk.corba.allowOutputStreamSubclass=true
-Dfelix.fileinstall.dir=/home/stpserver/glassfish5/glassfish/modules/autostart/
-Dorg.glassfish.additionalOSGiBundlesToStart=org.apache.felix.shell,org.apache.felix.gogo.runtime,org.apache.felix.gogo.shell,org.apache.felix.gogo.command,org.apache.felix.shell.remote,org.apache.felix.fileinstall
-Dcom.sun.aas.installRoot=/home/stpserver/glassfish5/glassfish
-Dfelix.fileinstall.poll=5000
-Djava.endorsed.dirs=/home/stpserver/glassfish5/glassfish/modules/endorsed:/home/stpserver/glassfish5/glassfish/lib/endorsed
-Djava.security.policy=/home/stpserver/glassfish5/glassfish/domains/domain1/config/server.policy
-Dosgi.shell.telnet.maxconn=1
-Dfelix.fileinstall.bundles.startTransient=true
-Dcom.sun.enterprise.config.config_environment_factory_class=com.sun.enterprise.config.serverbeans.AppserverConfigEnvironmentFactory
-Dfelix.fileinstall.log.level=2
-Djavax.net.ssl.keyStore=/home/stpserver/glassfish5/glassfish/domains/domain1/config/keystore.jks
-Djava.security.auth.login.config=/home/stpserver/glassfish5/glassfish/domains/domain1/config/login.conf
-Dfelix.fileinstall.disableConfigSave=false
-Dfelix.fileinstall.bundles.new.start=true
-Dcom.sun.aas.instanceRoot=/home/stpserver/glassfish5/glassfish/domains/domain1
-Dosgi.shell.telnet.port=6666
-Dgosh.args=--nointeractive
-Dcom.sun.enterprise.security.httpsOutboundKeyAlias=s1as
-Dosgi.shell.telnet.ip=127.0.0.1
-DANTLR_USE_DIRECT_CLASS_LOADING=true
-Djava.awt.headless=true
-Dcom.ctc.wstx.returnNullForDefaultNamespace=true
-Djava.ext.dirs=/usr/java/jdk1.8.0_231-amd64/lib/ext:/usr/java/jdk1.8.0_231-amd64/jre/lib/ext:/home/stpserver/glassfish5/glassfish/domains/domain1/lib/ext
-Djdbc.drivers=org.apache.derby.jdbc.ClientDriver
-Djava.library.path=/home/stpserver/glassfish5/glassfish/lib:/usr/java/packages/lib/amd64:/usr/lib64:/lib64:/lib:/usr/lib
com.sun.enterprise.glassfish.bootstrap.ASMain
-upgrade
false
-domaindir
/home/stpserver/glassfish5/glassfish/domains/domain1
-read-stdin
true
-asadmin-args
--host,,,localhost,,,--port,,,4848,,,--secure=false,,,--terse=false,,,--echo=false,,,--interactive=true,,,start-domain,,,--verbose=true,,,--watchdog=false,,,--debug=false,,,--domaindir,,,/home/stpserver/glassfish5/glassfish/domains,,,domain1
-domainname
domain1
-instancename
server
-type
DAS
-verbose
true
-asadmin-classpath
/home/stpserver/glassfish5/glassfish/lib/client/appserver-cli.jar
-debug
false
-asadmin-classname
com.sun.enterprise.admin.cli.AdminMain]]

[2025-12-30T09:36:36.543-0600] [glassfish 5.0] [INFO] [NCLS-LOGGING-00009] [javax.enterprise.logging] [tid: _ThreadID=42 _ThreadName=RunLevelControllerThread-1767108996438] [timeMillis: 1767108996543] [levelValue: 800] [[
  Running GlassFish Version: GlassFish Server Open Source Edition  5.0.1  (build 5)]]

[2025-12-30T09:36:36.545-0600] [glassfish 5.0] [INFO] [NCLS-LOGGING-00010] [javax.enterprise.logging] [tid: _ThreadID=42 _ThreadName=RunLevelControllerThread-1767108996438] [timeMillis: 1767108996545] [levelValue: 800] [[
  Server log file is using Formatter class: com.sun.enterprise.server.logging.ODLLogFormatter]]

[2025-12-30T09:36:36.661-0600] [glassfish 5.0] [INFO] [NCLS-SECURITY-01115] [javax.enterprise.system.core.security] [tid: _ThreadID=43 _ThreadName=RunLevelControllerThread-1767108996445] [timeMillis: 1767108996661] [levelValue: 800] [[
  Realm [admin-realm] of classtype [com.sun.enterprise.security.auth.realm.file.FileRealm] successfully created.]]

[2025-12-30T09:36:36.662-0600] [glassfish 5.0] [INFO] [NCLS-SECURITY-01115] [javax.enterprise.system.core.security] [tid: _ThreadID=43 _ThreadName=RunLevelControllerThread-1767108996445] [timeMillis: 1767108996662] [levelValue: 800] [[
  Realm [file] of classtype [com.sun.enterprise.security.auth.realm.file.FileRealm] successfully created.]]

[2025-12-30T09:36:36.665-0600] [glassfish 5.0] [INFO] [NCLS-SECURITY-01115] [javax.enterprise.system.core.security] [tid: _ThreadID=43 _ThreadName=RunLevelControllerThread-1767108996445] [timeMillis: 1767108996665] [levelValue: 800] [[
  Realm [certificate] of classtype [com.sun.enterprise.security.auth.realm.certificate.CertificateRealm] successfully created.]]

[2025-12-30T09:36:36.913-0600] [glassfish 5.0] [INFO] [SEC-SVCS-00100] [javax.enterprise.security.services] [tid: _ThreadID=42 _ThreadName=RunLevelControllerThread-1767108996438] [timeMillis: 1767108996913] [levelValue: 800] [[
  Authorization Service has successfully initialized.]]

[2025-12-30T09:36:36.951-0600] [glassfish 5.0] [INFO] [jts.startup_msg] [javax.enterprise.system.core.transaction.com.sun.jts.CosTransactions] [tid: _ThreadID=43 _ThreadName=RunLevelControllerThread-1767108996445] [timeMillis: 1767108996951] [levelValue: 800] [[
  JTS5014: Recoverable JTS instance, serverId = [100]]]

[2025-12-30T09:36:36.964-0600] [glassfish 5.0] [INFO] [] [org.glassfish.ha.store.spi.BackingStoreFactoryRegistry] [tid: _ThreadID=42 _ThreadName=RunLevelControllerThread-1767108996438] [timeMillis: 1767108996964] [levelValue: 800] [[
  Registered org.glassfish.ha.store.adapter.cache.ShoalBackingStoreProxy for persistence-type = replicated in BackingStoreFactoryRegistry]]

[2025-12-30T09:36:37.029-0600] [glassfish 5.0] [INFO] [NCLS-CORE-00087] [javax.enterprise.system.core] [tid: _ThreadID=41 _ThreadName=RunLevelControllerThread-1767108996437] [timeMillis: 1767108997029] [levelValue: 800] [[
  Grizzly Framework 2.4.3 started in: 16ms - bound to [/0.0.0.0:8080]]]

[2025-12-30T09:36:37.053-0600] [glassfish 5.0] [INFO] [NCLS-CORE-00087] [javax.enterprise.system.core] [tid: _ThreadID=41 _ThreadName=RunLevelControllerThread-1767108996437] [timeMillis: 1767108997053] [levelValue: 800] [[
  Grizzly Framework 2.4.3 started in: 0ms - bound to [/0.0.0.0:8086]]]

[2025-12-30T09:36:37.061-0600] [glassfish 5.0] [INFO] [NCLS-CORE-00087] [javax.enterprise.system.core] [tid: _ThreadID=41 _ThreadName=RunLevelControllerThread-1767108996437] [timeMillis: 1767108997061] [levelValue: 800] [[
  Grizzly Framework 2.4.3 started in: 0ms - bound to [/0.0.0.0:4848]]]

[2025-12-30T09:36:37.110-0600] [glassfish 5.0] [INFO] [NCLS-CORE-00087] [javax.enterprise.system.core] [tid: _ThreadID=44 _ThreadName=RunLevelControllerThread-1767108996445] [timeMillis: 1767108997110] [levelValue: 800] [[
  Grizzly Framework 2.4.3 started in: 0ms - bound to [/0.0.0.0:3700]]]

[2025-12-30T09:36:37.246-0600] [glassfish 5.0] [SEVERE] [] [javax.enterprise.system.tools.deployment.common] [tid: _ThreadID=89 _ThreadName=deployment-jar-scanner] [timeMillis: 1767108997246] [levelValue: 1000] [[
  Exception while visiting META-INF/versions/11/module-info.class of size 722
java.lang.IllegalArgumentException
	at org.glassfish.hk2.external.org.objectweb.asm.ClassReader.<init>(ClassReader.java:160)
	at org.glassfish.hk2.external.org.objectweb.asm.ClassReader.<init>(ClassReader.java:143)
	at org.glassfish.hk2.external.org.objectweb.asm.ClassReader.<init>(ClassReader.java:418)
	at org.glassfish.hk2.classmodel.reflect.Parser$5.on(Parser.java:359)
	at com.sun.enterprise.v3.server.ReadableArchiveScannerAdapter.handleEntry(ReadableArchiveScannerAdapter.java:165)
	at com.sun.enterprise.v3.server.ReadableArchiveScannerAdapter.onSelectedEntries(ReadableArchiveScannerAdapter.java:127)
	at org.glassfish.hk2.classmodel.reflect.Parser.doJob(Parser.java:345)
	at org.glassfish.hk2.classmodel.reflect.Parser.access$300(Parser.java:68)
	at org.glassfish.hk2.classmodel.reflect.Parser$3.call(Parser.java:304)
	at org.glassfish.hk2.classmodel.reflect.Parser$3.call(Parser.java:293)
	at java.util.concurrent.FutureTask.run(FutureTask.java:266)
	at java.util.concurrent.ThreadPoolExecutor.runWorker(ThreadPoolExecutor.java:1149)
	at java.util.concurrent.ThreadPoolExecutor$Worker.run(ThreadPoolExecutor.java:624)
	at java.lang.Thread.run(Thread.java:748)
]]

[2025-12-30T09:36:38.030-0600] [glassfish 5.0] [INFO] [] [javax.enterprise.system.tools.deployment.common] [tid: _ThreadID=43 _ThreadName=RunLevelControllerThread-1767108996445] [timeMillis: 1767108998030] [levelValue: 800] [[
  visiting unvisited references]]

[2025-12-30T09:36:38.440-0600] [glassfish 5.0] [INFO] [NCLS-SECURITY-01002] [javax.enterprise.system.core.security] [tid: _ThreadID=43 _ThreadName=RunLevelControllerThread-1767108996445] [timeMillis: 1767108998440] [levelValue: 800] [[
  Java security manager is disabled.]]

[2025-12-30T09:36:38.441-0600] [glassfish 5.0] [INFO] [NCLS-SECURITY-01010] [javax.enterprise.system.core.security] [tid: _ThreadID=43 _ThreadName=RunLevelControllerThread-1767108996445] [timeMillis: 1767108998441] [levelValue: 800] [[
  Entering Security Startup Service.]]

[2025-12-30T09:36:38.443-0600] [glassfish 5.0] [INFO] [NCLS-SECURITY-01143] [javax.enterprise.system.core.security] [tid: _ThreadID=43 _ThreadName=RunLevelControllerThread-1767108996445] [timeMillis: 1767108998443] [levelValue: 800] [[
  Loading policy provider com.sun.enterprise.security.provider.PolicyWrapper.]]

[2025-12-30T09:36:38.468-0600] [glassfish 5.0] [INFO] [NCLS-SECURITY-01011] [javax.enterprise.system.core.security] [tid: _ThreadID=43 _ThreadName=RunLevelControllerThread-1767108996445] [timeMillis: 1767108998468] [levelValue: 800] [[
  Security Service(s) started successfully.]]

[2025-12-30T09:36:38.660-0600] [glassfish 5.0] [INFO] [AS-WEB-GLUE-00198] [javax.enterprise.web] [tid: _ThreadID=43 _ThreadName=RunLevelControllerThread-1767108996445] [timeMillis: 1767108998660] [levelValue: 800] [[
  Created HTTP listener http-listener-1 on host/port 0.0.0.0:8080]]

[2025-12-30T09:36:38.666-0600] [glassfish 5.0] [INFO] [AS-WEB-GLUE-00198] [javax.enterprise.web] [tid: _ThreadID=43 _ThreadName=RunLevelControllerThread-1767108996445] [timeMillis: 1767108998666] [levelValue: 800] [[
  Created HTTP listener http-listener-2 on host/port 0.0.0.0:8086]]

[2025-12-30T09:36:38.669-0600] [glassfish 5.0] [INFO] [AS-WEB-GLUE-00198] [javax.enterprise.web] [tid: _ThreadID=43 _ThreadName=RunLevelControllerThread-1767108996445] [timeMillis: 1767108998669] [levelValue: 800] [[
  Created HTTP listener admin-listener on host/port 0.0.0.0:4848]]

[2025-12-30T09:36:38.688-0600] [glassfish 5.0] [INFO] [AS-WEB-GLUE-00200] [javax.enterprise.web] [tid: _ThreadID=43 _ThreadName=RunLevelControllerThread-1767108996445] [timeMillis: 1767108998688] [levelValue: 800] [[
  Created virtual server server]]

[2025-12-30T09:36:38.692-0600] [glassfish 5.0] [INFO] [AS-WEB-GLUE-00200] [javax.enterprise.web] [tid: _ThreadID=43 _ThreadName=RunLevelControllerThread-1767108996445] [timeMillis: 1767108998692] [levelValue: 800] [[
  Created virtual server __asadmin]]

[2025-12-30T09:36:38.927-0600] [glassfish 5.0] [INFO] [AS-WEB-CORE-00306] [javax.enterprise.web.core] [tid: _ThreadID=43 _ThreadName=RunLevelControllerThread-1767108996445] [timeMillis: 1767108998927] [levelValue: 800] [[
  Setting JAAS app name glassfish-web]]

[2025-12-30T09:36:38.928-0600] [glassfish 5.0] [INFO] [AS-WEB-GLUE-00201] [javax.enterprise.web] [tid: _ThreadID=43 _ThreadName=RunLevelControllerThread-1767108996445] [timeMillis: 1767108998928] [levelValue: 800] [[
  Virtual server server loaded default web module ]]

[2025-12-30T09:36:39.187-0600] [glassfish 5.0] [INFO] [] [javax.enterprise.system.tools.deployment.common] [tid: _ThreadID=43 _ThreadName=RunLevelControllerThread-1767108996445] [timeMillis: 1767108999187] [levelValue: 800] [[
  visiting unvisited references]]

[2025-12-30T09:36:39.443-0600] [glassfish 5.0] [INFO] [] [javax.enterprise.system.tools.deployment.common] [tid: _ThreadID=43 _ThreadName=RunLevelControllerThread-1767108996445] [timeMillis: 1767108999443] [levelValue: 800] [[
  visiting unvisited references]]

[2025-12-30T09:36:39.445-0600] [glassfish 5.0] [INFO] [] [javax.enterprise.system.tools.deployment.common] [tid: _ThreadID=43 _ThreadName=RunLevelControllerThread-1767108996445] [timeMillis: 1767108999445] [levelValue: 800] [[
  visiting unvisited references]]

[2025-12-30T09:36:39.446-0600] [glassfish 5.0] [INFO] [] [javax.enterprise.system.tools.deployment.common] [tid: _ThreadID=43 _ThreadName=RunLevelControllerThread-1767108996445] [timeMillis: 1767108999446] [levelValue: 800] [[
  visiting unvisited references]]

[2025-12-30T09:36:39.447-0600] [glassfish 5.0] [INFO] [] [javax.enterprise.system.tools.deployment.common] [tid: _ThreadID=43 _ThreadName=RunLevelControllerThread-1767108996445] [timeMillis: 1767108999447] [levelValue: 800] [[
  visiting unvisited references]]

[2025-12-30T09:36:39.448-0600] [glassfish 5.0] [INFO] [] [javax.enterprise.system.tools.deployment.common] [tid: _ThreadID=43 _ThreadName=RunLevelControllerThread-1767108996445] [timeMillis: 1767108999448] [levelValue: 800] [[
  visiting unvisited references]]

[2025-12-30T09:36:39.449-0600] [glassfish 5.0] [INFO] [] [javax.enterprise.system.tools.deployment.common] [tid: _ThreadID=43 _ThreadName=RunLevelControllerThread-1767108996445] [timeMillis: 1767108999449] [levelValue: 800] [[
  visiting unvisited references]]

[2025-12-30T09:36:39.450-0600] [glassfish 5.0] [INFO] [] [javax.enterprise.system.tools.deployment.common] [tid: _ThreadID=43 _ThreadName=RunLevelControllerThread-1767108996445] [timeMillis: 1767108999450] [levelValue: 800] [[
  visiting unvisited references]]

[2025-12-30T09:36:39.451-0600] [glassfish 5.0] [INFO] [] [javax.enterprise.system.tools.deployment.common] [tid: _ThreadID=43 _ThreadName=RunLevelControllerThread-1767108996445] [timeMillis: 1767108999451] [levelValue: 800] [[
  visiting unvisited references]]

[2025-12-30T09:36:39.452-0600] [glassfish 5.0] [INFO] [] [javax.enterprise.system.tools.deployment.common] [tid: _ThreadID=43 _ThreadName=RunLevelControllerThread-1767108996445] [timeMillis: 1767108999452] [levelValue: 800] [[
  visiting unvisited references]]

[2025-12-30T09:36:39.453-0600] [glassfish 5.0] [INFO] [] [javax.enterprise.system.tools.deployment.common] [tid: _ThreadID=43 _ThreadName=RunLevelControllerThread-1767108996445] [timeMillis: 1767108999453] [levelValue: 800] [[
  visiting unvisited references]]

[2025-12-30T09:36:39.455-0600] [glassfish 5.0] [INFO] [] [javax.enterprise.system.tools.deployment.common] [tid: _ThreadID=43 _ThreadName=RunLevelControllerThread-1767108996445] [timeMillis: 1767108999455] [levelValue: 800] [[
  visiting unvisited references]]

[2025-12-30T09:36:39.476-0600] [glassfish 5.0] [SEVERE] [] [global] [tid: _ThreadID=43 _ThreadName=RunLevelControllerThread-1767108996445] [timeMillis: 1767108999476] [levelValue: 1000] [[
  Class [ com/querydsl/jpa/JPQLQuery ] not found. Error while loading [ class org.springframework.data.jpa.repository.support.QuerydslRepositorySupport ]]]

[2025-12-30T09:36:39.547-0600] [glassfish 5.0] [INFO] [] [javax.enterprise.system.tools.deployment.common] [tid: _ThreadID=43 _ThreadName=RunLevelControllerThread-1767108996445] [timeMillis: 1767108999547] [levelValue: 800] [[
  visiting unvisited references]]

[2025-12-30T09:36:39.548-0600] [glassfish 5.0] [INFO] [] [javax.enterprise.system.tools.deployment.common] [tid: _ThreadID=43 _ThreadName=RunLevelControllerThread-1767108996445] [timeMillis: 1767108999548] [levelValue: 800] [[
  visiting unvisited references]]

[2025-12-30T09:36:39.548-0600] [glassfish 5.0] [INFO] [] [javax.enterprise.system.tools.deployment.common] [tid: _ThreadID=43 _ThreadName=RunLevelControllerThread-1767108996445] [timeMillis: 1767108999548] [levelValue: 800] [[
  visiting unvisited references]]

[2025-12-30T09:36:39.549-0600] [glassfish 5.0] [INFO] [] [javax.enterprise.system.tools.deployment.common] [tid: _ThreadID=43 _ThreadName=RunLevelControllerThread-1767108996445] [timeMillis: 1767108999549] [levelValue: 800] [[
  visiting unvisited references]]

[2025-12-30T09:36:39.550-0600] [glassfish 5.0] [INFO] [] [javax.enterprise.system.tools.deployment.common] [tid: _ThreadID=43 _ThreadName=RunLevelControllerThread-1767108996445] [timeMillis: 1767108999550] [levelValue: 800] [[
  visiting unvisited references]]

[2025-12-30T09:36:39.551-0600] [glassfish 5.0] [INFO] [] [javax.enterprise.system.tools.deployment.common] [tid: _ThreadID=43 _ThreadName=RunLevelControllerThread-1767108996445] [timeMillis: 1767108999551] [levelValue: 800] [[
  visiting unvisited references]]

[2025-12-30T09:36:39.552-0600] [glassfish 5.0] [INFO] [] [javax.enterprise.system.tools.deployment.common] [tid: _ThreadID=43 _ThreadName=RunLevelControllerThread-1767108996445] [timeMillis: 1767108999552] [levelValue: 800] [[
  visiting unvisited references]]

[2025-12-30T09:36:39.553-0600] [glassfish 5.0] [INFO] [] [javax.enterprise.system.tools.deployment.common] [tid: _ThreadID=43 _ThreadName=RunLevelControllerThread-1767108996445] [timeMillis: 1767108999553] [levelValue: 800] [[
  visiting unvisited references]]

[2025-12-30T09:36:39.553-0600] [glassfish 5.0] [INFO] [] [javax.enterprise.system.tools.deployment.common] [tid: _ThreadID=43 _ThreadName=RunLevelControllerThread-1767108996445] [timeMillis: 1767108999553] [levelValue: 800] [[
  visiting unvisited references]]

[2025-12-30T09:36:39.554-0600] [glassfish 5.0] [INFO] [] [javax.enterprise.system.tools.deployment.common] [tid: _ThreadID=43 _ThreadName=RunLevelControllerThread-1767108996445] [timeMillis: 1767108999554] [levelValue: 800] [[
  visiting unvisited references]]

[2025-12-30T09:36:39.555-0600] [glassfish 5.0] [INFO] [] [javax.enterprise.system.tools.deployment.common] [tid: _ThreadID=43 _ThreadName=RunLevelControllerThread-1767108996445] [timeMillis: 1767108999555] [levelValue: 800] [[
  visiting unvisited references]]

[2025-12-30T09:36:39.556-0600] [glassfish 5.0] [INFO] [] [javax.enterprise.system.tools.deployment.common] [tid: _ThreadID=43 _ThreadName=RunLevelControllerThread-1767108996445] [timeMillis: 1767108999556] [levelValue: 800] [[
  visiting unvisited references]]

[2025-12-30T09:36:39.557-0600] [glassfish 5.0] [INFO] [] [javax.enterprise.system.tools.deployment.common] [tid: _ThreadID=43 _ThreadName=RunLevelControllerThread-1767108996445] [timeMillis: 1767108999557] [levelValue: 800] [[
  visiting unvisited references]]

[2025-12-30T09:36:39.558-0600] [glassfish 5.0] [INFO] [] [javax.enterprise.system.tools.deployment.common] [tid: _ThreadID=43 _ThreadName=RunLevelControllerThread-1767108996445] [timeMillis: 1767108999558] [levelValue: 800] [[
  visiting unvisited references]]

[2025-12-30T09:36:39.558-0600] [glassfish 5.0] [INFO] [] [javax.enterprise.system.tools.deployment.common] [tid: _ThreadID=43 _ThreadName=RunLevelControllerThread-1767108996445] [timeMillis: 1767108999558] [levelValue: 800] [[
  visiting unvisited references]]

[2025-12-30T09:36:39.559-0600] [glassfish 5.0] [INFO] [] [javax.enterprise.system.tools.deployment.common] [tid: _ThreadID=43 _ThreadName=RunLevelControllerThread-1767108996445] [timeMillis: 1767108999559] [levelValue: 800] [[
  visiting unvisited references]]

[2025-12-30T09:36:39.560-0600] [glassfish 5.0] [INFO] [] [javax.enterprise.system.tools.deployment.common] [tid: _ThreadID=43 _ThreadName=RunLevelControllerThread-1767108996445] [timeMillis: 1767108999560] [levelValue: 800] [[
  visiting unvisited references]]

[2025-12-30T09:36:39.561-0600] [glassfish 5.0] [INFO] [] [javax.enterprise.system.tools.deployment.common] [tid: _ThreadID=43 _ThreadName=RunLevelControllerThread-1767108996445] [timeMillis: 1767108999561] [levelValue: 800] [[
  visiting unvisited references]]

[2025-12-30T09:36:39.562-0600] [glassfish 5.0] [INFO] [] [javax.enterprise.system.tools.deployment.common] [tid: _ThreadID=43 _ThreadName=RunLevelControllerThread-1767108996445] [timeMillis: 1767108999562] [levelValue: 800] [[
  visiting unvisited references]]

[2025-12-30T09:36:39.563-0600] [glassfish 5.0] [INFO] [] [javax.enterprise.system.tools.deployment.common] [tid: _ThreadID=43 _ThreadName=RunLevelControllerThread-1767108996445] [timeMillis: 1767108999563] [levelValue: 800] [[
  visiting unvisited references]]

[2025-12-30T09:36:39.564-0600] [glassfish 5.0] [INFO] [] [javax.enterprise.system.tools.deployment.common] [tid: _ThreadID=43 _ThreadName=RunLevelControllerThread-1767108996445] [timeMillis: 1767108999564] [levelValue: 800] [[
  visiting unvisited references]]

[2025-12-30T09:36:39.565-0600] [glassfish 5.0] [INFO] [] [javax.enterprise.system.tools.deployment.common] [tid: _ThreadID=43 _ThreadName=RunLevelControllerThread-1767108996445] [timeMillis: 1767108999565] [levelValue: 800] [[
  visiting unvisited references]]

[2025-12-30T09:36:39.565-0600] [glassfish 5.0] [INFO] [] [javax.enterprise.system.tools.deployment.common] [tid: _ThreadID=43 _ThreadName=RunLevelControllerThread-1767108996445] [timeMillis: 1767108999565] [levelValue: 800] [[
  visiting unvisited references]]

[2025-12-30T09:36:39.566-0600] [glassfish 5.0] [INFO] [] [javax.enterprise.system.tools.deployment.common] [tid: _ThreadID=43 _ThreadName=RunLevelControllerThread-1767108996445] [timeMillis: 1767108999566] [levelValue: 800] [[
  visiting unvisited references]]

[2025-12-30T09:36:39.568-0600] [glassfish 5.0] [INFO] [] [javax.enterprise.system.tools.deployment.common] [tid: _ThreadID=43 _ThreadName=RunLevelControllerThread-1767108996445] [timeMillis: 1767108999568] [levelValue: 800] [[
  visiting unvisited references]]

[2025-12-30T09:36:39.569-0600] [glassfish 5.0] [INFO] [] [javax.enterprise.system.tools.deployment.common] [tid: _ThreadID=43 _ThreadName=RunLevelControllerThread-1767108996445] [timeMillis: 1767108999569] [levelValue: 800] [[
  visiting unvisited references]]

[2025-12-30T09:36:39.570-0600] [glassfish 5.0] [INFO] [] [javax.enterprise.system.tools.deployment.common] [tid: _ThreadID=43 _ThreadName=RunLevelControllerThread-1767108996445] [timeMillis: 1767108999570] [levelValue: 800] [[
  visiting unvisited references]]

[2025-12-30T09:36:39.571-0600] [glassfish 5.0] [INFO] [] [javax.enterprise.system.tools.deployment.common] [tid: _ThreadID=43 _ThreadName=RunLevelControllerThread-1767108996445] [timeMillis: 1767108999571] [levelValue: 800] [[
  visiting unvisited references]]

[2025-12-30T09:36:39.572-0600] [glassfish 5.0] [INFO] [] [javax.enterprise.system.tools.deployment.common] [tid: _ThreadID=43 _ThreadName=RunLevelControllerThread-1767108996445] [timeMillis: 1767108999572] [levelValue: 800] [[
  visiting unvisited references]]

[2025-12-30T09:36:39.572-0600] [glassfish 5.0] [INFO] [] [javax.enterprise.system.tools.deployment.common] [tid: _ThreadID=43 _ThreadName=RunLevelControllerThread-1767108996445] [timeMillis: 1767108999572] [levelValue: 800] [[
  visiting unvisited references]]

[2025-12-30T09:36:39.573-0600] [glassfish 5.0] [INFO] [] [javax.enterprise.system.tools.deployment.common] [tid: _ThreadID=43 _ThreadName=RunLevelControllerThread-1767108996445] [timeMillis: 1767108999573] [levelValue: 800] [[
  visiting unvisited references]]

[2025-12-30T09:36:39.574-0600] [glassfish 5.0] [INFO] [] [javax.enterprise.system.tools.deployment.common] [tid: _ThreadID=43 _ThreadName=RunLevelControllerThread-1767108996445] [timeMillis: 1767108999574] [levelValue: 800] [[
  visiting unvisited references]]

[2025-12-30T09:36:39.574-0600] [glassfish 5.0] [INFO] [] [javax.enterprise.system.tools.deployment.common] [tid: _ThreadID=43 _ThreadName=RunLevelControllerThread-1767108996445] [timeMillis: 1767108999574] [levelValue: 800] [[
  visiting unvisited references]]

[2025-12-30T09:36:39.575-0600] [glassfish 5.0] [INFO] [] [javax.enterprise.system.tools.deployment.common] [tid: _ThreadID=43 _ThreadName=RunLevelControllerThread-1767108996445] [timeMillis: 1767108999575] [levelValue: 800] [[
  visiting unvisited references]]

[2025-12-30T09:36:39.575-0600] [glassfish 5.0] [INFO] [] [javax.enterprise.system.tools.deployment.common] [tid: _ThreadID=43 _ThreadName=RunLevelControllerThread-1767108996445] [timeMillis: 1767108999575] [levelValue: 800] [[
  visiting unvisited references]]

[2025-12-30T09:36:39.576-0600] [glassfish 5.0] [INFO] [] [javax.enterprise.system.tools.deployment.common] [tid: _ThreadID=43 _ThreadName=RunLevelControllerThread-1767108996445] [timeMillis: 1767108999576] [levelValue: 800] [[
  visiting unvisited references]]

[2025-12-30T09:36:39.585-0600] [glassfish 5.0] [SEVERE] [] [global] [tid: _ThreadID=43 _ThreadName=RunLevelControllerThread-1767108996445] [timeMillis: 1767108999585] [levelValue: 1000] [[
  Class [ Lcom/unboundid/ldap/listener/InMemoryDirectoryServer; ] not found. Error while loading [ class org.springframework.boot.autoconfigure.ldap.embedded.EmbeddedLdapAutoConfiguration ]]]

[2025-12-30T09:36:39.586-0600] [glassfish 5.0] [INFO] [] [javax.enterprise.system.tools.deployment.common] [tid: _ThreadID=43 _ThreadName=RunLevelControllerThread-1767108996445] [timeMillis: 1767108999586] [levelValue: 800] [[
  visiting unvisited references]]

[2025-12-30T09:36:39.587-0600] [glassfish 5.0] [INFO] [] [javax.enterprise.system.tools.deployment.common] [tid: _ThreadID=43 _ThreadName=RunLevelControllerThread-1767108996445] [timeMillis: 1767108999587] [levelValue: 800] [[
  visiting unvisited references]]

[2025-12-30T09:36:39.588-0600] [glassfish 5.0] [INFO] [] [javax.enterprise.system.tools.deployment.common] [tid: _ThreadID=43 _ThreadName=RunLevelControllerThread-1767108996445] [timeMillis: 1767108999588] [levelValue: 800] [[
  visiting unvisited references]]

[2025-12-30T09:36:39.588-0600] [glassfish 5.0] [INFO] [] [javax.enterprise.system.tools.deployment.common] [tid: _ThreadID=43 _ThreadName=RunLevelControllerThread-1767108996445] [timeMillis: 1767108999588] [levelValue: 800] [[
  visiting unvisited references]]

[2025-12-30T09:36:39.589-0600] [glassfish 5.0] [INFO] [] [javax.enterprise.system.tools.deployment.common] [tid: _ThreadID=43 _ThreadName=RunLevelControllerThread-1767108996445] [timeMillis: 1767108999589] [levelValue: 800] [[
  visiting unvisited references]]

[2025-12-30T09:36:39.589-0600] [glassfish 5.0] [INFO] [] [javax.enterprise.system.tools.deployment.common] [tid: _ThreadID=43 _ThreadName=RunLevelControllerThread-1767108996445] [timeMillis: 1767108999589] [levelValue: 800] [[
  visiting unvisited references]]

[2025-12-30T09:36:39.590-0600] [glassfish 5.0] [INFO] [] [javax.enterprise.system.tools.deployment.common] [tid: _ThreadID=43 _ThreadName=RunLevelControllerThread-1767108996445] [timeMillis: 1767108999590] [levelValue: 800] [[
  visiting unvisited references]]

[2025-12-30T09:36:39.591-0600] [glassfish 5.0] [INFO] [] [javax.enterprise.system.tools.deployment.common] [tid: _ThreadID=43 _ThreadName=RunLevelControllerThread-1767108996445] [timeMillis: 1767108999591] [levelValue: 800] [[
  visiting unvisited references]]

[2025-12-30T09:36:39.591-0600] [glassfish 5.0] [INFO] [] [javax.enterprise.system.tools.deployment.common] [tid: _ThreadID=43 _ThreadName=RunLevelControllerThread-1767108996445] [timeMillis: 1767108999591] [levelValue: 800] [[
  visiting unvisited references]]

[2025-12-30T09:36:39.592-0600] [glassfish 5.0] [INFO] [] [javax.enterprise.system.tools.deployment.common] [tid: _ThreadID=43 _ThreadName=RunLevelControllerThread-1767108996445] [timeMillis: 1767108999592] [levelValue: 800] [[
  visiting unvisited references]]

[2025-12-30T09:36:39.593-0600] [glassfish 5.0] [INFO] [] [javax.enterprise.system.tools.deployment.common] [tid: _ThreadID=43 _ThreadName=RunLevelControllerThread-1767108996445] [timeMillis: 1767108999593] [levelValue: 800] [[
  visiting unvisited references]]

[2025-12-30T09:36:39.593-0600] [glassfish 5.0] [INFO] [] [javax.enterprise.system.tools.deployment.common] [tid: _ThreadID=43 _ThreadName=RunLevelControllerThread-1767108996445] [timeMillis: 1767108999593] [levelValue: 800] [[
  visiting unvisited references]]

[2025-12-30T09:36:39.594-0600] [glassfish 5.0] [INFO] [] [javax.enterprise.system.tools.deployment.common] [tid: _ThreadID=43 _ThreadName=RunLevelControllerThread-1767108996445] [timeMillis: 1767108999594] [levelValue: 800] [[
  visiting unvisited references]]

[2025-12-30T09:36:39.594-0600] [glassfish 5.0] [INFO] [] [javax.enterprise.system.tools.deployment.common] [tid: _ThreadID=43 _ThreadName=RunLevelControllerThread-1767108996445] [timeMillis: 1767108999594] [levelValue: 800] [[
  visiting unvisited references]]

[2025-12-30T09:36:39.595-0600] [glassfish 5.0] [INFO] [] [javax.enterprise.system.tools.deployment.common] [tid: _ThreadID=43 _ThreadName=RunLevelControllerThread-1767108996445] [timeMillis: 1767108999595] [levelValue: 800] [[
  visiting unvisited references]]

[2025-12-30T09:36:39.596-0600] [glassfish 5.0] [INFO] [] [javax.enterprise.system.tools.deployment.common] [tid: _ThreadID=43 _ThreadName=RunLevelControllerThread-1767108996445] [timeMillis: 1767108999596] [levelValue: 800] [[
  visiting unvisited references]]

[2025-12-30T09:36:39.596-0600] [glassfish 5.0] [INFO] [] [javax.enterprise.system.tools.deployment.common] [tid: _ThreadID=43 _ThreadName=RunLevelControllerThread-1767108996445] [timeMillis: 1767108999596] [levelValue: 800] [[
  visiting unvisited references]]

[2025-12-30T09:36:39.597-0600] [glassfish 5.0] [INFO] [] [javax.enterprise.system.tools.deployment.common] [tid: _ThreadID=43 _ThreadName=RunLevelControllerThread-1767108996445] [timeMillis: 1767108999597] [levelValue: 800] [[
  visiting unvisited references]]

[2025-12-30T09:36:39.597-0600] [glassfish 5.0] [INFO] [] [javax.enterprise.system.tools.deployment.common] [tid: _ThreadID=43 _ThreadName=RunLevelControllerThread-1767108996445] [timeMillis: 1767108999597] [levelValue: 800] [[
  visiting unvisited references]]

[2025-12-30T09:36:39.598-0600] [glassfish 5.0] [INFO] [] [javax.enterprise.system.tools.deployment.common] [tid: _ThreadID=43 _ThreadName=RunLevelControllerThread-1767108996445] [timeMillis: 1767108999598] [levelValue: 800] [[
  visiting unvisited references]]

[2025-12-30T09:36:39.599-0600] [glassfish 5.0] [INFO] [] [javax.enterprise.system.tools.deployment.common] [tid: _ThreadID=43 _ThreadName=RunLevelControllerThread-1767108996445] [timeMillis: 1767108999599] [levelValue: 800] [[
  visiting unvisited references]]

[2025-12-30T09:36:39.600-0600] [glassfish 5.0] [INFO] [] [javax.enterprise.system.tools.deployment.common] [tid: _ThreadID=43 _ThreadName=RunLevelControllerThread-1767108996445] [timeMillis: 1767108999600] [levelValue: 800] [[
  visiting unvisited references]]

[2025-12-30T09:36:39.600-0600] [glassfish 5.0] [INFO] [] [javax.enterprise.system.tools.deployment.common] [tid: _ThreadID=43 _ThreadName=RunLevelControllerThread-1767108996445] [timeMillis: 1767108999600] [levelValue: 800] [[
  visiting unvisited references]]

[2025-12-30T09:36:39.601-0600] [glassfish 5.0] [INFO] [] [javax.enterprise.system.tools.deployment.common] [tid: _ThreadID=43 _ThreadName=RunLevelControllerThread-1767108996445] [timeMillis: 1767108999601] [levelValue: 800] [[
  visiting unvisited references]]

[2025-12-30T09:36:39.601-0600] [glassfish 5.0] [INFO] [] [javax.enterprise.system.tools.deployment.common] [tid: _ThreadID=43 _ThreadName=RunLevelControllerThread-1767108996445] [timeMillis: 1767108999601] [levelValue: 800] [[
  visiting unvisited references]]

[2025-12-30T09:36:39.602-0600] [glassfish 5.0] [INFO] [] [javax.enterprise.system.tools.deployment.common] [tid: _ThreadID=43 _ThreadName=RunLevelControllerThread-1767108996445] [timeMillis: 1767108999602] [levelValue: 800] [[
  visiting unvisited references]]

[2025-12-30T09:36:39.603-0600] [glassfish 5.0] [INFO] [] [javax.enterprise.system.tools.deployment.common] [tid: _ThreadID=43 _ThreadName=RunLevelControllerThread-1767108996445] [timeMillis: 1767108999603] [levelValue: 800] [[
  visiting unvisited references]]

[2025-12-30T09:36:39.674-0600] [glassfish 5.0] [WARNING] [] [javax.enterprise.web.util] [tid: _ThreadID=43 _ThreadName=RunLevelControllerThread-1767108996445] [timeMillis: 1767108999674] [levelValue: 900] [[
  The web application [unknown] registered the JDBC driver [org.postgresql.Driver] but failed to unregister it when the web application was stopped. To prevent a memory leak, the JDBC Driver has been forcibly unregistered.]]

[2025-12-30T09:36:39.983-0600] [glassfish 5.0] [INFO] [] [org.hibernate.validator.internal.util.Version] [tid: _ThreadID=43 _ThreadName=RunLevelControllerThread-1767108996445] [timeMillis: 1767108999983] [levelValue: 800] [[
  HV000001: Hibernate Validator 6.0.10.Final]]

[2025-12-30T09:36:40.343-0600] [glassfish 5.0] [INFO] [] [org.glassfish.tyrus.servlet.TyrusServletContainerInitializer] [tid: _ThreadID=43 _ThreadName=RunLevelControllerThread-1767108996445] [timeMillis: 1767109000343] [levelValue: 800] [[
  Registering WebSocket filter for url pattern /*]]

[2025-12-30T09:36:40.537-0600] [glassfish 5.0] [INFO] [] [javax.enterprise.web] [tid: _ThreadID=43 _ThreadName=RunLevelControllerThread-1767108996445] [timeMillis: 1767109000537] [levelValue: 800] [[
  WebModule[/spei] ServletContext.log():2 Spring WebApplicationInitializers detected on classpath]]

[2025-12-30T09:36:41.555-0600] [glassfish 5.0] [INFO] [] [] [tid: _ThreadID=43 _ThreadName=Thread-8] [timeMillis: 1767109001555] [levelValue: 800] [[
    .   ____          _            __ _ _]]

[2025-12-30T09:36:41.555-0600] [glassfish 5.0] [INFO] [] [] [tid: _ThreadID=43 _ThreadName=Thread-8] [timeMillis: 1767109001555] [levelValue: 800] [[
   /\\ / ___'_ __ _ _(_)_ __  __ _ \ \ \ \]]

[2025-12-30T09:36:41.555-0600] [glassfish 5.0] [INFO] [] [] [tid: _ThreadID=43 _ThreadName=Thread-8] [timeMillis: 1767109001555] [levelValue: 800] [[
  ( ( )\___ | '_ | '_| | '_ \/ _` | \ \ \ \]]

[2025-12-30T09:36:41.555-0600] [glassfish 5.0] [INFO] [] [] [tid: _ThreadID=43 _ThreadName=Thread-8] [timeMillis: 1767109001555] [levelValue: 800] [[
   \\/  ___)| |_)| | | | | || (_| |  ) ) ) )]]

[2025-12-30T09:36:41.555-0600] [glassfish 5.0] [INFO] [] [] [tid: _ThreadID=43 _ThreadName=Thread-8] [timeMillis: 1767109001555] [levelValue: 800] [[
    '  |____| .__|_| |_|_| |_\__, | / / / /]]

[2025-12-30T09:36:41.555-0600] [glassfish 5.0] [INFO] [] [] [tid: _ThreadID=43 _ThreadName=Thread-8] [timeMillis: 1767109001555] [levelValue: 800] [[
   =========|_|==============|___/=/_/_/_/]]

[2025-12-30T09:36:41.558-0600] [glassfish 5.0] [INFO] [] [] [tid: _ThreadID=43 _ThreadName=Thread-8] [timeMillis: 1767109001558] [levelValue: 800] [[
   :: Spring Boot ::                (v2.7.6)]]

[2025-12-30T09:36:41.891-0600] [glassfish 5.0] [INFO] [] [] [tid: _ThreadID=43 _ThreadName=Thread-8] [timeMillis: 1767109001891] [levelValue: 800] [[
  2025-12-30 09:36:41.866  INFO 2437146 --- [d-1767108996445] fenoreste.spei.ServletInitializer        : Starting ServletInitializer using Java 1.8.0_231 on cajafama.coop with PID 2437146 (/home/stpserver/glassfish5/glassfish/domains/domain1/applications/spei/WEB-INF/classes/fenoreste/spei/ServletInitializer.class started by stpserver in /home/stpserver/glassfish5/glassfish/domains/domain1/config)
]]

[2025-12-30T09:36:41.892-0600] [glassfish 5.0] [INFO] [] [] [tid: _ThreadID=43 _ThreadName=Thread-8] [timeMillis: 1767109001892] [levelValue: 800] [[
  2025-12-30 09:36:41.892  INFO 2437146 --- [d-1767108996445] fenoreste.spei.ServletInitializer        : No active profile set, falling back to 1 default profile: "default"
]]

[2025-12-30T09:36:43.260-0600] [glassfish 5.0] [INFO] [] [] [tid: _ThreadID=43 _ThreadName=Thread-8] [timeMillis: 1767109003260] [levelValue: 800] [[
  2025-12-30 09:36:43.260  INFO 2437146 --- [d-1767108996445] .s.d.r.c.RepositoryConfigurationDelegate : Bootstrapping Spring Data JPA repositories in DEFAULT mode.
]]

[2025-12-30T09:36:43.448-0600] [glassfish 5.0] [INFO] [] [] [tid: _ThreadID=43 _ThreadName=Thread-8] [timeMillis: 1767109003448] [levelValue: 800] [[
  2025-12-30 09:36:43.448  INFO 2437146 --- [d-1767108996445] .s.d.r.c.RepositoryConfigurationDelegate : Finished Spring Data repository scanning in 171 ms. Found 20 JPA repository interfaces.
]]

[2025-12-30T09:36:43.456-0600] [glassfish 5.0] [INFO] [] [] [tid: _ThreadID=43 _ThreadName=Thread-8] [timeMillis: 1767109003456] [levelValue: 800] [[
  2025-12-30 09:36:43.456  INFO 2437146 --- [d-1767108996445] .s.d.r.c.RepositoryConfigurationDelegate : Bootstrapping Spring Data JPA repositories in DEFAULT mode.
]]

[2025-12-30T09:36:43.506-0600] [glassfish 5.0] [INFO] [] [] [tid: _ThreadID=43 _ThreadName=Thread-8] [timeMillis: 1767109003506] [levelValue: 800] [[
  2025-12-30 09:36:43.506  INFO 2437146 --- [d-1767108996445] .s.d.r.c.RepositoryConfigurationDelegate : Finished Spring Data repository scanning in 49 ms. Found 20 JPA repository interfaces.
]]

[2025-12-30T09:36:44.487-0600] [glassfish 5.0] [INFO] [] [] [tid: _ThreadID=43 _ThreadName=Thread-8] [timeMillis: 1767109004487] [levelValue: 800] [[
  2025-12-30 09:36:44.487  INFO 2437146 --- [d-1767108996445] trationDelegate$BeanPostProcessorChecker : Bean 'org.springframework.ws.config.annotation.DelegatingWsConfiguration' of type [org.springframework.ws.config.annotation.DelegatingWsConfiguration$$EnhancerBySpringCGLIB$$35981ebc] is not eligible for getting processed by all BeanPostProcessors (for example: not eligible for auto-proxying)
]]

[2025-12-30T09:36:44.576-0600] [glassfish 5.0] [INFO] [] [] [tid: _ThreadID=43 _ThreadName=Thread-8] [timeMillis: 1767109004576] [levelValue: 800] [[
  2025-12-30 09:36:44.576  INFO 2437146 --- [d-1767108996445] .w.s.a.s.AnnotationActionEndpointMapping : Supporting [WS-Addressing August 2004, WS-Addressing 1.0]
]]

[2025-12-30T09:36:44.693-0600] [glassfish 5.0] [INFO] [] [javax.enterprise.web] [tid: _ThreadID=43 _ThreadName=RunLevelControllerThread-1767108996445] [timeMillis: 1767109004693] [levelValue: 800] [[
  WebModule[/spei] ServletContext.log():Initializing Spring embedded WebApplicationContext]]

[2025-12-30T09:36:44.693-0600] [glassfish 5.0] [INFO] [] [] [tid: _ThreadID=43 _ThreadName=Thread-8] [timeMillis: 1767109004693] [levelValue: 800] [[
  2025-12-30 09:36:44.693  INFO 2437146 --- [d-1767108996445] w.s.c.ServletWebServerApplicationContext : Root WebApplicationContext: initialization completed in 2407 ms
]]

[2025-12-30T09:36:45.217-0600] [glassfish 5.0] [INFO] [] [org.hibernate.jpa.internal.util.LogHelper] [tid: _ThreadID=43 _ThreadName=RunLevelControllerThread-1767108996445] [timeMillis: 1767109005217] [levelValue: 800] [[
  HHH000204: Processing PersistenceUnitInfo [name: default]]]

[2025-12-30T09:36:45.390-0600] [glassfish 5.0] [INFO] [] [org.hibernate.Version] [tid: _ThreadID=43 _ThreadName=RunLevelControllerThread-1767108996445] [timeMillis: 1767109005390] [levelValue: 800] [[
  HHH000412: Hibernate ORM core version 5.6.14.Final]]

[2025-12-30T09:36:45.810-0600] [glassfish 5.0] [INFO] [] [org.hibernate.annotations.common.Version] [tid: _ThreadID=43 _ThreadName=RunLevelControllerThread-1767108996445] [timeMillis: 1767109005810] [levelValue: 800] [[
  HCANN000001: Hibernate Commons Annotations {5.1.2.Final}]]

[2025-12-30T09:36:46.317-0600] [glassfish 5.0] [INFO] [] [org.hibernate.dialect.Dialect] [tid: _ThreadID=43 _ThreadName=RunLevelControllerThread-1767108996445] [timeMillis: 1767109006317] [levelValue: 800] [[
  HHH000400: Using dialect: org.hibernate.dialect.PostgreSQLDialect]]

[2025-12-30T09:36:46.413-0600] [glassfish 5.0] [INFO] [] [org.hibernate.orm.beans] [tid: _ThreadID=43 _ThreadName=RunLevelControllerThread-1767108996445] [timeMillis: 1767109006413] [levelValue: 800] [[
  HHH10005002: No explicit CDI BeanManager reference was passed to Hibernate, but CDI is available on the Hibernate ClassLoader.]]

[2025-12-30T09:36:48.270-0600] [glassfish 5.0] [INFO] [] [org.hibernate.engine.transaction.jta.platform.internal.JtaPlatformInitiator] [tid: _ThreadID=43 _ThreadName=RunLevelControllerThread-1767108996445] [timeMillis: 1767109008270] [levelValue: 800] [[
  HHH000490: Using JtaPlatform implementation: [org.hibernate.engine.transaction.jta.platform.internal.NoJtaPlatform]]]

[2025-12-30T09:36:48.291-0600] [glassfish 5.0] [INFO] [] [] [tid: _ThreadID=43 _ThreadName=Thread-8] [timeMillis: 1767109008291] [levelValue: 800] [[
  2025-12-30 09:36:48.291  INFO 2437146 --- [d-1767108996445] j.LocalContainerEntityManagerFactoryBean : Initialized JPA EntityManagerFactory for persistence unit 'default'
]]

[2025-12-30T09:36:49.599-0600] [glassfish 5.0] [INFO] [] [] [tid: _ThreadID=43 _ThreadName=Thread-8] [timeMillis: 1767109009599] [levelValue: 800] [[
  2025-12-30 09:36:49.599  INFO 2437146 --- [d-1767108996445] f.a.AutowiredAnnotationBeanPostProcessor : Autowired annotation is not supported on static fields: private static org.springframework.web.client.RestTemplate fenoreste.spei.consumo.ConsumoCsnTDD.restTemplate
]]

[2025-12-30T09:36:49.947-0600] [glassfish 5.0] [INFO] [] [] [tid: _ThreadID=43 _ThreadName=Thread-8] [timeMillis: 1767109009947] [levelValue: 800] [[
  2025-12-30 09:36:49.947  WARN 2437146 --- [d-1767108996445] JpaBaseConfiguration$JpaWebConfiguration : spring.jpa.open-in-view is enabled by default. Therefore, database queries may be performed during view rendering. Explicitly configure spring.jpa.open-in-view to disable this warning
]]

[2025-12-30T09:36:50.556-0600] [glassfish 5.0] [INFO] [] [] [tid: _ThreadID=43 _ThreadName=Thread-8] [timeMillis: 1767109010556] [levelValue: 800] [[
  2025-12-30 09:36:50.556  INFO 2437146 --- [d-1767108996445] o.s.s.web.DefaultSecurityFilterChain     : Will secure any request with [org.springframework.security.web.session.DisableEncodeUrlFilter@3ed84666, org.springframework.security.web.context.request.async.WebAsyncManagerIntegrationFilter@704aa817, org.springframework.security.web.context.SecurityContextPersistenceFilter@3d0f2d4d, org.springframework.security.web.header.HeaderWriterFilter@62f28f0c, org.springframework.security.web.authentication.logout.LogoutFilter@62641911, org.springframework.security.web.authentication.www.BasicAuthenticationFilter@3a4b6424, org.springframework.security.web.savedrequest.RequestCacheAwareFilter@248cfc0c, org.springframework.security.web.servletapi.SecurityContextHolderAwareRequestFilter@600ad00f, org.springframework.security.web.authentication.AnonymousAuthenticationFilter@244b12f6, org.springframework.security.web.session.SessionManagementFilter@29577685, org.springframework.security.web.access.ExceptionTranslationFilter@45233051, org.springframework.security.web.access.intercept.FilterSecurityInterceptor@743f7b74]
]]

[2025-12-30T09:36:51.650-0600] [glassfish 5.0] [INFO] [] [] [tid: _ThreadID=43 _ThreadName=Thread-8] [timeMillis: 1767109011650] [levelValue: 800] [[
  2025-12-30 09:36:51.650  INFO 2437146 --- [d-1767108996445] fenoreste.spei.ServletInitializer        : Started ServletInitializer in 10.928 seconds (JVM running for 17.099)
]]

[2025-12-30T09:36:51.707-0600] [glassfish 5.0] [INFO] [jsf.config.listener.version] [javax.enterprise.resource.webcontainer.jsf.config] [tid: _ThreadID=43 _ThreadName=RunLevelControllerThread-1767108996445] [timeMillis: 1767109011707] [levelValue: 800] [[
  Inicializando Mojarra 2.3.2 ( 20170627-2139 e63598abf2ed2bb1a24674f308a734e0dce18a72) para el contexto '/spei']]

[2025-12-30T09:36:52.434-0600] [glassfish 5.0] [SEVERE] [] [javax.enterprise.web] [tid: _ThreadID=43 _ThreadName=RunLevelControllerThread-1767108996445] [timeMillis: 1767109012434] [levelValue: 1000] [[
  WebModule[/spei]Exception starting filter WebSocket filter
java.lang.InstantiationException
	at org.apache.catalina.core.ApplicationFilterConfig.<init>(ApplicationFilterConfig.java:86)
	at org.apache.catalina.core.StandardContext.filterStart(StandardContext.java:4941)
	at org.apache.catalina.core.StandardContext.start(StandardContext.java:5585)
	at com.sun.enterprise.web.WebModule.start(WebModule.java:540)
	at org.apache.catalina.core.ContainerBase.addChildInternal(ContainerBase.java:877)
	at org.apache.catalina.core.ContainerBase.addChild(ContainerBase.java:860)
	at org.apache.catalina.core.StandardHost.addChild(StandardHost.java:644)
	at com.sun.enterprise.web.WebContainer.loadWebModule(WebContainer.java:2044)
	at com.sun.enterprise.web.WebContainer.loadWebModule(WebContainer.java:1690)
	at com.sun.enterprise.web.WebApplication.start(WebApplication.java:107)
	at org.glassfish.internal.data.EngineRef.start(EngineRef.java:122)
	at org.glassfish.internal.data.ModuleInfo.start(ModuleInfo.java:291)
	at org.glassfish.internal.data.ApplicationInfo.start(ApplicationInfo.java:352)
	at com.sun.enterprise.v3.server.ApplicationLifecycle.deploy(ApplicationLifecycle.java:500)
	at com.sun.enterprise.v3.server.ApplicationLoaderService.processApplication(ApplicationLoaderService.java:406)
	at com.sun.enterprise.v3.server.ApplicationLoaderService.postConstruct(ApplicationLoaderService.java:243)
	at org.jvnet.hk2.internal.ClazzCreator.postConstructMe(ClazzCreator.java:327)
	at org.jvnet.hk2.internal.ClazzCreator.create(ClazzCreator.java:375)
	at org.jvnet.hk2.internal.SystemDescriptor.create(SystemDescriptor.java:487)
	at org.glassfish.hk2.runlevel.internal.AsyncRunLevelContext.findOrCreate(AsyncRunLevelContext.java:305)
	at org.glassfish.hk2.runlevel.RunLevelContext.findOrCreate(RunLevelContext.java:89)
	at org.jvnet.hk2.internal.Utilities.createService(Utilities.java:2126)
	at org.jvnet.hk2.internal.ServiceHandleImpl.getService(ServiceHandleImpl.java:116)
	at org.jvnet.hk2.internal.ServiceHandleImpl.getService(ServiceHandleImpl.java:90)
	at org.glassfish.hk2.runlevel.internal.CurrentTaskFuture$QueueRunner.oneJob(CurrentTaskFuture.java:1237)
	at org.glassfish.hk2.runlevel.internal.CurrentTaskFuture$QueueRunner.run(CurrentTaskFuture.java:1168)
	at org.glassfish.hk2.runlevel.internal.CurrentTaskFuture$UpOneLevel.run(CurrentTaskFuture.java:786)
	at java.util.concurrent.ThreadPoolExecutor.runWorker(ThreadPoolExecutor.java:1149)
	at java.util.concurrent.ThreadPoolExecutor$Worker.run(ThreadPoolExecutor.java:624)
	at java.lang.Thread.run(Thread.java:748)
Caused by: java.lang.ClassCastException: org.apache.tomcat.websocket.server.WsServerContainer cannot be cast to org.glassfish.tyrus.server.TyrusServerContainer
	at org.glassfish.tyrus.servlet.TyrusServletFilter.init(TyrusServletFilter.java:119)
	at org.apache.catalina.core.ApplicationFilterConfig.getFilter(ApplicationFilterConfig.java:226)
	at org.apache.catalina.core.ApplicationFilterConfig.<init>(ApplicationFilterConfig.java:82)
	... 29 more
]]

[2025-12-30T09:36:52.438-0600] [glassfish 5.0] [INFO] [AS-WEB-GLUE-00172] [javax.enterprise.web] [tid: _ThreadID=43 _ThreadName=RunLevelControllerThread-1767108996445] [timeMillis: 1767109012438] [levelValue: 800] [[
  Loading application [spei] at [/spei]]]

[2025-12-30T09:36:52.441-0600] [glassfish 5.0] [INFO] [NCLS-CORE-00022] [javax.enterprise.system.core] [tid: _ThreadID=43 _ThreadName=RunLevelControllerThread-1767108996445] [timeMillis: 1767109012441] [levelValue: 800] [[
  Loading application spei done in 15,581 ms]]

[2025-12-30T09:36:52.442-0600] [glassfish 5.0] [INFO] [NCLS-CORE-00017] [javax.enterprise.system.core] [tid: _ThreadID=1 _ThreadName=main] [timeMillis: 1767109012442] [levelValue: 800] [[
  GlassFish Server Open Source Edition  5.0.1  (5) startup time : Felix (1,797ms), startup services(16,011ms), total(17,808ms)]]

[2025-12-30T09:36:52.489-0600] [glassfish 5.0] [INFO] [NCLS-CORE-00087] [javax.enterprise.system.core] [tid: _ThreadID=43 _ThreadName=RunLevelControllerThread-1767108996445] [timeMillis: 1767109012489] [levelValue: 800] [[
  Grizzly Framework 2.4.3 started in: 1ms - bound to [/0.0.0.0:7676]]]

[2025-12-30T09:36:52.553-0600] [glassfish 5.0] [INFO] [NCLS-BOOTSTRAP-00027] [javax.enterprise.bootstrap] [tid: _ThreadID=1 _ThreadName=main] [timeMillis: 1767109012553] [levelValue: 800] [[
  Registered com.sun.enterprise.glassfish.bootstrap.osgi.EmbeddedOSGiGlassFishImpl@7a799159 as OSGi service registration: org.apache.felix.framework.ServiceRegistrationImpl@40ab8a8.]]

[2025-12-30T09:36:52.657-0600] [glassfish 5.0] [INFO] [NCLS-JMX-00005] [javax.enterprise.system.jmx] [tid: _ThreadID=115 _ThreadName=Thread-35] [timeMillis: 1767109012657] [levelValue: 800] [[
  JMXStartupService has started JMXConnector on JMXService URL service:jmx:rmi://cajafama.coop:8686/jndi/rmi://cajafama.coop:8686/jmxrmi]]

[2025-12-30T09:36:52.697-0600] [glassfish 5.0] [INFO] [] [org.jvnet.hk2.osgiadapter] [tid: _ThreadID=28 _ThreadName=FelixStartLevel] [timeMillis: 1767109012697] [levelValue: 800] [[
  Skipping registration of inhabitant for service reference [org.osgi.service.cm.ManagedService] as the service object could not be obtained.]]

[2025-12-30T09:36:52.700-0600] [glassfish 5.0] [INFO] [] [org.jvnet.hk2.osgiadapter] [tid: _ThreadID=28 _ThreadName=FelixStartLevel] [timeMillis: 1767109012700] [levelValue: 800] [[
  Skipping registration of inhabitant for service reference [org.osgi.service.metatype.MetaTypeProvider] as the service object could not be obtained.]]

[2025-12-31T03:00:00.010-0600] [glassfish 5.0] [INFO] [] [] [tid: _ThreadID=105 _ThreadName=Thread-8] [timeMillis: 1767171600010] [levelValue: 800] [[
  2025-12-31 03:00:00.008  INFO 2437146 --- [   scheduling-1] .s.a.AnnotationAsyncExecutionInterceptor : More than one TaskExecutor bean found within the context, and none is named 'taskExecutor'. Mark one of them as primary or name it 'taskExecutor' (possibly as an alias) in order to use it for async processing: [threadPoolTaskExecutor, taskScheduler]
]]

[2025-12-31T03:00:00.022-0600] [glassfish 5.0] [INFO] [] [] [tid: _ThreadID=365 _ThreadName=Thread-8] [timeMillis: 1767171600022] [levelValue: 800] [[
  ::::::::::::Vamos a eliminar cache temporales:::::::::::::::::::::::]]

[2025-12-31T09:35:00.085-0600] [glassfish 5.0] [INFO] [] [javax.enterprise.web] [tid: _ThreadID=63 _ThreadName=http-listener-2(4)] [timeMillis: 1767195300085] [levelValue: 800] [[
  WebModule[/spei] ServletContext.log():Initializing Spring DispatcherServlet &#x27;dispatcherServlet&#x27;]]

[2025-12-31T09:35:00.085-0600] [glassfish 5.0] [INFO] [] [] [tid: _ThreadID=63 _ThreadName=Thread-8] [timeMillis: 1767195300085] [levelValue: 800] [[
  2025-12-31 09:35:00.085  INFO 2437146 --- [p-listener-2(4)] o.s.web.servlet.DispatcherServlet        : Initializing Servlet 'dispatcherServlet'
]]

[2025-12-31T09:35:00.088-0600] [glassfish 5.0] [INFO] [] [] [tid: _ThreadID=63 _ThreadName=Thread-8] [timeMillis: 1767195300088] [levelValue: 800] [[
  2025-12-31 09:35:00.087  INFO 2437146 --- [p-listener-2(4)] o.s.web.servlet.DispatcherServlet        : Completed initialization in 2 ms
]]

[2025-12-31T09:35:00.243-0600] [glassfish 5.0] [INFO] [] [] [tid: _ThreadID=63 _ThreadName=Thread-8] [timeMillis: 1767195300243] [levelValue: 800] [[
  2025-12-31 09:35:00.241  INFO 2437146 --- [p-listener-2(4)] fenoreste.spei.controller.InController   : Solicitud recibida: request(id=2013393456, fechaOperacion=20251231, institucionOrdenante=40072, institucionBeneficiaria=90646, claveRastreo=38432P03202512314826751897, monto=1.0, nombreOrdenante=YULIANA YARET GARCIA DE LA CERDA, tipoCuentaOrdenante=40, cuentaOrdenante=072580010751592240, rfcCurpOrdenante=GACY840814CR3, nombreBeneficiario=NO INGRESADO, tipoCuentaBeneficiario=40, cuentaBeneficiario=646180522900000001, nombreBeneficiario2=null, tipoCuentaBeneficiario2=0, cuentaBeneficiario2=null, rfcCurpBeneficiario=ND, conceptoPago=Prueba Stp, referenciaNumerica=251231, empresa=CAJA_FAMA, tipoPago=1, tsLiquidacion=1767198912821, folioCodi=)
]]

[2025-12-31T09:35:00.264-0600] [glassfish 5.0] [INFO] [] [] [tid: _ThreadID=63 _ThreadName=Thread-8] [timeMillis: 1767195300264] [levelValue: 800] [[
  2025-12-31 09:35:00.264  INFO 2437146 --- [p-listener-2(4)] fenoreste.spei.service.InServiceGeneral  : .......Peticion sendAbono:{"id":2013393456,"fechaOperacion":20251231,"institucionOrdenante":40072,"institucionBeneficiaria":90646,"claveRastreo":"38432P03202512314826751897","monto":1.0,"nombreOrdenante":"YULIANA YARET GARCIA DE LA CERDA","tipoCuentaOrdenante":40,"cuentaOrdenante":"072580010751592240","rfcCurpOrdenante":"GACY840814CR3","nombreBeneficiario":"NO INGRESADO","tipoCuentaBeneficiario":40,"cuentaBeneficiario":"646180522900000001","nombreBeneficiario2":"null","tipoCuentaBeneficiario2":0,"cuentaBeneficiario2":"null","rfcCurpBeneficiario":"ND","conceptoPago":"Prueba Stp","referenciaNumerica":251231,"empresa":"CAJA_FAMA","tipoPago":1,"tsLiquidacion":"1767198912821","folioCodi":""}
]]

[2025-12-31T09:35:00.302-0600] [glassfish 5.0] [INFO] [] [] [tid: _ThreadID=63 _ThreadName=Thread-8] [timeMillis: 1767195300302] [levelValue: 800] [[
  2025-12-31 09:35:00.302  INFO 2437146 --- [p-listener-2(4)] fenoreste.spei.service.InServiceGeneral  : Se guardo la operacion
]]

[2025-12-31T09:35:00.465-0600] [glassfish 5.0] [INFO] [] [] [tid: _ThreadID=63 _ThreadName=Thread-8] [timeMillis: 1767195300465] [levelValue: 800] [[
  2025-12-31 09:35:00.465  INFO 2437146 --- [p-listener-2(4)] fenoreste.spei.service.InServiceGeneral  : ::::::::::Horario actividad es:true
]]

[2025-12-31T09:35:00.494-0600] [glassfish 5.0] [INFO] [] [] [tid: _ThreadID=63 _ThreadName=Thread-8] [timeMillis: 1767195300494] [levelValue: 800] [[
  2025-12-31 09:35:00.494 ERROR 2437146 --- [p-listener-2(4)] fenoreste.spei.controller.InController   : Error inesperado al procesar abono

java.lang.NullPointerException: null
	at fenoreste.spei.service.InServiceGeneral.sendAbono(InServiceGeneral.java:218) ~[InServiceGeneral.class:na]
	at fenoreste.spei.service.InServiceGeneral$$FastClassBySpringCGLIB$$e1e057e1.invoke(<generated>) ~[InServiceGeneral.class:na]
	at org.springframework.cglib.proxy.MethodProxy.invoke(MethodProxy.java:218) ~[spring-core-5.3.24.jar:5.3.24]
	at org.springframework.aop.framework.CglibAopProxy.invokeMethod(CglibAopProxy.java:386) ~[spring-aop-5.3.24.jar:5.3.24]
	at org.springframework.aop.framework.CglibAopProxy.access$000(CglibAopProxy.java:85) ~[spring-aop-5.3.24.jar:5.3.24]
	at org.springframework.aop.framework.CglibAopProxy$DynamicAdvisedInterceptor.intercept(CglibAopProxy.java:704) ~[spring-aop-5.3.24.jar:5.3.24]
	at fenoreste.spei.service.InServiceGeneral$$EnhancerBySpringCGLIB$$55d37713.sendAbono(<generated>) ~[InServiceGeneral.class:na]
	at fenoreste.spei.controller.InController.sendAbono(InController.java:33) ~[InController.class:na]
	at sun.reflect.NativeMethodAccessorImpl.invoke0(Native Method) ~[na:1.8.0_231]
	at sun.reflect.NativeMethodAccessorImpl.invoke(NativeMethodAccessorImpl.java:62) ~[na:1.8.0_231]
	at sun.reflect.DelegatingMethodAccessorImpl.invoke(DelegatingMethodAccessorImpl.java:43) ~[na:1.8.0_231]
	at java.lang.reflect.Method.invoke(Method.java:498) ~[na:1.8.0_231]
	at org.springframework.web.method.support.InvocableHandlerMethod.doInvoke(InvocableHandlerMethod.java:205) [spring-web-5.3.24.jar:5.3.24]
	at org.springframework.web.method.support.InvocableHandlerMethod.invokeForRequest(InvocableHandlerMethod.java:150) [spring-web-5.3.24.jar:5.3.24]
	at org.springframework.web.servlet.mvc.method.annotation.ServletInvocableHandlerMethod.invokeAndHandle(ServletInvocableHandlerMethod.java:117) [spring-webmvc-5.3.24.jar:5.3.24]
	at org.springframework.web.servlet.mvc.method.annotation.RequestMappingHandlerAdapter.invokeHandlerMethod(RequestMappingHandlerAdapter.java:895) [spring-webmvc-5.3.24.jar:5.3.24]
	at org.springframework.web.servlet.mvc.method.annotation.RequestMappingHandlerAdapter.handleInternal(RequestMappingHandlerAdapter.java:808) [spring-webmvc-5.3.24.jar:5.3.24]
	at org.springframework.web.servlet.mvc.method.AbstractHandlerMethodAdapter.handle(AbstractHandlerMethodAdapter.java:87) [spring-webmvc-5.3.24.jar:5.3.24]
	at org.springframework.web.servlet.DispatcherServlet.doDispatch(DispatcherServlet.java:1071) [spring-webmvc-5.3.24.jar:5.3.24]
	at org.springframework.web.servlet.DispatcherServlet.doService(DispatcherServlet.java:964) [spring-webmvc-5.3.24.jar:5.3.24]
	at org.springframework.web.servlet.FrameworkServlet.processRequest(FrameworkServlet.java:1006) [spring-webmvc-5.3.24.jar:5.3.24]
	at org.springframework.web.servlet.FrameworkServlet.doPost(FrameworkServlet.java:909) [spring-webmvc-5.3.24.jar:5.3.24]
	at javax.servlet.http.HttpServlet.service(HttpServlet.java:665) [javax.servlet-api.jar:4.0.1]
	at org.springframework.web.servlet.FrameworkServlet.service(FrameworkServlet.java:883) [spring-webmvc-5.3.24.jar:5.3.24]
	at javax.servlet.http.HttpServlet.service(HttpServlet.java:750) [javax.servlet-api.jar:4.0.1]
	at org.apache.catalina.core.StandardWrapper.service(StandardWrapper.java:1540) [web-core.jar:na]
	at org.apache.catalina.core.ApplicationFilterChain.internalDoFilter(ApplicationFilterChain.java:297) [web-core.jar:na]
	at org.apache.catalina.core.ApplicationFilterChain.doFilter(ApplicationFilterChain.java:167) [web-core.jar:na]
	at org.apache.tomcat.websocket.server.WsFilter.doFilter(WsFilter.java:53) [tomcat-embed-websocket-9.0.69.jar:9.0.69]
	at org.apache.catalina.core.ApplicationFilterChain.internalDoFilter(ApplicationFilterChain.java:209) [web-core.jar:na]
	at org.apache.catalina.core.ApplicationFilterChain.doFilter(ApplicationFilterChain.java:167) [web-core.jar:na]
	at org.springframework.web.filter.CharacterEncodingFilter.doFilterInternal(CharacterEncodingFilter.java:201) [spring-web-5.3.24.jar:5.3.24]
	at org.springframework.web.filter.OncePerRequestFilter.doFilter(OncePerRequestFilter.java:117) [spring-web-5.3.24.jar:5.3.24]
	at org.apache.catalina.core.ApplicationFilterChain.internalDoFilter(ApplicationFilterChain.java:209) [web-core.jar:na]
	at org.apache.catalina.core.ApplicationFilterChain.doFilter(ApplicationFilterChain.java:167) [web-core.jar:na]
	at org.springframework.boot.web.servlet.support.ErrorPageFilter.doFilter(ErrorPageFilter.java:126) [spring-boot-2.7.6.jar:2.7.6]
	at org.springframework.boot.web.servlet.support.ErrorPageFilter.access$000(ErrorPageFilter.java:64) [spring-boot-2.7.6.jar:2.7.6]
	at org.springframework.boot.web.servlet.support.ErrorPageFilter$1.doFilterInternal(ErrorPageFilter.java:101) [spring-boot-2.7.6.jar:2.7.6]
	at org.springframework.web.filter.OncePerRequestFilter.doFilter(OncePerRequestFilter.java:117) [spring-web-5.3.24.jar:5.3.24]
	at org.springframework.boot.web.servlet.support.ErrorPageFilter.doFilter(ErrorPageFilter.java:119) [spring-boot-2.7.6.jar:2.7.6]
	at org.apache.catalina.core.ApplicationFilterChain.internalDoFilter(ApplicationFilterChain.java:209) [web-core.jar:na]
	at org.apache.catalina.core.ApplicationFilterChain.doFilter(ApplicationFilterChain.java:167) [web-core.jar:na]
	at org.springframework.web.filter.FormContentFilter.doFilterInternal(FormContentFilter.java:93) [spring-web-5.3.24.jar:5.3.24]
	at org.springframework.web.filter.OncePerRequestFilter.doFilter(OncePerRequestFilter.java:117) [spring-web-5.3.24.jar:5.3.24]
	at org.apache.catalina.core.ApplicationFilterChain.internalDoFilter(ApplicationFilterChain.java:209) [web-core.jar:na]
	at org.apache.catalina.core.ApplicationFilterChain.doFilter(ApplicationFilterChain.java:167) [web-core.jar:na]
	at org.springframework.web.filter.RequestContextFilter.doFilterInternal(RequestContextFilter.java:100) [spring-web-5.3.24.jar:5.3.24]
	at org.springframework.web.filter.OncePerRequestFilter.doFilter(OncePerRequestFilter.java:117) [spring-web-5.3.24.jar:5.3.24]
	at org.apache.catalina.core.ApplicationFilterChain.internalDoFilter(ApplicationFilterChain.java:209) [web-core.jar:na]
	at org.apache.catalina.core.ApplicationFilterChain.doFilter(ApplicationFilterChain.java:167) [web-core.jar:na]
	at org.springframework.security.web.FilterChainProxy$VirtualFilterChain.doFilter(FilterChainProxy.java:337) [spring-security-web-5.7.5.jar:5.7.5]
	at org.springframework.security.web.access.intercept.FilterSecurityInterceptor.invoke(FilterSecurityInterceptor.java:115) [spring-security-web-5.7.5.jar:5.7.5]
	at org.springframework.security.web.access.intercept.FilterSecurityInterceptor.doFilter(FilterSecurityInterceptor.java:81) [spring-security-web-5.7.5.jar:5.7.5]
	at org.springframework.security.web.FilterChainProxy$VirtualFilterChain.doFilter(FilterChainProxy.java:346) [spring-security-web-5.7.5.jar:5.7.5]
	at org.springframework.security.web.access.ExceptionTranslationFilter.doFilter(ExceptionTranslationFilter.java:122) [spring-security-web-5.7.5.jar:5.7.5]
	at org.springframework.security.web.access.ExceptionTranslationFilter.doFilter(ExceptionTranslationFilter.java:116) [spring-security-web-5.7.5.jar:5.7.5]
	at org.springframework.security.web.FilterChainProxy$VirtualFilterChain.doFilter(FilterChainProxy.java:346) [spring-security-web-5.7.5.jar:5.7.5]
	at org.springframework.security.web.session.SessionManagementFilter.doFilter(SessionManagementFilter.java:126) [spring-security-web-5.7.5.jar:5.7.5]
	at org.springframework.security.web.session.SessionManagementFilter.doFilter(SessionManagementFilter.java:81) [spring-security-web-5.7.5.jar:5.7.5]
	at org.springframework.security.web.FilterChainProxy$VirtualFilterChain.doFilter(FilterChainProxy.java:346) [spring-security-web-5.7.5.jar:5.7.5]
	at org.springframework.security.web.authentication.AnonymousAuthenticationFilter.doFilter(AnonymousAuthenticationFilter.java:109) [spring-security-web-5.7.5.jar:5.7.5]
	at org.springframework.security.web.FilterChainProxy$VirtualFilterChain.doFilter(FilterChainProxy.java:346) [spring-security-web-5.7.5.jar:5.7.5]
	at org.springframework.security.web.servletapi.SecurityContextHolderAwareRequestFilter.doFilter(SecurityContextHolderAwareRequestFilter.java:149) [spring-security-web-5.7.5.jar:5.7.5]
	at org.springframework.security.web.FilterChainProxy$VirtualFilterChain.doFilter(FilterChainProxy.java:346) [spring-security-web-5.7.5.jar:5.7.5]
	at org.springframework.security.web.savedrequest.RequestCacheAwareFilter.doFilter(RequestCacheAwareFilter.java:63) [spring-security-web-5.7.5.jar:5.7.5]
	at org.springframework.security.web.FilterChainProxy$VirtualFilterChain.doFilter(FilterChainProxy.java:346) [spring-security-web-5.7.5.jar:5.7.5]
	at org.springframework.security.web.authentication.www.BasicAuthenticationFilter.doFilterInternal(BasicAuthenticationFilter.java:198) [spring-security-web-5.7.5.jar:5.7.5]
	at org.springframework.web.filter.OncePerRequestFilter.doFilter(OncePerRequestFilter.java:117) [spring-web-5.3.24.jar:5.3.24]
	at org.springframework.security.web.FilterChainProxy$VirtualFilterChain.doFilter(FilterChainProxy.java:346) [spring-security-web-5.7.5.jar:5.7.5]
	at org.springframework.security.web.authentication.logout.LogoutFilter.doFilter(LogoutFilter.java:103) [spring-security-web-5.7.5.jar:5.7.5]
	at org.springframework.security.web.authentication.logout.LogoutFilter.doFilter(LogoutFilter.java:89) [spring-security-web-5.7.5.jar:5.7.5]
	at org.springframework.security.web.FilterChainProxy$VirtualFilterChain.doFilter(FilterChainProxy.java:346) [spring-security-web-5.7.5.jar:5.7.5]
	at org.springframework.security.web.header.HeaderWriterFilter.doHeadersAfter(HeaderWriterFilter.java:90) [spring-security-web-5.7.5.jar:5.7.5]
	at org.springframework.security.web.header.HeaderWriterFilter.doFilterInternal(HeaderWriterFilter.java:75) [spring-security-web-5.7.5.jar:5.7.5]
	at org.springframework.web.filter.OncePerRequestFilter.doFilter(OncePerRequestFilter.java:117) [spring-web-5.3.24.jar:5.3.24]
	at org.springframework.security.web.FilterChainProxy$VirtualFilterChain.doFilter(FilterChainProxy.java:346) [spring-security-web-5.7.5.jar:5.7.5]
	at org.springframework.security.web.context.SecurityContextPersistenceFilter.doFilter(SecurityContextPersistenceFilter.java:112) [spring-security-web-5.7.5.jar:5.7.5]
	at org.springframework.security.web.context.SecurityContextPersistenceFilter.doFilter(SecurityContextPersistenceFilter.java:82) [spring-security-web-5.7.5.jar:5.7.5]
	at org.springframework.security.web.FilterChainProxy$VirtualFilterChain.doFilter(FilterChainProxy.java:346) [spring-security-web-5.7.5.jar:5.7.5]
	at org.springframework.security.web.context.request.async.WebAsyncManagerIntegrationFilter.doFilterInternal(WebAsyncManagerIntegrationFilter.java:55) [spring-security-web-5.7.5.jar:5.7.5]
	at org.springframework.web.filter.OncePerRequestFilter.doFilter(OncePerRequestFilter.java:117) [spring-web-5.3.24.jar:5.3.24]
	at org.springframework.security.web.FilterChainProxy$VirtualFilterChain.doFilter(FilterChainProxy.java:346) [spring-security-web-5.7.5.jar:5.7.5]
	at org.springframework.security.web.session.DisableEncodeUrlFilter.doFilterInternal(DisableEncodeUrlFilter.java:42) [spring-security-web-5.7.5.jar:5.7.5]
	at org.springframework.web.filter.OncePerRequestFilter.doFilter(OncePerRequestFilter.java:117) [spring-web-5.3.24.jar:5.3.24]
	at org.springframework.security.web.FilterChainProxy$VirtualFilterChain.doFilter(FilterChainProxy.java:346) [spring-security-web-5.7.5.jar:5.7.5]
	at org.springframework.security.web.FilterChainProxy.doFilterInternal(FilterChainProxy.java:221) [spring-security-web-5.7.5.jar:5.7.5]
	at org.springframework.security.web.FilterChainProxy.doFilter(FilterChainProxy.java:186) [spring-security-web-5.7.5.jar:5.7.5]
	at org.springframework.web.filter.DelegatingFilterProxy.invokeDelegate(DelegatingFilterProxy.java:354) [spring-web-5.3.24.jar:5.3.24]
	at org.springframework.web.filter.DelegatingFilterProxy.doFilter(DelegatingFilterProxy.java:267) [spring-web-5.3.24.jar:5.3.24]
	at org.apache.catalina.core.ApplicationFilterChain.internalDoFilter(ApplicationFilterChain.java:209) [web-core.jar:na]
	at org.apache.catalina.core.ApplicationFilterChain.doFilter(ApplicationFilterChain.java:167) [web-core.jar:na]
	at org.apache.catalina.core.StandardWrapperValve.invoke(StandardWrapperValve.java:215) [web-core.jar:na]
	at org.apache.catalina.core.StandardContextValve.invoke(StandardContextValve.java:119) [web-core.jar:na]
	at org.apache.catalina.core.StandardPipeline.doInvoke(StandardPipeline.java:611) [web-core.jar:na]
	at org.apache.catalina.core.StandardPipeline.invoke(StandardPipeline.java:550) [web-core.jar:na]
	at com.sun.enterprise.web.WebPipeline.invoke(WebPipeline.java:99) [web-glue.jar:na]
	at org.apache.catalina.core.StandardHostValve.invoke(StandardHostValve.java:114) [web-core.jar:na]
	at org.apache.catalina.connector.CoyoteAdapter.doService(CoyoteAdapter.java:332) [web-core.jar:na]
	at org.apache.catalina.connector.CoyoteAdapter.service(CoyoteAdapter.java:199) [web-core.jar:na]
	at com.sun.enterprise.v3.services.impl.ContainerMapper$HttpHandlerCallable.call(ContainerMapper.java:463) [kernel.jar:na]
	at com.sun.enterprise.v3.services.impl.ContainerMapper.service(ContainerMapper.java:168) [kernel.jar:na]
	at org.glassfish.grizzly.http.server.HttpHandler.runService(HttpHandler.java:206) [nucleus-grizzly-all.jar:na]
	at org.glassfish.grizzly.http.server.HttpHandler.doHandle(HttpHandler.java:180) [nucleus-grizzly-all.jar:na]
	at org.glassfish.grizzly.http.server.HttpServerFilter.handleRead(HttpServerFilter.java:242) [nucleus-grizzly-all.jar:na]
	at org.glassfish.grizzly.filterchain.ExecutorResolver$9.execute(ExecutorResolver.java:119) [nucleus-grizzly-all.jar:na]
	at org.glassfish.grizzly.filterchain.DefaultFilterChain.executeFilter(DefaultFilterChain.java:284) [nucleus-grizzly-all.jar:na]
	at org.glassfish.grizzly.filterchain.DefaultFilterChain.executeChainPart(DefaultFilterChain.java:201) [nucleus-grizzly-all.jar:na]
	at org.glassfish.grizzly.filterchain.DefaultFilterChain.execute(DefaultFilterChain.java:133) [nucleus-grizzly-all.jar:na]
	at org.glassfish.grizzly.filterchain.DefaultFilterChain.process(DefaultFilterChain.java:112) [nucleus-grizzly-all.jar:na]
	at org.glassfish.grizzly.ProcessorExecutor.execute(ProcessorExecutor.java:77) [nucleus-grizzly-all.jar:na]
	at org.glassfish.grizzly.nio.transport.TCPNIOTransport.fireIOEvent(TCPNIOTransport.java:539) [nucleus-grizzly-all.jar:na]
	at org.glassfish.grizzly.strategies.AbstractIOStrategy.fireIOEvent(AbstractIOStrategy.java:112) [nucleus-grizzly-all.jar:na]
	at org.glassfish.grizzly.strategies.WorkerThreadIOStrategy.run0(WorkerThreadIOStrategy.java:117) [nucleus-grizzly-all.jar:na]
	at org.glassfish.grizzly.strategies.WorkerThreadIOStrategy.access$100(WorkerThreadIOStrategy.java:56) [nucleus-grizzly-all.jar:na]
	at org.glassfish.grizzly.strategies.WorkerThreadIOStrategy$WorkerThreadRunnable.run(WorkerThreadIOStrategy.java:137) [nucleus-grizzly-all.jar:na]
	at org.glassfish.grizzly.threadpool.AbstractThreadPool$Worker.doWork(AbstractThreadPool.java:593) [nucleus-grizzly-all.jar:na]
	at org.glassfish.grizzly.threadpool.AbstractThreadPool$Worker.run(AbstractThreadPool.java:573) [nucleus-grizzly-all.jar:na]
	at java.lang.Thread.run(Thread.java:748) [na:1.8.0_231]

]]

[2025-12-31T11:49:10.760-0600] [glassfish 5.0] [INFO] [] [] [tid: _ThreadID=62 _ThreadName=Thread-8] [timeMillis: 1767203350760] [levelValue: 800] [[
  2025-12-31 11:49:10.759  INFO 2437146 --- [p-listener-2(3)] fenoreste.spei.controller.InController   : Solicitud recibida: request(id=2013633175, fechaOperacion=20251231, institucionOrdenante=40072, institucionBeneficiaria=90646, claveRastreo=3843CP04202512314827513738, monto=1.0, nombreOrdenante=YULIANA YARET GARCIA DE LA CERDA, tipoCuentaOrdenante=40, cuentaOrdenante=072580010751592240, rfcCurpOrdenante=GACY840814CR3, nombreBeneficiario=NO INGRESADO, tipoCuentaBeneficiario=40, cuentaBeneficiario=646180522900000014, nombreBeneficiario2=null, tipoCuentaBeneficiario2=0, cuentaBeneficiario2=null, rfcCurpBeneficiario=ND, conceptoPago=Prueba stp, referenciaNumerica=251231, empresa=CAJA_FAMA, tipoPago=1, tsLiquidacion=1767206963657, folioCodi=)
]]

[2025-12-31T11:49:10.760-0600] [glassfish 5.0] [INFO] [] [] [tid: _ThreadID=62 _ThreadName=Thread-8] [timeMillis: 1767203350760] [levelValue: 800] [[
  2025-12-31 11:49:10.760  INFO 2437146 --- [p-listener-2(3)] fenoreste.spei.service.InServiceGeneral  : .......Peticion sendAbono:{"id":2013633175,"fechaOperacion":20251231,"institucionOrdenante":40072,"institucionBeneficiaria":90646,"claveRastreo":"3843CP04202512314827513738","monto":1.0,"nombreOrdenante":"YULIANA YARET GARCIA DE LA CERDA","tipoCuentaOrdenante":40,"cuentaOrdenante":"072580010751592240","rfcCurpOrdenante":"GACY840814CR3","nombreBeneficiario":"NO INGRESADO","tipoCuentaBeneficiario":40,"cuentaBeneficiario":"646180522900000014","nombreBeneficiario2":"null","tipoCuentaBeneficiario2":0,"cuentaBeneficiario2":"null","rfcCurpBeneficiario":"ND","conceptoPago":"Prueba stp","referenciaNumerica":251231,"empresa":"CAJA_FAMA","tipoPago":1,"tsLiquidacion":"1767206963657","folioCodi":""}
]]

[2025-12-31T11:49:10.773-0600] [glassfish 5.0] [INFO] [] [] [tid: _ThreadID=62 _ThreadName=Thread-8] [timeMillis: 1767203350773] [levelValue: 800] [[
  2025-12-31 11:49:10.773  INFO 2437146 --- [p-listener-2(3)] fenoreste.spei.service.InServiceGeneral  : Se guardo la operacion
]]

[2025-12-31T11:49:10.797-0600] [glassfish 5.0] [INFO] [] [] [tid: _ThreadID=62 _ThreadName=Thread-8] [timeMillis: 1767203350797] [levelValue: 800] [[
  2025-12-31 11:49:10.796  INFO 2437146 --- [p-listener-2(3)] fenoreste.spei.service.InServiceGeneral  : ::::::::::Horario actividad es:true
]]

[2025-12-31T11:49:10.806-0600] [glassfish 5.0] [INFO] [] [] [tid: _ThreadID=62 _ThreadName=Thread-8] [timeMillis: 1767203350806] [levelValue: 800] [[
  2025-12-31 11:49:10.805 ERROR 2437146 --- [p-listener-2(3)] fenoreste.spei.controller.InController   : Error inesperado al procesar abono

java.lang.NullPointerException: null
	at fenoreste.spei.service.InServiceGeneral.sendAbono(InServiceGeneral.java:218) ~[InServiceGeneral.class:na]
	at fenoreste.spei.service.InServiceGeneral$$FastClassBySpringCGLIB$$e1e057e1.invoke(<generated>) ~[InServiceGeneral.class:na]
	at org.springframework.cglib.proxy.MethodProxy.invoke(MethodProxy.java:218) ~[spring-core-5.3.24.jar:5.3.24]
	at org.springframework.aop.framework.CglibAopProxy.invokeMethod(CglibAopProxy.java:386) ~[spring-aop-5.3.24.jar:5.3.24]
	at org.springframework.aop.framework.CglibAopProxy.access$000(CglibAopProxy.java:85) ~[spring-aop-5.3.24.jar:5.3.24]
	at org.springframework.aop.framework.CglibAopProxy$DynamicAdvisedInterceptor.intercept(CglibAopProxy.java:704) ~[spring-aop-5.3.24.jar:5.3.24]
	at fenoreste.spei.service.InServiceGeneral$$EnhancerBySpringCGLIB$$55d37713.sendAbono(<generated>) ~[InServiceGeneral.class:na]
	at fenoreste.spei.controller.InController.sendAbono(InController.java:33) ~[InController.class:na]
	at sun.reflect.NativeMethodAccessorImpl.invoke0(Native Method) ~[na:1.8.0_231]
	at sun.reflect.NativeMethodAccessorImpl.invoke(NativeMethodAccessorImpl.java:62) ~[na:1.8.0_231]
	at sun.reflect.DelegatingMethodAccessorImpl.invoke(DelegatingMethodAccessorImpl.java:43) ~[na:1.8.0_231]
	at java.lang.reflect.Method.invoke(Method.java:498) ~[na:1.8.0_231]
	at org.springframework.web.method.support.InvocableHandlerMethod.doInvoke(InvocableHandlerMethod.java:205) [spring-web-5.3.24.jar:5.3.24]
	at org.springframework.web.method.support.InvocableHandlerMethod.invokeForRequest(InvocableHandlerMethod.java:150) [spring-web-5.3.24.jar:5.3.24]
	at org.springframework.web.servlet.mvc.method.annotation.ServletInvocableHandlerMethod.invokeAndHandle(ServletInvocableHandlerMethod.java:117) [spring-webmvc-5.3.24.jar:5.3.24]
	at org.springframework.web.servlet.mvc.method.annotation.RequestMappingHandlerAdapter.invokeHandlerMethod(RequestMappingHandlerAdapter.java:895) [spring-webmvc-5.3.24.jar:5.3.24]
	at org.springframework.web.servlet.mvc.method.annotation.RequestMappingHandlerAdapter.handleInternal(RequestMappingHandlerAdapter.java:808) [spring-webmvc-5.3.24.jar:5.3.24]
	at org.springframework.web.servlet.mvc.method.AbstractHandlerMethodAdapter.handle(AbstractHandlerMethodAdapter.java:87) [spring-webmvc-5.3.24.jar:5.3.24]
	at org.springframework.web.servlet.DispatcherServlet.doDispatch(DispatcherServlet.java:1071) [spring-webmvc-5.3.24.jar:5.3.24]
	at org.springframework.web.servlet.DispatcherServlet.doService(DispatcherServlet.java:964) [spring-webmvc-5.3.24.jar:5.3.24]
	at org.springframework.web.servlet.FrameworkServlet.processRequest(FrameworkServlet.java:1006) [spring-webmvc-5.3.24.jar:5.3.24]
	at org.springframework.web.servlet.FrameworkServlet.doPost(FrameworkServlet.java:909) [spring-webmvc-5.3.24.jar:5.3.24]
	at javax.servlet.http.HttpServlet.service(HttpServlet.java:665) [javax.servlet-api.jar:4.0.1]
	at org.springframework.web.servlet.FrameworkServlet.service(FrameworkServlet.java:883) [spring-webmvc-5.3.24.jar:5.3.24]
	at javax.servlet.http.HttpServlet.service(HttpServlet.java:750) [javax.servlet-api.jar:4.0.1]
	at org.apache.catalina.core.StandardWrapper.service(StandardWrapper.java:1540) [web-core.jar:na]
	at org.apache.catalina.core.ApplicationFilterChain.internalDoFilter(ApplicationFilterChain.java:297) [web-core.jar:na]
	at org.apache.catalina.core.ApplicationFilterChain.doFilter(ApplicationFilterChain.java:167) [web-core.jar:na]
	at org.apache.tomcat.websocket.server.WsFilter.doFilter(WsFilter.java:53) [tomcat-embed-websocket-9.0.69.jar:9.0.69]
	at org.apache.catalina.core.ApplicationFilterChain.internalDoFilter(ApplicationFilterChain.java:209) [web-core.jar:na]
	at org.apache.catalina.core.ApplicationFilterChain.doFilter(ApplicationFilterChain.java:167) [web-core.jar:na]
	at org.springframework.web.filter.CharacterEncodingFilter.doFilterInternal(CharacterEncodingFilter.java:201) [spring-web-5.3.24.jar:5.3.24]
	at org.springframework.web.filter.OncePerRequestFilter.doFilter(OncePerRequestFilter.java:117) [spring-web-5.3.24.jar:5.3.24]
	at org.apache.catalina.core.ApplicationFilterChain.internalDoFilter(ApplicationFilterChain.java:209) [web-core.jar:na]
	at org.apache.catalina.core.ApplicationFilterChain.doFilter(ApplicationFilterChain.java:167) [web-core.jar:na]
	at org.springframework.boot.web.servlet.support.ErrorPageFilter.doFilter(ErrorPageFilter.java:126) [spring-boot-2.7.6.jar:2.7.6]
	at org.springframework.boot.web.servlet.support.ErrorPageFilter.access$000(ErrorPageFilter.java:64) [spring-boot-2.7.6.jar:2.7.6]
	at org.springframework.boot.web.servlet.support.ErrorPageFilter$1.doFilterInternal(ErrorPageFilter.java:101) [spring-boot-2.7.6.jar:2.7.6]
	at org.springframework.web.filter.OncePerRequestFilter.doFilter(OncePerRequestFilter.java:117) [spring-web-5.3.24.jar:5.3.24]
	at org.springframework.boot.web.servlet.support.ErrorPageFilter.doFilter(ErrorPageFilter.java:119) [spring-boot-2.7.6.jar:2.7.6]
	at org.apache.catalina.core.ApplicationFilterChain.internalDoFilter(ApplicationFilterChain.java:209) [web-core.jar:na]
	at org.apache.catalina.core.ApplicationFilterChain.doFilter(ApplicationFilterChain.java:167) [web-core.jar:na]
	at org.springframework.web.filter.FormContentFilter.doFilterInternal(FormContentFilter.java:93) [spring-web-5.3.24.jar:5.3.24]
	at org.springframework.web.filter.OncePerRequestFilter.doFilter(OncePerRequestFilter.java:117) [spring-web-5.3.24.jar:5.3.24]
	at org.apache.catalina.core.ApplicationFilterChain.internalDoFilter(ApplicationFilterChain.java:209) [web-core.jar:na]
	at org.apache.catalina.core.ApplicationFilterChain.doFilter(ApplicationFilterChain.java:167) [web-core.jar:na]
	at org.springframework.web.filter.RequestContextFilter.doFilterInternal(RequestContextFilter.java:100) [spring-web-5.3.24.jar:5.3.24]
	at org.springframework.web.filter.OncePerRequestFilter.doFilter(OncePerRequestFilter.java:117) [spring-web-5.3.24.jar:5.3.24]
	at org.apache.catalina.core.ApplicationFilterChain.internalDoFilter(ApplicationFilterChain.java:209) [web-core.jar:na]
	at org.apache.catalina.core.ApplicationFilterChain.doFilter(ApplicationFilterChain.java:167) [web-core.jar:na]
	at org.springframework.security.web.FilterChainProxy$VirtualFilterChain.doFilter(FilterChainProxy.java:337) [spring-security-web-5.7.5.jar:5.7.5]
	at org.springframework.security.web.access.intercept.FilterSecurityInterceptor.invoke(FilterSecurityInterceptor.java:115) [spring-security-web-5.7.5.jar:5.7.5]
	at org.springframework.security.web.access.intercept.FilterSecurityInterceptor.doFilter(FilterSecurityInterceptor.java:81) [spring-security-web-5.7.5.jar:5.7.5]
	at org.springframework.security.web.FilterChainProxy$VirtualFilterChain.doFilter(FilterChainProxy.java:346) [spring-security-web-5.7.5.jar:5.7.5]
	at org.springframework.security.web.access.ExceptionTranslationFilter.doFilter(ExceptionTranslationFilter.java:122) [spring-security-web-5.7.5.jar:5.7.5]
	at org.springframework.security.web.access.ExceptionTranslationFilter.doFilter(ExceptionTranslationFilter.java:116) [spring-security-web-5.7.5.jar:5.7.5]
	at org.springframework.security.web.FilterChainProxy$VirtualFilterChain.doFilter(FilterChainProxy.java:346) [spring-security-web-5.7.5.jar:5.7.5]
	at org.springframework.security.web.session.SessionManagementFilter.doFilter(SessionManagementFilter.java:126) [spring-security-web-5.7.5.jar:5.7.5]
	at org.springframework.security.web.session.SessionManagementFilter.doFilter(SessionManagementFilter.java:81) [spring-security-web-5.7.5.jar:5.7.5]
	at org.springframework.security.web.FilterChainProxy$VirtualFilterChain.doFilter(FilterChainProxy.java:346) [spring-security-web-5.7.5.jar:5.7.5]
	at org.springframework.security.web.authentication.AnonymousAuthenticationFilter.doFilter(AnonymousAuthenticationFilter.java:109) [spring-security-web-5.7.5.jar:5.7.5]
	at org.springframework.security.web.FilterChainProxy$VirtualFilterChain.doFilter(FilterChainProxy.java:346) [spring-security-web-5.7.5.jar:5.7.5]
	at org.springframework.security.web.servletapi.SecurityContextHolderAwareRequestFilter.doFilter(SecurityContextHolderAwareRequestFilter.java:149) [spring-security-web-5.7.5.jar:5.7.5]
	at org.springframework.security.web.FilterChainProxy$VirtualFilterChain.doFilter(FilterChainProxy.java:346) [spring-security-web-5.7.5.jar:5.7.5]
	at org.springframework.security.web.savedrequest.RequestCacheAwareFilter.doFilter(RequestCacheAwareFilter.java:63) [spring-security-web-5.7.5.jar:5.7.5]
	at org.springframework.security.web.FilterChainProxy$VirtualFilterChain.doFilter(FilterChainProxy.java:346) [spring-security-web-5.7.5.jar:5.7.5]
	at org.springframework.security.web.authentication.www.BasicAuthenticationFilter.doFilterInternal(BasicAuthenticationFilter.java:198) [spring-security-web-5.7.5.jar:5.7.5]
	at org.springframework.web.filter.OncePerRequestFilter.doFilter(OncePerRequestFilter.java:117) [spring-web-5.3.24.jar:5.3.24]
	at org.springframework.security.web.FilterChainProxy$VirtualFilterChain.doFilter(FilterChainProxy.java:346) [spring-security-web-5.7.5.jar:5.7.5]
	at org.springframework.security.web.authentication.logout.LogoutFilter.doFilter(LogoutFilter.java:103) [spring-security-web-5.7.5.jar:5.7.5]
	at org.springframework.security.web.authentication.logout.LogoutFilter.doFilter(LogoutFilter.java:89) [spring-security-web-5.7.5.jar:5.7.5]
	at org.springframework.security.web.FilterChainProxy$VirtualFilterChain.doFilter(FilterChainProxy.java:346) [spring-security-web-5.7.5.jar:5.7.5]
	at org.springframework.security.web.header.HeaderWriterFilter.doHeadersAfter(HeaderWriterFilter.java:90) [spring-security-web-5.7.5.jar:5.7.5]
	at org.springframework.security.web.header.HeaderWriterFilter.doFilterInternal(HeaderWriterFilter.java:75) [spring-security-web-5.7.5.jar:5.7.5]
	at org.springframework.web.filter.OncePerRequestFilter.doFilter(OncePerRequestFilter.java:117) [spring-web-5.3.24.jar:5.3.24]
	at org.springframework.security.web.FilterChainProxy$VirtualFilterChain.doFilter(FilterChainProxy.java:346) [spring-security-web-5.7.5.jar:5.7.5]
	at org.springframework.security.web.context.SecurityContextPersistenceFilter.doFilter(SecurityContextPersistenceFilter.java:112) [spring-security-web-5.7.5.jar:5.7.5]
	at org.springframework.security.web.context.SecurityContextPersistenceFilter.doFilter(SecurityContextPersistenceFilter.java:82) [spring-security-web-5.7.5.jar:5.7.5]
	at org.springframework.security.web.FilterChainProxy$VirtualFilterChain.doFilter(FilterChainProxy.java:346) [spring-security-web-5.7.5.jar:5.7.5]
	at org.springframework.security.web.context.request.async.WebAsyncManagerIntegrationFilter.doFilterInternal(WebAsyncManagerIntegrationFilter.java:55) [spring-security-web-5.7.5.jar:5.7.5]
	at org.springframework.web.filter.OncePerRequestFilter.doFilter(OncePerRequestFilter.java:117) [spring-web-5.3.24.jar:5.3.24]
	at org.springframework.security.web.FilterChainProxy$VirtualFilterChain.doFilter(FilterChainProxy.java:346) [spring-security-web-5.7.5.jar:5.7.5]
	at org.springframework.security.web.session.DisableEncodeUrlFilter.doFilterInternal(DisableEncodeUrlFilter.java:42) [spring-security-web-5.7.5.jar:5.7.5]
	at org.springframework.web.filter.OncePerRequestFilter.doFilter(OncePerRequestFilter.java:117) [spring-web-5.3.24.jar:5.3.24]
	at org.springframework.security.web.FilterChainProxy$VirtualFilterChain.doFilter(FilterChainProxy.java:346) [spring-security-web-5.7.5.jar:5.7.5]
	at org.springframework.security.web.FilterChainProxy.doFilterInternal(FilterChainProxy.java:221) [spring-security-web-5.7.5.jar:5.7.5]
	at org.springframework.security.web.FilterChainProxy.doFilter(FilterChainProxy.java:186) [spring-security-web-5.7.5.jar:5.7.5]
	at org.springframework.web.filter.DelegatingFilterProxy.invokeDelegate(DelegatingFilterProxy.java:354) [spring-web-5.3.24.jar:5.3.24]
	at org.springframework.web.filter.DelegatingFilterProxy.doFilter(DelegatingFilterProxy.java:267) [spring-web-5.3.24.jar:5.3.24]
	at org.apache.catalina.core.ApplicationFilterChain.internalDoFilter(ApplicationFilterChain.java:209) [web-core.jar:na]
	at org.apache.catalina.core.ApplicationFilterChain.doFilter(ApplicationFilterChain.java:167) [web-core.jar:na]
	at org.apache.catalina.core.StandardWrapperValve.invoke(StandardWrapperValve.java:215) [web-core.jar:na]
	at org.apache.catalina.core.StandardContextValve.invoke(StandardContextValve.java:119) [web-core.jar:na]
	at org.apache.catalina.core.StandardPipeline.doInvoke(StandardPipeline.java:611) [web-core.jar:na]
	at org.apache.catalina.core.StandardPipeline.invoke(StandardPipeline.java:550) [web-core.jar:na]
	at com.sun.enterprise.web.WebPipeline.invoke(WebPipeline.java:99) [web-glue.jar:na]
	at org.apache.catalina.core.StandardHostValve.invoke(StandardHostValve.java:114) [web-core.jar:na]
	at org.apache.catalina.connector.CoyoteAdapter.doService(CoyoteAdapter.java:332) [web-core.jar:na]
	at org.apache.catalina.connector.CoyoteAdapter.service(CoyoteAdapter.java:199) [web-core.jar:na]
	at com.sun.enterprise.v3.services.impl.ContainerMapper$HttpHandlerCallable.call(ContainerMapper.java:463) [kernel.jar:na]
	at com.sun.enterprise.v3.services.impl.ContainerMapper.service(ContainerMapper.java:168) [kernel.jar:na]
	at org.glassfish.grizzly.http.server.HttpHandler.runService(HttpHandler.java:206) [nucleus-grizzly-all.jar:na]
	at org.glassfish.grizzly.http.server.HttpHandler.doHandle(HttpHandler.java:180) [nucleus-grizzly-all.jar:na]
	at org.glassfish.grizzly.http.server.HttpServerFilter.handleRead(HttpServerFilter.java:242) [nucleus-grizzly-all.jar:na]
	at org.glassfish.grizzly.filterchain.ExecutorResolver$9.execute(ExecutorResolver.java:119) [nucleus-grizzly-all.jar:na]
	at org.glassfish.grizzly.filterchain.DefaultFilterChain.executeFilter(DefaultFilterChain.java:284) [nucleus-grizzly-all.jar:na]
	at org.glassfish.grizzly.filterchain.DefaultFilterChain.executeChainPart(DefaultFilterChain.java:201) [nucleus-grizzly-all.jar:na]
	at org.glassfish.grizzly.filterchain.DefaultFilterChain.execute(DefaultFilterChain.java:133) [nucleus-grizzly-all.jar:na]
	at org.glassfish.grizzly.filterchain.DefaultFilterChain.process(DefaultFilterChain.java:112) [nucleus-grizzly-all.jar:na]
	at org.glassfish.grizzly.ProcessorExecutor.execute(ProcessorExecutor.java:77) [nucleus-grizzly-all.jar:na]
	at org.glassfish.grizzly.nio.transport.TCPNIOTransport.fireIOEvent(TCPNIOTransport.java:539) [nucleus-grizzly-all.jar:na]
	at org.glassfish.grizzly.strategies.AbstractIOStrategy.fireIOEvent(AbstractIOStrategy.java:112) [nucleus-grizzly-all.jar:na]
	at org.glassfish.grizzly.strategies.WorkerThreadIOStrategy.run0(WorkerThreadIOStrategy.java:117) [nucleus-grizzly-all.jar:na]
	at org.glassfish.grizzly.strategies.WorkerThreadIOStrategy.access$100(WorkerThreadIOStrategy.java:56) [nucleus-grizzly-all.jar:na]
	at org.glassfish.grizzly.strategies.WorkerThreadIOStrategy$WorkerThreadRunnable.run(WorkerThreadIOStrategy.java:137) [nucleus-grizzly-all.jar:na]
	at org.glassfish.grizzly.threadpool.AbstractThreadPool$Worker.doWork(AbstractThreadPool.java:593) [nucleus-grizzly-all.jar:na]
	at org.glassfish.grizzly.threadpool.AbstractThreadPool$Worker.run(AbstractThreadPool.java:573) [nucleus-grizzly-all.jar:na]
	at java.lang.Thread.run(Thread.java:748) [na:1.8.0_231]

]]

[2026-01-01T03:00:00.000-0600] [glassfish 5.0] [INFO] [] [] [tid: _ThreadID=670 _ThreadName=Thread-8] [timeMillis: 1767258000000] [levelValue: 800] [[
  ::::::::::::Vamos a eliminar cache temporales:::::::::::::::::::::::]]

[2026-01-02T03:00:00.001-0600] [glassfish 5.0] [INFO] [] [] [tid: _ThreadID=959 _ThreadName=Thread-8] [timeMillis: 1767344400001] [levelValue: 800] [[
  ::::::::::::Vamos a eliminar cache temporales:::::::::::::::::::::::]]

[2026-01-02T09:15:14.466-0600] [] [INFO] [NCLS-GFLAUNCHER-00005] [javax.enterprise.launcher] [tid: _ThreadID=1 _ThreadName=main] [timeMillis: 1767366914466] [levelValue: 800] [[
  JVM invocation command line:
/usr/java/jdk1.8.0_231-amd64/bin/java
-cp
/home/stpserver/glassfish5/glassfish/modules/glassfish.jar
-XX:+UnlockDiagnosticVMOptions
-XX:NewRatio=2
-XX:MaxPermSize=192m
-Xmx512m
-javaagent:/home/stpserver/glassfish5/glassfish/lib/monitor/flashlight-agent.jar
-client
-Djavax.xml.accessExternalSchema=all
-Djavax.net.ssl.trustStore=/home/stpserver/glassfish5/glassfish/domains/domain1/config/cacerts.jks
-Djdk.tls.rejectClientInitiatedRenegotiation=true
-Djdk.corba.allowOutputStreamSubclass=true
-Dfelix.fileinstall.dir=/home/stpserver/glassfish5/glassfish/modules/autostart/
-Dorg.glassfish.additionalOSGiBundlesToStart=org.apache.felix.shell,org.apache.felix.gogo.runtime,org.apache.felix.gogo.shell,org.apache.felix.gogo.command,org.apache.felix.shell.remote,org.apache.felix.fileinstall
-Dcom.sun.aas.installRoot=/home/stpserver/glassfish5/glassfish
-Dfelix.fileinstall.poll=5000
-Djava.endorsed.dirs=/home/stpserver/glassfish5/glassfish/modules/endorsed:/home/stpserver/glassfish5/glassfish/lib/endorsed
-Djava.security.policy=/home/stpserver/glassfish5/glassfish/domains/domain1/config/server.policy
-Dosgi.shell.telnet.maxconn=1
-Dfelix.fileinstall.bundles.startTransient=true
-Dcom.sun.enterprise.config.config_environment_factory_class=com.sun.enterprise.config.serverbeans.AppserverConfigEnvironmentFactory
-Dfelix.fileinstall.log.level=2
-Djavax.net.ssl.keyStore=/home/stpserver/glassfish5/glassfish/domains/domain1/config/keystore.jks
-Djava.security.auth.login.config=/home/stpserver/glassfish5/glassfish/domains/domain1/config/login.conf
-Dfelix.fileinstall.disableConfigSave=false
-Dfelix.fileinstall.bundles.new.start=true
-Dcom.sun.aas.instanceRoot=/home/stpserver/glassfish5/glassfish/domains/domain1
-Dosgi.shell.telnet.port=6666
-Dgosh.args=--nointeractive
-Dcom.sun.enterprise.security.httpsOutboundKeyAlias=s1as
-Dosgi.shell.telnet.ip=127.0.0.1
-DANTLR_USE_DIRECT_CLASS_LOADING=true
-Djava.awt.headless=true
-Dcom.ctc.wstx.returnNullForDefaultNamespace=true
-Djava.ext.dirs=/usr/java/jdk1.8.0_231-amd64/lib/ext:/usr/java/jdk1.8.0_231-amd64/jre/lib/ext:/home/stpserver/glassfish5/glassfish/domains/domain1/lib/ext
-Djdbc.drivers=org.apache.derby.jdbc.ClientDriver
-Djava.library.path=/home/stpserver/glassfish5/glassfish/lib:/usr/java/packages/lib/amd64:/usr/lib64:/lib64:/lib:/usr/lib
com.sun.enterprise.glassfish.bootstrap.ASMain
-upgrade
false
-domaindir
/home/stpserver/glassfish5/glassfish/domains/domain1
-read-stdin
true
-asadmin-args
--host,,,localhost,,,--port,,,4848,,,--secure=false,,,--terse=false,,,--echo=false,,,--interactive=true,,,start-domain,,,--verbose=true,,,--watchdog=false,,,--debug=false,,,--domaindir,,,/home/stpserver/glassfish5/glassfish/domains,,,domain1
-domainname
domain1
-instancename
server
-type
DAS
-verbose
true
-asadmin-classpath
/home/stpserver/glassfish5/glassfish/lib/client/appserver-cli.jar
-debug
false
-asadmin-classname
com.sun.enterprise.admin.cli.AdminMain]]

[2026-01-02T09:15:16.307-0600] [glassfish 5.0] [INFO] [NCLS-LOGGING-00009] [javax.enterprise.logging] [tid: _ThreadID=42 _ThreadName=RunLevelControllerThread-1767366916209] [timeMillis: 1767366916307] [levelValue: 800] [[
  Running GlassFish Version: GlassFish Server Open Source Edition  5.0.1  (build 5)]]

[2026-01-02T09:15:16.308-0600] [glassfish 5.0] [INFO] [NCLS-LOGGING-00010] [javax.enterprise.logging] [tid: _ThreadID=42 _ThreadName=RunLevelControllerThread-1767366916209] [timeMillis: 1767366916308] [levelValue: 800] [[
  Server log file is using Formatter class: com.sun.enterprise.server.logging.ODLLogFormatter]]

[2026-01-02T09:15:16.406-0600] [glassfish 5.0] [INFO] [NCLS-SECURITY-01115] [javax.enterprise.system.core.security] [tid: _ThreadID=43 _ThreadName=RunLevelControllerThread-1767366916215] [timeMillis: 1767366916406] [levelValue: 800] [[
  Realm [admin-realm] of classtype [com.sun.enterprise.security.auth.realm.file.FileRealm] successfully created.]]

[2026-01-02T09:15:16.407-0600] [glassfish 5.0] [INFO] [NCLS-SECURITY-01115] [javax.enterprise.system.core.security] [tid: _ThreadID=43 _ThreadName=RunLevelControllerThread-1767366916215] [timeMillis: 1767366916407] [levelValue: 800] [[
  Realm [file] of classtype [com.sun.enterprise.security.auth.realm.file.FileRealm] successfully created.]]

[2026-01-02T09:15:16.411-0600] [glassfish 5.0] [INFO] [NCLS-SECURITY-01115] [javax.enterprise.system.core.security] [tid: _ThreadID=43 _ThreadName=RunLevelControllerThread-1767366916215] [timeMillis: 1767366916411] [levelValue: 800] [[
  Realm [certificate] of classtype [com.sun.enterprise.security.auth.realm.certificate.CertificateRealm] successfully created.]]

[2026-01-02T09:15:16.603-0600] [glassfish 5.0] [INFO] [SEC-SVCS-00100] [javax.enterprise.security.services] [tid: _ThreadID=44 _ThreadName=RunLevelControllerThread-1767366916215] [timeMillis: 1767366916603] [levelValue: 800] [[
  Authorization Service has successfully initialized.]]

[2026-01-02T09:15:16.664-0600] [glassfish 5.0] [INFO] [] [org.glassfish.ha.store.spi.BackingStoreFactoryRegistry] [tid: _ThreadID=41 _ThreadName=RunLevelControllerThread-1767366916208] [timeMillis: 1767366916664] [levelValue: 800] [[
  Registered org.glassfish.ha.store.adapter.cache.ShoalBackingStoreProxy for persistence-type = replicated in BackingStoreFactoryRegistry]]

[2026-01-02T09:15:16.697-0600] [glassfish 5.0] [INFO] [jts.startup_msg] [javax.enterprise.system.core.transaction.com.sun.jts.CosTransactions] [tid: _ThreadID=42 _ThreadName=RunLevelControllerThread-1767366916209] [timeMillis: 1767366916697] [levelValue: 800] [[
  JTS5014: Recoverable JTS instance, serverId = [100]]]

[2026-01-02T09:15:16.739-0600] [glassfish 5.0] [INFO] [NCLS-CORE-00087] [javax.enterprise.system.core] [tid: _ThreadID=43 _ThreadName=RunLevelControllerThread-1767366916215] [timeMillis: 1767366916739] [levelValue: 800] [[
  Grizzly Framework 2.4.3 started in: 15ms - bound to [/0.0.0.0:8080]]]

[2026-01-02T09:15:16.755-0600] [glassfish 5.0] [INFO] [NCLS-CORE-00087] [javax.enterprise.system.core] [tid: _ThreadID=43 _ThreadName=RunLevelControllerThread-1767366916215] [timeMillis: 1767366916755] [levelValue: 800] [[
  Grizzly Framework 2.4.3 started in: 1ms - bound to [/0.0.0.0:8086]]]

[2026-01-02T09:15:16.765-0600] [glassfish 5.0] [INFO] [NCLS-CORE-00087] [javax.enterprise.system.core] [tid: _ThreadID=43 _ThreadName=RunLevelControllerThread-1767366916215] [timeMillis: 1767366916765] [levelValue: 800] [[
  Grizzly Framework 2.4.3 started in: 1ms - bound to [/0.0.0.0:4848]]]

[2026-01-02T09:15:16.805-0600] [glassfish 5.0] [INFO] [NCLS-CORE-00087] [javax.enterprise.system.core] [tid: _ThreadID=41 _ThreadName=RunLevelControllerThread-1767366916208] [timeMillis: 1767366916805] [levelValue: 800] [[
  Grizzly Framework 2.4.3 started in: 0ms - bound to [/0.0.0.0:3700]]]

[2026-01-02T09:15:16.931-0600] [glassfish 5.0] [SEVERE] [] [javax.enterprise.system.tools.deployment.common] [tid: _ThreadID=77 _ThreadName=deployment-jar-scanner] [timeMillis: 1767366916931] [levelValue: 1000] [[
  Exception while visiting META-INF/versions/11/module-info.class of size 722
java.lang.IllegalArgumentException
	at org.glassfish.hk2.external.org.objectweb.asm.ClassReader.<init>(ClassReader.java:160)
	at org.glassfish.hk2.external.org.objectweb.asm.ClassReader.<init>(ClassReader.java:143)
	at org.glassfish.hk2.external.org.objectweb.asm.ClassReader.<init>(ClassReader.java:418)
	at org.glassfish.hk2.classmodel.reflect.Parser$5.on(Parser.java:359)
	at com.sun.enterprise.v3.server.ReadableArchiveScannerAdapter.handleEntry(ReadableArchiveScannerAdapter.java:165)
	at com.sun.enterprise.v3.server.ReadableArchiveScannerAdapter.onSelectedEntries(ReadableArchiveScannerAdapter.java:127)
	at org.glassfish.hk2.classmodel.reflect.Parser.doJob(Parser.java:345)
	at org.glassfish.hk2.classmodel.reflect.Parser.access$300(Parser.java:68)
	at org.glassfish.hk2.classmodel.reflect.Parser$3.call(Parser.java:304)
	at org.glassfish.hk2.classmodel.reflect.Parser$3.call(Parser.java:293)
	at java.util.concurrent.FutureTask.run(FutureTask.java:266)
	at java.util.concurrent.ThreadPoolExecutor.runWorker(ThreadPoolExecutor.java:1149)
	at java.util.concurrent.ThreadPoolExecutor$Worker.run(ThreadPoolExecutor.java:624)
	at java.lang.Thread.run(Thread.java:748)
]]

[2026-01-02T09:15:17.649-0600] [glassfish 5.0] [INFO] [] [javax.enterprise.system.tools.deployment.common] [tid: _ThreadID=42 _ThreadName=RunLevelControllerThread-1767366916209] [timeMillis: 1767366917649] [levelValue: 800] [[
  visiting unvisited references]]

[2026-01-02T09:15:18.029-0600] [glassfish 5.0] [INFO] [NCLS-SECURITY-01002] [javax.enterprise.system.core.security] [tid: _ThreadID=42 _ThreadName=RunLevelControllerThread-1767366916209] [timeMillis: 1767366918029] [levelValue: 800] [[
  Java security manager is disabled.]]

[2026-01-02T09:15:18.030-0600] [glassfish 5.0] [INFO] [NCLS-SECURITY-01010] [javax.enterprise.system.core.security] [tid: _ThreadID=42 _ThreadName=RunLevelControllerThread-1767366916209] [timeMillis: 1767366918030] [levelValue: 800] [[
  Entering Security Startup Service.]]

[2026-01-02T09:15:18.032-0600] [glassfish 5.0] [INFO] [NCLS-SECURITY-01143] [javax.enterprise.system.core.security] [tid: _ThreadID=42 _ThreadName=RunLevelControllerThread-1767366916209] [timeMillis: 1767366918032] [levelValue: 800] [[
  Loading policy provider com.sun.enterprise.security.provider.PolicyWrapper.]]

[2026-01-02T09:15:18.054-0600] [glassfish 5.0] [INFO] [NCLS-SECURITY-01011] [javax.enterprise.system.core.security] [tid: _ThreadID=42 _ThreadName=RunLevelControllerThread-1767366916209] [timeMillis: 1767366918054] [levelValue: 800] [[
  Security Service(s) started successfully.]]

[2026-01-02T09:15:18.217-0600] [glassfish 5.0] [INFO] [AS-WEB-GLUE-00198] [javax.enterprise.web] [tid: _ThreadID=42 _ThreadName=RunLevelControllerThread-1767366916209] [timeMillis: 1767366918217] [levelValue: 800] [[
  Created HTTP listener http-listener-1 on host/port 0.0.0.0:8080]]

[2026-01-02T09:15:18.222-0600] [glassfish 5.0] [INFO] [AS-WEB-GLUE-00198] [javax.enterprise.web] [tid: _ThreadID=42 _ThreadName=RunLevelControllerThread-1767366916209] [timeMillis: 1767366918222] [levelValue: 800] [[
  Created HTTP listener http-listener-2 on host/port 0.0.0.0:8086]]

[2026-01-02T09:15:18.224-0600] [glassfish 5.0] [INFO] [AS-WEB-GLUE-00198] [javax.enterprise.web] [tid: _ThreadID=42 _ThreadName=RunLevelControllerThread-1767366916209] [timeMillis: 1767366918224] [levelValue: 800] [[
  Created HTTP listener admin-listener on host/port 0.0.0.0:4848]]

[2026-01-02T09:15:18.243-0600] [glassfish 5.0] [INFO] [AS-WEB-GLUE-00200] [javax.enterprise.web] [tid: _ThreadID=42 _ThreadName=RunLevelControllerThread-1767366916209] [timeMillis: 1767366918243] [levelValue: 800] [[
  Created virtual server server]]

[2026-01-02T09:15:18.246-0600] [glassfish 5.0] [INFO] [AS-WEB-GLUE-00200] [javax.enterprise.web] [tid: _ThreadID=42 _ThreadName=RunLevelControllerThread-1767366916209] [timeMillis: 1767366918246] [levelValue: 800] [[
  Created virtual server __asadmin]]

[2026-01-02T09:15:18.469-0600] [glassfish 5.0] [INFO] [AS-WEB-CORE-00306] [javax.enterprise.web.core] [tid: _ThreadID=42 _ThreadName=RunLevelControllerThread-1767366916209] [timeMillis: 1767366918469] [levelValue: 800] [[
  Setting JAAS app name glassfish-web]]

[2026-01-02T09:15:18.469-0600] [glassfish 5.0] [INFO] [AS-WEB-GLUE-00201] [javax.enterprise.web] [tid: _ThreadID=42 _ThreadName=RunLevelControllerThread-1767366916209] [timeMillis: 1767366918469] [levelValue: 800] [[
  Virtual server server loaded default web module ]]

[2026-01-02T09:15:18.704-0600] [glassfish 5.0] [INFO] [] [javax.enterprise.system.tools.deployment.common] [tid: _ThreadID=42 _ThreadName=RunLevelControllerThread-1767366916209] [timeMillis: 1767366918704] [levelValue: 800] [[
  visiting unvisited references]]

[2026-01-02T09:15:18.956-0600] [glassfish 5.0] [INFO] [] [javax.enterprise.system.tools.deployment.common] [tid: _ThreadID=42 _ThreadName=RunLevelControllerThread-1767366916209] [timeMillis: 1767366918956] [levelValue: 800] [[
  visiting unvisited references]]

[2026-01-02T09:15:18.958-0600] [glassfish 5.0] [INFO] [] [javax.enterprise.system.tools.deployment.common] [tid: _ThreadID=42 _ThreadName=RunLevelControllerThread-1767366916209] [timeMillis: 1767366918958] [levelValue: 800] [[
  visiting unvisited references]]

[2026-01-02T09:15:18.958-0600] [glassfish 5.0] [INFO] [] [javax.enterprise.system.tools.deployment.common] [tid: _ThreadID=42 _ThreadName=RunLevelControllerThread-1767366916209] [timeMillis: 1767366918958] [levelValue: 800] [[
  visiting unvisited references]]

[2026-01-02T09:15:18.959-0600] [glassfish 5.0] [INFO] [] [javax.enterprise.system.tools.deployment.common] [tid: _ThreadID=42 _ThreadName=RunLevelControllerThread-1767366916209] [timeMillis: 1767366918959] [levelValue: 800] [[
  visiting unvisited references]]

[2026-01-02T09:15:18.960-0600] [glassfish 5.0] [INFO] [] [javax.enterprise.system.tools.deployment.common] [tid: _ThreadID=42 _ThreadName=RunLevelControllerThread-1767366916209] [timeMillis: 1767366918960] [levelValue: 800] [[
  visiting unvisited references]]

[2026-01-02T09:15:18.961-0600] [glassfish 5.0] [INFO] [] [javax.enterprise.system.tools.deployment.common] [tid: _ThreadID=42 _ThreadName=RunLevelControllerThread-1767366916209] [timeMillis: 1767366918961] [levelValue: 800] [[
  visiting unvisited references]]

[2026-01-02T09:15:18.963-0600] [glassfish 5.0] [INFO] [] [javax.enterprise.system.tools.deployment.common] [tid: _ThreadID=42 _ThreadName=RunLevelControllerThread-1767366916209] [timeMillis: 1767366918963] [levelValue: 800] [[
  visiting unvisited references]]

[2026-01-02T09:15:18.964-0600] [glassfish 5.0] [INFO] [] [javax.enterprise.system.tools.deployment.common] [tid: _ThreadID=42 _ThreadName=RunLevelControllerThread-1767366916209] [timeMillis: 1767366918964] [levelValue: 800] [[
  visiting unvisited references]]

[2026-01-02T09:15:18.965-0600] [glassfish 5.0] [INFO] [] [javax.enterprise.system.tools.deployment.common] [tid: _ThreadID=42 _ThreadName=RunLevelControllerThread-1767366916209] [timeMillis: 1767366918965] [levelValue: 800] [[
  visiting unvisited references]]

[2026-01-02T09:15:18.966-0600] [glassfish 5.0] [INFO] [] [javax.enterprise.system.tools.deployment.common] [tid: _ThreadID=42 _ThreadName=RunLevelControllerThread-1767366916209] [timeMillis: 1767366918966] [levelValue: 800] [[
  visiting unvisited references]]

[2026-01-02T09:15:18.967-0600] [glassfish 5.0] [INFO] [] [javax.enterprise.system.tools.deployment.common] [tid: _ThreadID=42 _ThreadName=RunLevelControllerThread-1767366916209] [timeMillis: 1767366918967] [levelValue: 800] [[
  visiting unvisited references]]

[2026-01-02T09:15:19.039-0600] [glassfish 5.0] [SEVERE] [] [global] [tid: _ThreadID=42 _ThreadName=RunLevelControllerThread-1767366916209] [timeMillis: 1767366919039] [levelValue: 1000] [[
  Class [ com/querydsl/core/types/Expression ] not found. Error while loading [ class org.springframework.data.jpa.repository.support.QuerydslRepositorySupport ]]]

[2026-01-02T09:15:19.039-0600] [glassfish 5.0] [INFO] [] [javax.enterprise.system.tools.deployment.common] [tid: _ThreadID=42 _ThreadName=RunLevelControllerThread-1767366916209] [timeMillis: 1767366919039] [levelValue: 800] [[
  visiting unvisited references]]

[2026-01-02T09:15:19.040-0600] [glassfish 5.0] [INFO] [] [javax.enterprise.system.tools.deployment.common] [tid: _ThreadID=42 _ThreadName=RunLevelControllerThread-1767366916209] [timeMillis: 1767366919040] [levelValue: 800] [[
  visiting unvisited references]]

[2026-01-02T09:15:19.041-0600] [glassfish 5.0] [INFO] [] [javax.enterprise.system.tools.deployment.common] [tid: _ThreadID=42 _ThreadName=RunLevelControllerThread-1767366916209] [timeMillis: 1767366919041] [levelValue: 800] [[
  visiting unvisited references]]

[2026-01-02T09:15:19.042-0600] [glassfish 5.0] [INFO] [] [javax.enterprise.system.tools.deployment.common] [tid: _ThreadID=42 _ThreadName=RunLevelControllerThread-1767366916209] [timeMillis: 1767366919042] [levelValue: 800] [[
  visiting unvisited references]]

[2026-01-02T09:15:19.043-0600] [glassfish 5.0] [INFO] [] [javax.enterprise.system.tools.deployment.common] [tid: _ThreadID=42 _ThreadName=RunLevelControllerThread-1767366916209] [timeMillis: 1767366919043] [levelValue: 800] [[
  visiting unvisited references]]

[2026-01-02T09:15:19.044-0600] [glassfish 5.0] [INFO] [] [javax.enterprise.system.tools.deployment.common] [tid: _ThreadID=42 _ThreadName=RunLevelControllerThread-1767366916209] [timeMillis: 1767366919044] [levelValue: 800] [[
  visiting unvisited references]]

[2026-01-02T09:15:19.045-0600] [glassfish 5.0] [INFO] [] [javax.enterprise.system.tools.deployment.common] [tid: _ThreadID=42 _ThreadName=RunLevelControllerThread-1767366916209] [timeMillis: 1767366919045] [levelValue: 800] [[
  visiting unvisited references]]

[2026-01-02T09:15:19.046-0600] [glassfish 5.0] [INFO] [] [javax.enterprise.system.tools.deployment.common] [tid: _ThreadID=42 _ThreadName=RunLevelControllerThread-1767366916209] [timeMillis: 1767366919046] [levelValue: 800] [[
  visiting unvisited references]]

[2026-01-02T09:15:19.047-0600] [glassfish 5.0] [INFO] [] [javax.enterprise.system.tools.deployment.common] [tid: _ThreadID=42 _ThreadName=RunLevelControllerThread-1767366916209] [timeMillis: 1767366919047] [levelValue: 800] [[
  visiting unvisited references]]

[2026-01-02T09:15:19.047-0600] [glassfish 5.0] [INFO] [] [javax.enterprise.system.tools.deployment.common] [tid: _ThreadID=42 _ThreadName=RunLevelControllerThread-1767366916209] [timeMillis: 1767366919047] [levelValue: 800] [[
  visiting unvisited references]]

[2026-01-02T09:15:19.048-0600] [glassfish 5.0] [INFO] [] [javax.enterprise.system.tools.deployment.common] [tid: _ThreadID=42 _ThreadName=RunLevelControllerThread-1767366916209] [timeMillis: 1767366919048] [levelValue: 800] [[
  visiting unvisited references]]

[2026-01-02T09:15:19.049-0600] [glassfish 5.0] [INFO] [] [javax.enterprise.system.tools.deployment.common] [tid: _ThreadID=42 _ThreadName=RunLevelControllerThread-1767366916209] [timeMillis: 1767366919049] [levelValue: 800] [[
  visiting unvisited references]]

[2026-01-02T09:15:19.050-0600] [glassfish 5.0] [INFO] [] [javax.enterprise.system.tools.deployment.common] [tid: _ThreadID=42 _ThreadName=RunLevelControllerThread-1767366916209] [timeMillis: 1767366919050] [levelValue: 800] [[
  visiting unvisited references]]

[2026-01-02T09:15:19.051-0600] [glassfish 5.0] [INFO] [] [javax.enterprise.system.tools.deployment.common] [tid: _ThreadID=42 _ThreadName=RunLevelControllerThread-1767366916209] [timeMillis: 1767366919051] [levelValue: 800] [[
  visiting unvisited references]]

[2026-01-02T09:15:19.051-0600] [glassfish 5.0] [INFO] [] [javax.enterprise.system.tools.deployment.common] [tid: _ThreadID=42 _ThreadName=RunLevelControllerThread-1767366916209] [timeMillis: 1767366919051] [levelValue: 800] [[
  visiting unvisited references]]

[2026-01-02T09:15:19.052-0600] [glassfish 5.0] [INFO] [] [javax.enterprise.system.tools.deployment.common] [tid: _ThreadID=42 _ThreadName=RunLevelControllerThread-1767366916209] [timeMillis: 1767366919052] [levelValue: 800] [[
  visiting unvisited references]]

[2026-01-02T09:15:19.052-0600] [glassfish 5.0] [INFO] [] [javax.enterprise.system.tools.deployment.common] [tid: _ThreadID=42 _ThreadName=RunLevelControllerThread-1767366916209] [timeMillis: 1767366919052] [levelValue: 800] [[
  visiting unvisited references]]

[2026-01-02T09:15:19.053-0600] [glassfish 5.0] [INFO] [] [javax.enterprise.system.tools.deployment.common] [tid: _ThreadID=42 _ThreadName=RunLevelControllerThread-1767366916209] [timeMillis: 1767366919053] [levelValue: 800] [[
  visiting unvisited references]]

[2026-01-02T09:15:19.054-0600] [glassfish 5.0] [INFO] [] [javax.enterprise.system.tools.deployment.common] [tid: _ThreadID=42 _ThreadName=RunLevelControllerThread-1767366916209] [timeMillis: 1767366919054] [levelValue: 800] [[
  visiting unvisited references]]

[2026-01-02T09:15:19.054-0600] [glassfish 5.0] [INFO] [] [javax.enterprise.system.tools.deployment.common] [tid: _ThreadID=42 _ThreadName=RunLevelControllerThread-1767366916209] [timeMillis: 1767366919054] [levelValue: 800] [[
  visiting unvisited references]]

[2026-01-02T09:15:19.054-0600] [glassfish 5.0] [INFO] [] [javax.enterprise.system.tools.deployment.common] [tid: _ThreadID=42 _ThreadName=RunLevelControllerThread-1767366916209] [timeMillis: 1767366919054] [levelValue: 800] [[
  visiting unvisited references]]

[2026-01-02T09:15:19.055-0600] [glassfish 5.0] [INFO] [] [javax.enterprise.system.tools.deployment.common] [tid: _ThreadID=42 _ThreadName=RunLevelControllerThread-1767366916209] [timeMillis: 1767366919055] [levelValue: 800] [[
  visiting unvisited references]]

[2026-01-02T09:15:19.055-0600] [glassfish 5.0] [INFO] [] [javax.enterprise.system.tools.deployment.common] [tid: _ThreadID=42 _ThreadName=RunLevelControllerThread-1767366916209] [timeMillis: 1767366919055] [levelValue: 800] [[
  visiting unvisited references]]

[2026-01-02T09:15:19.055-0600] [glassfish 5.0] [INFO] [] [javax.enterprise.system.tools.deployment.common] [tid: _ThreadID=42 _ThreadName=RunLevelControllerThread-1767366916209] [timeMillis: 1767366919055] [levelValue: 800] [[
  visiting unvisited references]]

[2026-01-02T09:15:19.056-0600] [glassfish 5.0] [INFO] [] [javax.enterprise.system.tools.deployment.common] [tid: _ThreadID=42 _ThreadName=RunLevelControllerThread-1767366916209] [timeMillis: 1767366919056] [levelValue: 800] [[
  visiting unvisited references]]

[2026-01-02T09:15:19.056-0600] [glassfish 5.0] [INFO] [] [javax.enterprise.system.tools.deployment.common] [tid: _ThreadID=42 _ThreadName=RunLevelControllerThread-1767366916209] [timeMillis: 1767366919056] [levelValue: 800] [[
  visiting unvisited references]]

[2026-01-02T09:15:19.056-0600] [glassfish 5.0] [INFO] [] [javax.enterprise.system.tools.deployment.common] [tid: _ThreadID=42 _ThreadName=RunLevelControllerThread-1767366916209] [timeMillis: 1767366919056] [levelValue: 800] [[
  visiting unvisited references]]

[2026-01-02T09:15:19.056-0600] [glassfish 5.0] [INFO] [] [javax.enterprise.system.tools.deployment.common] [tid: _ThreadID=42 _ThreadName=RunLevelControllerThread-1767366916209] [timeMillis: 1767366919056] [levelValue: 800] [[
  visiting unvisited references]]

[2026-01-02T09:15:19.058-0600] [glassfish 5.0] [INFO] [] [javax.enterprise.system.tools.deployment.common] [tid: _ThreadID=42 _ThreadName=RunLevelControllerThread-1767366916209] [timeMillis: 1767366919058] [levelValue: 800] [[
  visiting unvisited references]]

[2026-01-02T09:15:19.059-0600] [glassfish 5.0] [INFO] [] [javax.enterprise.system.tools.deployment.common] [tid: _ThreadID=42 _ThreadName=RunLevelControllerThread-1767366916209] [timeMillis: 1767366919059] [levelValue: 800] [[
  visiting unvisited references]]

[2026-01-02T09:15:19.060-0600] [glassfish 5.0] [INFO] [] [javax.enterprise.system.tools.deployment.common] [tid: _ThreadID=42 _ThreadName=RunLevelControllerThread-1767366916209] [timeMillis: 1767366919060] [levelValue: 800] [[
  visiting unvisited references]]

[2026-01-02T09:15:19.060-0600] [glassfish 5.0] [INFO] [] [javax.enterprise.system.tools.deployment.common] [tid: _ThreadID=42 _ThreadName=RunLevelControllerThread-1767366916209] [timeMillis: 1767366919060] [levelValue: 800] [[
  visiting unvisited references]]

[2026-01-02T09:15:19.061-0600] [glassfish 5.0] [INFO] [] [javax.enterprise.system.tools.deployment.common] [tid: _ThreadID=42 _ThreadName=RunLevelControllerThread-1767366916209] [timeMillis: 1767366919061] [levelValue: 800] [[
  visiting unvisited references]]

[2026-01-02T09:15:19.061-0600] [glassfish 5.0] [INFO] [] [javax.enterprise.system.tools.deployment.common] [tid: _ThreadID=42 _ThreadName=RunLevelControllerThread-1767366916209] [timeMillis: 1767366919061] [levelValue: 800] [[
  visiting unvisited references]]

[2026-01-02T09:15:19.062-0600] [glassfish 5.0] [INFO] [] [javax.enterprise.system.tools.deployment.common] [tid: _ThreadID=42 _ThreadName=RunLevelControllerThread-1767366916209] [timeMillis: 1767366919062] [levelValue: 800] [[
  visiting unvisited references]]

[2026-01-02T09:15:19.062-0600] [glassfish 5.0] [INFO] [] [javax.enterprise.system.tools.deployment.common] [tid: _ThreadID=42 _ThreadName=RunLevelControllerThread-1767366916209] [timeMillis: 1767366919062] [levelValue: 800] [[
  visiting unvisited references]]

[2026-01-02T09:15:19.070-0600] [glassfish 5.0] [SEVERE] [] [global] [tid: _ThreadID=42 _ThreadName=RunLevelControllerThread-1767366916209] [timeMillis: 1767366919070] [levelValue: 1000] [[
  Class [ Lcom/unboundid/ldap/listener/InMemoryDirectoryServer; ] not found. Error while loading [ class org.springframework.boot.autoconfigure.ldap.embedded.EmbeddedLdapAutoConfiguration ]]]

[2026-01-02T09:15:19.071-0600] [glassfish 5.0] [INFO] [] [javax.enterprise.system.tools.deployment.common] [tid: _ThreadID=42 _ThreadName=RunLevelControllerThread-1767366916209] [timeMillis: 1767366919071] [levelValue: 800] [[
  visiting unvisited references]]

[2026-01-02T09:15:19.071-0600] [glassfish 5.0] [INFO] [] [javax.enterprise.system.tools.deployment.common] [tid: _ThreadID=42 _ThreadName=RunLevelControllerThread-1767366916209] [timeMillis: 1767366919071] [levelValue: 800] [[
  visiting unvisited references]]

[2026-01-02T09:15:19.072-0600] [glassfish 5.0] [INFO] [] [javax.enterprise.system.tools.deployment.common] [tid: _ThreadID=42 _ThreadName=RunLevelControllerThread-1767366916209] [timeMillis: 1767366919072] [levelValue: 800] [[
  visiting unvisited references]]

[2026-01-02T09:15:19.072-0600] [glassfish 5.0] [INFO] [] [javax.enterprise.system.tools.deployment.common] [tid: _ThreadID=42 _ThreadName=RunLevelControllerThread-1767366916209] [timeMillis: 1767366919072] [levelValue: 800] [[
  visiting unvisited references]]

[2026-01-02T09:15:19.072-0600] [glassfish 5.0] [INFO] [] [javax.enterprise.system.tools.deployment.common] [tid: _ThreadID=42 _ThreadName=RunLevelControllerThread-1767366916209] [timeMillis: 1767366919072] [levelValue: 800] [[
  visiting unvisited references]]

[2026-01-02T09:15:19.072-0600] [glassfish 5.0] [INFO] [] [javax.enterprise.system.tools.deployment.common] [tid: _ThreadID=42 _ThreadName=RunLevelControllerThread-1767366916209] [timeMillis: 1767366919072] [levelValue: 800] [[
  visiting unvisited references]]

[2026-01-02T09:15:19.073-0600] [glassfish 5.0] [INFO] [] [javax.enterprise.system.tools.deployment.common] [tid: _ThreadID=42 _ThreadName=RunLevelControllerThread-1767366916209] [timeMillis: 1767366919073] [levelValue: 800] [[
  visiting unvisited references]]

[2026-01-02T09:15:19.073-0600] [glassfish 5.0] [INFO] [] [javax.enterprise.system.tools.deployment.common] [tid: _ThreadID=42 _ThreadName=RunLevelControllerThread-1767366916209] [timeMillis: 1767366919073] [levelValue: 800] [[
  visiting unvisited references]]

[2026-01-02T09:15:19.074-0600] [glassfish 5.0] [INFO] [] [javax.enterprise.system.tools.deployment.common] [tid: _ThreadID=42 _ThreadName=RunLevelControllerThread-1767366916209] [timeMillis: 1767366919074] [levelValue: 800] [[
  visiting unvisited references]]

[2026-01-02T09:15:19.075-0600] [glassfish 5.0] [INFO] [] [javax.enterprise.system.tools.deployment.common] [tid: _ThreadID=42 _ThreadName=RunLevelControllerThread-1767366916209] [timeMillis: 1767366919075] [levelValue: 800] [[
  visiting unvisited references]]

[2026-01-02T09:15:19.076-0600] [glassfish 5.0] [INFO] [] [javax.enterprise.system.tools.deployment.common] [tid: _ThreadID=42 _ThreadName=RunLevelControllerThread-1767366916209] [timeMillis: 1767366919076] [levelValue: 800] [[
  visiting unvisited references]]

[2026-01-02T09:15:19.076-0600] [glassfish 5.0] [INFO] [] [javax.enterprise.system.tools.deployment.common] [tid: _ThreadID=42 _ThreadName=RunLevelControllerThread-1767366916209] [timeMillis: 1767366919076] [levelValue: 800] [[
  visiting unvisited references]]

[2026-01-02T09:15:19.077-0600] [glassfish 5.0] [INFO] [] [javax.enterprise.system.tools.deployment.common] [tid: _ThreadID=42 _ThreadName=RunLevelControllerThread-1767366916209] [timeMillis: 1767366919077] [levelValue: 800] [[
  visiting unvisited references]]

[2026-01-02T09:15:19.077-0600] [glassfish 5.0] [INFO] [] [javax.enterprise.system.tools.deployment.common] [tid: _ThreadID=42 _ThreadName=RunLevelControllerThread-1767366916209] [timeMillis: 1767366919077] [levelValue: 800] [[
  visiting unvisited references]]

[2026-01-02T09:15:19.078-0600] [glassfish 5.0] [INFO] [] [javax.enterprise.system.tools.deployment.common] [tid: _ThreadID=42 _ThreadName=RunLevelControllerThread-1767366916209] [timeMillis: 1767366919078] [levelValue: 800] [[
  visiting unvisited references]]

[2026-01-02T09:15:19.078-0600] [glassfish 5.0] [INFO] [] [javax.enterprise.system.tools.deployment.common] [tid: _ThreadID=42 _ThreadName=RunLevelControllerThread-1767366916209] [timeMillis: 1767366919078] [levelValue: 800] [[
  visiting unvisited references]]

[2026-01-02T09:15:19.079-0600] [glassfish 5.0] [INFO] [] [javax.enterprise.system.tools.deployment.common] [tid: _ThreadID=42 _ThreadName=RunLevelControllerThread-1767366916209] [timeMillis: 1767366919079] [levelValue: 800] [[
  visiting unvisited references]]

[2026-01-02T09:15:19.080-0600] [glassfish 5.0] [INFO] [] [javax.enterprise.system.tools.deployment.common] [tid: _ThreadID=42 _ThreadName=RunLevelControllerThread-1767366916209] [timeMillis: 1767366919080] [levelValue: 800] [[
  visiting unvisited references]]

[2026-01-02T09:15:19.080-0600] [glassfish 5.0] [INFO] [] [javax.enterprise.system.tools.deployment.common] [tid: _ThreadID=42 _ThreadName=RunLevelControllerThread-1767366916209] [timeMillis: 1767366919080] [levelValue: 800] [[
  visiting unvisited references]]

[2026-01-02T09:15:19.081-0600] [glassfish 5.0] [INFO] [] [javax.enterprise.system.tools.deployment.common] [tid: _ThreadID=42 _ThreadName=RunLevelControllerThread-1767366916209] [timeMillis: 1767366919081] [levelValue: 800] [[
  visiting unvisited references]]

[2026-01-02T09:15:19.082-0600] [glassfish 5.0] [INFO] [] [javax.enterprise.system.tools.deployment.common] [tid: _ThreadID=42 _ThreadName=RunLevelControllerThread-1767366916209] [timeMillis: 1767366919082] [levelValue: 800] [[
  visiting unvisited references]]

[2026-01-02T09:15:19.083-0600] [glassfish 5.0] [INFO] [] [javax.enterprise.system.tools.deployment.common] [tid: _ThreadID=42 _ThreadName=RunLevelControllerThread-1767366916209] [timeMillis: 1767366919083] [levelValue: 800] [[
  visiting unvisited references]]

[2026-01-02T09:15:19.083-0600] [glassfish 5.0] [INFO] [] [javax.enterprise.system.tools.deployment.common] [tid: _ThreadID=42 _ThreadName=RunLevelControllerThread-1767366916209] [timeMillis: 1767366919083] [levelValue: 800] [[
  visiting unvisited references]]

[2026-01-02T09:15:19.084-0600] [glassfish 5.0] [INFO] [] [javax.enterprise.system.tools.deployment.common] [tid: _ThreadID=42 _ThreadName=RunLevelControllerThread-1767366916209] [timeMillis: 1767366919084] [levelValue: 800] [[
  visiting unvisited references]]

[2026-01-02T09:15:19.084-0600] [glassfish 5.0] [INFO] [] [javax.enterprise.system.tools.deployment.common] [tid: _ThreadID=42 _ThreadName=RunLevelControllerThread-1767366916209] [timeMillis: 1767366919084] [levelValue: 800] [[
  visiting unvisited references]]

[2026-01-02T09:15:19.085-0600] [glassfish 5.0] [INFO] [] [javax.enterprise.system.tools.deployment.common] [tid: _ThreadID=42 _ThreadName=RunLevelControllerThread-1767366916209] [timeMillis: 1767366919085] [levelValue: 800] [[
  visiting unvisited references]]

[2026-01-02T09:15:19.086-0600] [glassfish 5.0] [INFO] [] [javax.enterprise.system.tools.deployment.common] [tid: _ThreadID=42 _ThreadName=RunLevelControllerThread-1767366916209] [timeMillis: 1767366919086] [levelValue: 800] [[
  visiting unvisited references]]

[2026-01-02T09:15:19.132-0600] [glassfish 5.0] [WARNING] [] [javax.enterprise.web.util] [tid: _ThreadID=42 _ThreadName=RunLevelControllerThread-1767366916209] [timeMillis: 1767366919132] [levelValue: 900] [[
  The web application [unknown] registered the JDBC driver [org.postgresql.Driver] but failed to unregister it when the web application was stopped. To prevent a memory leak, the JDBC Driver has been forcibly unregistered.]]

[2026-01-02T09:15:19.351-0600] [glassfish 5.0] [INFO] [] [org.hibernate.validator.internal.util.Version] [tid: _ThreadID=42 _ThreadName=RunLevelControllerThread-1767366916209] [timeMillis: 1767366919351] [levelValue: 800] [[
  HV000001: Hibernate Validator 6.0.10.Final]]

[2026-01-02T09:15:19.657-0600] [glassfish 5.0] [INFO] [] [org.glassfish.tyrus.servlet.TyrusServletContainerInitializer] [tid: _ThreadID=42 _ThreadName=RunLevelControllerThread-1767366916209] [timeMillis: 1767366919657] [levelValue: 800] [[
  Registering WebSocket filter for url pattern /*]]

[2026-01-02T09:15:19.681-0600] [glassfish 5.0] [INFO] [] [javax.enterprise.web] [tid: _ThreadID=42 _ThreadName=RunLevelControllerThread-1767366916209] [timeMillis: 1767366919681] [levelValue: 800] [[
  WebModule[/spei] ServletContext.log():2 Spring WebApplicationInitializers detected on classpath]]

[2026-01-02T09:15:20.631-0600] [glassfish 5.0] [INFO] [] [] [tid: _ThreadID=42 _ThreadName=Thread-8] [timeMillis: 1767366920631] [levelValue: 800] [[
    .   ____          _            __ _ _]]

[2026-01-02T09:15:20.631-0600] [glassfish 5.0] [INFO] [] [] [tid: _ThreadID=42 _ThreadName=Thread-8] [timeMillis: 1767366920631] [levelValue: 800] [[
   /\\ / ___'_ __ _ _(_)_ __  __ _ \ \ \ \]]

[2026-01-02T09:15:20.631-0600] [glassfish 5.0] [INFO] [] [] [tid: _ThreadID=42 _ThreadName=Thread-8] [timeMillis: 1767366920631] [levelValue: 800] [[
  ( ( )\___ | '_ | '_| | '_ \/ _` | \ \ \ \]]

[2026-01-02T09:15:20.631-0600] [glassfish 5.0] [INFO] [] [] [tid: _ThreadID=42 _ThreadName=Thread-8] [timeMillis: 1767366920631] [levelValue: 800] [[
   \\/  ___)| |_)| | | | | || (_| |  ) ) ) )]]

[2026-01-02T09:15:20.631-0600] [glassfish 5.0] [INFO] [] [] [tid: _ThreadID=42 _ThreadName=Thread-8] [timeMillis: 1767366920631] [levelValue: 800] [[
    '  |____| .__|_| |_|_| |_\__, | / / / /]]

[2026-01-02T09:15:20.631-0600] [glassfish 5.0] [INFO] [] [] [tid: _ThreadID=42 _ThreadName=Thread-8] [timeMillis: 1767366920631] [levelValue: 800] [[
   =========|_|==============|___/=/_/_/_/]]

[2026-01-02T09:15:20.634-0600] [glassfish 5.0] [INFO] [] [] [tid: _ThreadID=42 _ThreadName=Thread-8] [timeMillis: 1767366920634] [levelValue: 800] [[
   :: Spring Boot ::                (v2.7.6)]]

[2026-01-02T09:15:20.852-0600] [glassfish 5.0] [INFO] [] [] [tid: _ThreadID=42 _ThreadName=Thread-8] [timeMillis: 1767366920852] [levelValue: 800] [[
  2026-01-02 09:15:20.849  INFO 2467199 --- [d-1767366916209] fenoreste.spei.ServletInitializer        : Starting ServletInitializer using Java 1.8.0_231 on cajafama.coop with PID 2467199 (/home/stpserver/glassfish5/glassfish/domains/domain1/applications/spei/WEB-INF/classes/fenoreste/spei/ServletInitializer.class started by stpserver in /home/stpserver/glassfish5/glassfish/domains/domain1/config)
]]

[2026-01-02T09:15:20.854-0600] [glassfish 5.0] [INFO] [] [] [tid: _ThreadID=42 _ThreadName=Thread-8] [timeMillis: 1767366920854] [levelValue: 800] [[
  2026-01-02 09:15:20.854  INFO 2467199 --- [d-1767366916209] fenoreste.spei.ServletInitializer        : No active profile set, falling back to 1 default profile: "default"
]]

[2026-01-02T09:15:22.134-0600] [glassfish 5.0] [INFO] [] [] [tid: _ThreadID=42 _ThreadName=Thread-8] [timeMillis: 1767366922134] [levelValue: 800] [[
  2026-01-02 09:15:22.134  INFO 2467199 --- [d-1767366916209] .s.d.r.c.RepositoryConfigurationDelegate : Bootstrapping Spring Data JPA repositories in DEFAULT mode.
]]

[2026-01-02T09:15:22.315-0600] [glassfish 5.0] [INFO] [] [] [tid: _ThreadID=42 _ThreadName=Thread-8] [timeMillis: 1767366922315] [levelValue: 800] [[
  2026-01-02 09:15:22.314  INFO 2467199 --- [d-1767366916209] .s.d.r.c.RepositoryConfigurationDelegate : Finished Spring Data repository scanning in 165 ms. Found 20 JPA repository interfaces.
]]

[2026-01-02T09:15:22.321-0600] [glassfish 5.0] [INFO] [] [] [tid: _ThreadID=42 _ThreadName=Thread-8] [timeMillis: 1767366922321] [levelValue: 800] [[
  2026-01-02 09:15:22.321  INFO 2467199 --- [d-1767366916209] .s.d.r.c.RepositoryConfigurationDelegate : Bootstrapping Spring Data JPA repositories in DEFAULT mode.
]]

[2026-01-02T09:15:22.366-0600] [glassfish 5.0] [INFO] [] [] [tid: _ThreadID=42 _ThreadName=Thread-8] [timeMillis: 1767366922366] [levelValue: 800] [[
  2026-01-02 09:15:22.366  INFO 2467199 --- [d-1767366916209] .s.d.r.c.RepositoryConfigurationDelegate : Finished Spring Data repository scanning in 44 ms. Found 20 JPA repository interfaces.
]]

[2026-01-02T09:15:23.214-0600] [glassfish 5.0] [INFO] [] [] [tid: _ThreadID=42 _ThreadName=Thread-8] [timeMillis: 1767366923214] [levelValue: 800] [[
  2026-01-02 09:15:23.214  INFO 2467199 --- [d-1767366916209] trationDelegate$BeanPostProcessorChecker : Bean 'org.springframework.ws.config.annotation.DelegatingWsConfiguration' of type [org.springframework.ws.config.annotation.DelegatingWsConfiguration$$EnhancerBySpringCGLIB$$97b22dcb] is not eligible for getting processed by all BeanPostProcessors (for example: not eligible for auto-proxying)
]]

[2026-01-02T09:15:23.291-0600] [glassfish 5.0] [INFO] [] [] [tid: _ThreadID=42 _ThreadName=Thread-8] [timeMillis: 1767366923291] [levelValue: 800] [[
  2026-01-02 09:15:23.291  INFO 2467199 --- [d-1767366916209] .w.s.a.s.AnnotationActionEndpointMapping : Supporting [WS-Addressing August 2004, WS-Addressing 1.0]
]]

[2026-01-02T09:15:23.390-0600] [glassfish 5.0] [INFO] [] [javax.enterprise.web] [tid: _ThreadID=42 _ThreadName=RunLevelControllerThread-1767366916209] [timeMillis: 1767366923390] [levelValue: 800] [[
  WebModule[/spei] ServletContext.log():Initializing Spring embedded WebApplicationContext]]

[2026-01-02T09:15:23.390-0600] [glassfish 5.0] [INFO] [] [] [tid: _ThreadID=42 _ThreadName=Thread-8] [timeMillis: 1767366923390] [levelValue: 800] [[
  2026-01-02 09:15:23.390  INFO 2467199 --- [d-1767366916209] w.s.c.ServletWebServerApplicationContext : Root WebApplicationContext: initialization completed in 2326 ms
]]

[2026-01-02T09:15:23.887-0600] [glassfish 5.0] [INFO] [] [org.hibernate.jpa.internal.util.LogHelper] [tid: _ThreadID=42 _ThreadName=RunLevelControllerThread-1767366916209] [timeMillis: 1767366923887] [levelValue: 800] [[
  HHH000204: Processing PersistenceUnitInfo [name: default]]]

[2026-01-02T09:15:24.072-0600] [glassfish 5.0] [INFO] [] [org.hibernate.Version] [tid: _ThreadID=42 _ThreadName=RunLevelControllerThread-1767366916209] [timeMillis: 1767366924072] [levelValue: 800] [[
  HHH000412: Hibernate ORM core version 5.6.14.Final]]

[2026-01-02T09:15:24.408-0600] [glassfish 5.0] [INFO] [] [org.hibernate.annotations.common.Version] [tid: _ThreadID=42 _ThreadName=RunLevelControllerThread-1767366916209] [timeMillis: 1767366924408] [levelValue: 800] [[
  HCANN000001: Hibernate Commons Annotations {5.1.2.Final}]]

[2026-01-02T09:15:24.818-0600] [glassfish 5.0] [INFO] [] [org.hibernate.dialect.Dialect] [tid: _ThreadID=42 _ThreadName=RunLevelControllerThread-1767366916209] [timeMillis: 1767366924818] [levelValue: 800] [[
  HHH000400: Using dialect: org.hibernate.dialect.PostgreSQLDialect]]

[2026-01-02T09:15:24.898-0600] [glassfish 5.0] [INFO] [] [org.hibernate.orm.beans] [tid: _ThreadID=42 _ThreadName=RunLevelControllerThread-1767366916209] [timeMillis: 1767366924898] [levelValue: 800] [[
  HHH10005002: No explicit CDI BeanManager reference was passed to Hibernate, but CDI is available on the Hibernate ClassLoader.]]

[2026-01-02T09:15:26.477-0600] [glassfish 5.0] [INFO] [] [org.hibernate.engine.transaction.jta.platform.internal.JtaPlatformInitiator] [tid: _ThreadID=42 _ThreadName=RunLevelControllerThread-1767366916209] [timeMillis: 1767366926477] [levelValue: 800] [[
  HHH000490: Using JtaPlatform implementation: [org.hibernate.engine.transaction.jta.platform.internal.NoJtaPlatform]]]

[2026-01-02T09:15:26.496-0600] [glassfish 5.0] [INFO] [] [] [tid: _ThreadID=42 _ThreadName=Thread-8] [timeMillis: 1767366926496] [levelValue: 800] [[
  2026-01-02 09:15:26.496  INFO 2467199 --- [d-1767366916209] j.LocalContainerEntityManagerFactoryBean : Initialized JPA EntityManagerFactory for persistence unit 'default'
]]

[2026-01-02T09:15:27.665-0600] [glassfish 5.0] [INFO] [] [] [tid: _ThreadID=42 _ThreadName=Thread-8] [timeMillis: 1767366927665] [levelValue: 800] [[
  2026-01-02 09:15:27.665  INFO 2467199 --- [d-1767366916209] f.a.AutowiredAnnotationBeanPostProcessor : Autowired annotation is not supported on static fields: private static org.springframework.web.client.RestTemplate fenoreste.spei.consumo.ConsumoCsnTDD.restTemplate
]]

[2026-01-02T09:15:27.964-0600] [glassfish 5.0] [INFO] [] [] [tid: _ThreadID=42 _ThreadName=Thread-8] [timeMillis: 1767366927964] [levelValue: 800] [[
  2026-01-02 09:15:27.964  WARN 2467199 --- [d-1767366916209] JpaBaseConfiguration$JpaWebConfiguration : spring.jpa.open-in-view is enabled by default. Therefore, database queries may be performed during view rendering. Explicitly configure spring.jpa.open-in-view to disable this warning
]]

[2026-01-02T09:15:28.529-0600] [glassfish 5.0] [INFO] [] [] [tid: _ThreadID=42 _ThreadName=Thread-8] [timeMillis: 1767366928529] [levelValue: 800] [[
  2026-01-02 09:15:28.528  INFO 2467199 --- [d-1767366916209] o.s.s.web.DefaultSecurityFilterChain     : Will secure any request with [org.springframework.security.web.session.DisableEncodeUrlFilter@30520c78, org.springframework.security.web.context.request.async.WebAsyncManagerIntegrationFilter@1d5ddfd1, org.springframework.security.web.context.SecurityContextPersistenceFilter@609be474, org.springframework.security.web.header.HeaderWriterFilter@56c5ac9, org.springframework.security.web.authentication.logout.LogoutFilter@289e8ef, org.springframework.security.web.authentication.www.BasicAuthenticationFilter@73232d2b, org.springframework.security.web.savedrequest.RequestCacheAwareFilter@7c715409, org.springframework.security.web.servletapi.SecurityContextHolderAwareRequestFilter@7d9be40d, org.springframework.security.web.authentication.AnonymousAuthenticationFilter@70b9ee4b, org.springframework.security.web.session.SessionManagementFilter@5f3b8b61, org.springframework.security.web.access.ExceptionTranslationFilter@455b6f2d, org.springframework.security.web.access.intercept.FilterSecurityInterceptor@82f1e3c]
]]

[2026-01-02T09:15:29.437-0600] [glassfish 5.0] [INFO] [] [] [tid: _ThreadID=42 _ThreadName=Thread-8] [timeMillis: 1767366929437] [levelValue: 800] [[
  2026-01-02 09:15:29.437  INFO 2467199 --- [d-1767366916209] fenoreste.spei.ServletInitializer        : Started ServletInitializer in 9.53 seconds (JVM running for 14.922)
]]

[2026-01-02T09:15:29.659-0600] [glassfish 5.0] [INFO] [jsf.config.listener.version] [javax.enterprise.resource.webcontainer.jsf.config] [tid: _ThreadID=42 _ThreadName=RunLevelControllerThread-1767366916209] [timeMillis: 1767366929659] [levelValue: 800] [[
  Inicializando Mojarra 2.3.2 ( 20170627-2139 e63598abf2ed2bb1a24674f308a734e0dce18a72) para el contexto '/spei']]

[2026-01-02T09:15:30.275-0600] [glassfish 5.0] [SEVERE] [] [javax.enterprise.web] [tid: _ThreadID=42 _ThreadName=RunLevelControllerThread-1767366916209] [timeMillis: 1767366930275] [levelValue: 1000] [[
  WebModule[/spei]Exception starting filter WebSocket filter
java.lang.InstantiationException
	at org.apache.catalina.core.ApplicationFilterConfig.<init>(ApplicationFilterConfig.java:86)
	at org.apache.catalina.core.StandardContext.filterStart(StandardContext.java:4941)
	at org.apache.catalina.core.StandardContext.start(StandardContext.java:5585)
	at com.sun.enterprise.web.WebModule.start(WebModule.java:540)
	at org.apache.catalina.core.ContainerBase.addChildInternal(ContainerBase.java:877)
	at org.apache.catalina.core.ContainerBase.addChild(ContainerBase.java:860)
	at org.apache.catalina.core.StandardHost.addChild(StandardHost.java:644)
	at com.sun.enterprise.web.WebContainer.loadWebModule(WebContainer.java:2044)
	at com.sun.enterprise.web.WebContainer.loadWebModule(WebContainer.java:1690)
	at com.sun.enterprise.web.WebApplication.start(WebApplication.java:107)
	at org.glassfish.internal.data.EngineRef.start(EngineRef.java:122)
	at org.glassfish.internal.data.ModuleInfo.start(ModuleInfo.java:291)
	at org.glassfish.internal.data.ApplicationInfo.start(ApplicationInfo.java:352)
	at com.sun.enterprise.v3.server.ApplicationLifecycle.deploy(ApplicationLifecycle.java:500)
	at com.sun.enterprise.v3.server.ApplicationLoaderService.processApplication(ApplicationLoaderService.java:406)
	at com.sun.enterprise.v3.server.ApplicationLoaderService.postConstruct(ApplicationLoaderService.java:243)
	at org.jvnet.hk2.internal.ClazzCreator.postConstructMe(ClazzCreator.java:327)
	at org.jvnet.hk2.internal.ClazzCreator.create(ClazzCreator.java:375)
	at org.jvnet.hk2.internal.SystemDescriptor.create(SystemDescriptor.java:487)
	at org.glassfish.hk2.runlevel.internal.AsyncRunLevelContext.findOrCreate(AsyncRunLevelContext.java:305)
	at org.glassfish.hk2.runlevel.RunLevelContext.findOrCreate(RunLevelContext.java:89)
	at org.jvnet.hk2.internal.Utilities.createService(Utilities.java:2126)
	at org.jvnet.hk2.internal.ServiceHandleImpl.getService(ServiceHandleImpl.java:116)
	at org.jvnet.hk2.internal.ServiceHandleImpl.getService(ServiceHandleImpl.java:90)
	at org.glassfish.hk2.runlevel.internal.CurrentTaskFuture$QueueRunner.oneJob(CurrentTaskFuture.java:1237)
	at org.glassfish.hk2.runlevel.internal.CurrentTaskFuture$QueueRunner.run(CurrentTaskFuture.java:1168)
	at java.util.concurrent.ThreadPoolExecutor.runWorker(ThreadPoolExecutor.java:1149)
	at java.util.concurrent.ThreadPoolExecutor$Worker.run(ThreadPoolExecutor.java:624)
	at java.lang.Thread.run(Thread.java:748)
Caused by: java.lang.ClassCastException: org.apache.tomcat.websocket.server.WsServerContainer cannot be cast to org.glassfish.tyrus.server.TyrusServerContainer
	at org.glassfish.tyrus.servlet.TyrusServletFilter.init(TyrusServletFilter.java:119)
	at org.apache.catalina.core.ApplicationFilterConfig.getFilter(ApplicationFilterConfig.java:226)
	at org.apache.catalina.core.ApplicationFilterConfig.<init>(ApplicationFilterConfig.java:82)
	... 28 more
]]

[2026-01-02T09:15:30.278-0600] [glassfish 5.0] [INFO] [AS-WEB-GLUE-00172] [javax.enterprise.web] [tid: _ThreadID=42 _ThreadName=RunLevelControllerThread-1767366916209] [timeMillis: 1767366930278] [levelValue: 800] [[
  Loading application [spei] at [/spei]]]

[2026-01-02T09:15:30.279-0600] [glassfish 5.0] [INFO] [NCLS-CORE-00022] [javax.enterprise.system.core] [tid: _ThreadID=42 _ThreadName=RunLevelControllerThread-1767366916209] [timeMillis: 1767366930279] [levelValue: 800] [[
  Loading application spei done in 13,651 ms]]

[2026-01-02T09:15:30.280-0600] [glassfish 5.0] [INFO] [NCLS-CORE-00017] [javax.enterprise.system.core] [tid: _ThreadID=1 _ThreadName=main] [timeMillis: 1767366930280] [levelValue: 800] [[
  GlassFish Server Open Source Edition  5.0.1  (5) startup time : Felix (1,610ms), startup services(14,078ms), total(15,688ms)]]

[2026-01-02T09:15:30.321-0600] [glassfish 5.0] [INFO] [NCLS-CORE-00087] [javax.enterprise.system.core] [tid: _ThreadID=42 _ThreadName=RunLevelControllerThread-1767366916209] [timeMillis: 1767366930321] [levelValue: 800] [[
  Grizzly Framework 2.4.3 started in: 1ms - bound to [/0.0.0.0:7676]]]

[2026-01-02T09:15:30.382-0600] [glassfish 5.0] [INFO] [NCLS-BOOTSTRAP-00027] [javax.enterprise.bootstrap] [tid: _ThreadID=1 _ThreadName=main] [timeMillis: 1767366930382] [levelValue: 800] [[
  Registered com.sun.enterprise.glassfish.bootstrap.osgi.EmbeddedOSGiGlassFishImpl@7a799159 as OSGi service registration: org.apache.felix.framework.ServiceRegistrationImpl@40ab8a8.]]

[2026-01-02T09:15:30.469-0600] [glassfish 5.0] [INFO] [NCLS-JMX-00005] [javax.enterprise.system.jmx] [tid: _ThreadID=114 _ThreadName=Thread-35] [timeMillis: 1767366930469] [levelValue: 800] [[
  JMXStartupService has started JMXConnector on JMXService URL service:jmx:rmi://cajafama.coop:8686/jndi/rmi://cajafama.coop:8686/jmxrmi]]

[2026-01-02T09:15:30.510-0600] [glassfish 5.0] [INFO] [] [org.jvnet.hk2.osgiadapter] [tid: _ThreadID=28 _ThreadName=FelixStartLevel] [timeMillis: 1767366930510] [levelValue: 800] [[
  Skipping registration of inhabitant for service reference [org.osgi.service.cm.ManagedService] as the service object could not be obtained.]]

[2026-01-02T09:15:30.511-0600] [glassfish 5.0] [INFO] [] [org.jvnet.hk2.osgiadapter] [tid: _ThreadID=28 _ThreadName=FelixStartLevel] [timeMillis: 1767366930511] [levelValue: 800] [[
  Skipping registration of inhabitant for service reference [org.osgi.service.metatype.MetaTypeProvider] as the service object could not be obtained.]]

[2026-01-02T11:50:15.600-0600] [glassfish 5.0] [INFO] [] [javax.enterprise.web] [tid: _ThreadID=63 _ThreadName=http-listener-2(4)] [timeMillis: 1767376215600] [levelValue: 800] [[
  WebModule[/spei] ServletContext.log():Initializing Spring DispatcherServlet &#x27;dispatcherServlet&#x27;]]

[2026-01-02T11:50:15.601-0600] [glassfish 5.0] [INFO] [] [] [tid: _ThreadID=63 _ThreadName=Thread-8] [timeMillis: 1767376215601] [levelValue: 800] [[
  2026-01-02 11:50:15.600  INFO 2467199 --- [p-listener-2(4)] o.s.web.servlet.DispatcherServlet        : Initializing Servlet 'dispatcherServlet'
]]

[2026-01-02T11:50:15.603-0600] [glassfish 5.0] [INFO] [] [] [tid: _ThreadID=63 _ThreadName=Thread-8] [timeMillis: 1767376215603] [levelValue: 800] [[
  2026-01-02 11:50:15.603  INFO 2467199 --- [p-listener-2(4)] o.s.web.servlet.DispatcherServlet        : Completed initialization in 2 ms
]]

[2026-01-02T11:50:15.781-0600] [glassfish 5.0] [INFO] [] [] [tid: _ThreadID=63 _ThreadName=Thread-8] [timeMillis: 1767376215781] [levelValue: 800] [[
  2026-01-02 11:50:15.779  INFO 2467199 --- [p-listener-2(4)] fenoreste.spei.controller.InController   : Solicitud recibida: request(id=2016645172, fechaOperacion=20260102, institucionOrdenante=40072, institucionBeneficiaria=90646, claveRastreo=38432P05202601024833952656, monto=1.0, nombreOrdenante=YULIANA YARET GARCIA DE LA CERDA, tipoCuentaOrdenante=40, cuentaOrdenante=072580010751592240, rfcCurpOrdenante=GACY840814CR3, nombreBeneficiario=NO INGRESADO, tipoCuentaBeneficiario=40, cuentaBeneficiario=646180522900000014, nombreBeneficiario2=null, tipoCuentaBeneficiario2=0, cuentaBeneficiario2=null, rfcCurpBeneficiario=ND, conceptoPago=Prueba stp, referenciaNumerica=260102, empresa=CAJA_FAMA, tipoPago=1, tsLiquidacion=1767379823627, folioCodi=)
]]

[2026-01-02T11:50:15.809-0600] [glassfish 5.0] [INFO] [] [] [tid: _ThreadID=63 _ThreadName=Thread-8] [timeMillis: 1767376215809] [levelValue: 800] [[
  2026-01-02 11:50:15.809  INFO 2467199 --- [p-listener-2(4)] fenoreste.spei.service.InServiceGeneral  : .......Peticion sendAbono:{"id":2016645172,"fechaOperacion":20260102,"institucionOrdenante":40072,"institucionBeneficiaria":90646,"claveRastreo":"38432P05202601024833952656","monto":1.0,"nombreOrdenante":"YULIANA YARET GARCIA DE LA CERDA","tipoCuentaOrdenante":40,"cuentaOrdenante":"072580010751592240","rfcCurpOrdenante":"GACY840814CR3","nombreBeneficiario":"NO INGRESADO","tipoCuentaBeneficiario":40,"cuentaBeneficiario":"646180522900000014","nombreBeneficiario2":"null","tipoCuentaBeneficiario2":0,"cuentaBeneficiario2":"null","rfcCurpBeneficiario":"ND","conceptoPago":"Prueba stp","referenciaNumerica":260102,"empresa":"CAJA_FAMA","tipoPago":1,"tsLiquidacion":"1767379823627","folioCodi":""}
]]

[2026-01-02T11:50:15.848-0600] [glassfish 5.0] [INFO] [] [] [tid: _ThreadID=63 _ThreadName=Thread-8] [timeMillis: 1767376215848] [levelValue: 800] [[
  2026-01-02 11:50:15.848  INFO 2467199 --- [p-listener-2(4)] fenoreste.spei.service.InServiceGeneral  : Se guardo la operacion
]]

[2026-01-02T11:50:16.045-0600] [glassfish 5.0] [INFO] [] [] [tid: _ThreadID=63 _ThreadName=Thread-8] [timeMillis: 1767376216045] [levelValue: 800] [[
  2026-01-02 11:50:16.044  INFO 2467199 --- [p-listener-2(4)] fenoreste.spei.service.InServiceGeneral  : ::::::::::Horario actividad es:true
]]

[2026-01-02T11:50:16.101-0600] [glassfish 5.0] [INFO] [] [] [tid: _ThreadID=63 _ThreadName=Thread-8] [timeMillis: 1767376216101] [levelValue: 800] [[
  2026-01-02 11:50:16.101  INFO 2467199 --- [p-listener-2(4)] fenoreste.spei.service.InServiceGeneral  : ................valid response...............999
]]

[2026-01-02T11:50:16.103-0600] [glassfish 5.0] [INFO] [] [] [tid: _ThreadID=103 _ThreadName=Thread-8] [timeMillis: 1767376216103] [levelValue: 800] [[
  ::::::::::::::::Realizando trasnferencia:::::::::::::::::]]

[2026-01-02T11:50:16.112-0600] [glassfish 5.0] [INFO] [] [] [tid: _ThreadID=103 _ThreadName=Thread-8] [timeMillis: 1767376216112] [levelValue: 800] [[
  vamos a realizar transferencia a opa:30501-30302-18246,monto:1.0,DescripcionAbono:request(id=2016645172, fechaOperacion=20260102, institucionOrdenante=40072, institucionBeneficiaria=90646, claveRastreo=38432P05202601024833952656, monto=1.0, nombreOrdenante=YULIANA YARET GARCIA DE LA CERDA, tipoCuentaOrdenante=40, cuentaOrdenante=072580010751592240, rfcCurpOrdenante=GACY840814CR3, nombreBeneficiario=NO INGRESADO, tipoCuentaBeneficiario=40, cuentaBeneficiario=646180522900000014, nombreBeneficiario2=null, tipoCuentaBeneficiario2=0, cuentaBeneficiario2=null, rfcCurpBeneficiario=ND, conceptoPago=Prueba stp, referenciaNumerica=260102, empresa=CAJA_FAMA, tipoPago=1, tsLiquidacion=1767379823627, folioCodi=)]]

[2026-01-02T11:50:16.148-0600] [glassfish 5.0] [INFO] [] [] [tid: _ThreadID=103 _ThreadName=Thread-8] [timeMillis: 1767376216148] [levelValue: 800] [[
  2026-01-02 11:50:16.148  INFO 2467199 --- [      Thread-31] fenoreste.spei.service.InServiceGeneral  : :::::::::::Valor de Bandera:::::::::::::::true
]]

[2026-01-02T11:50:16.148-0600] [glassfish 5.0] [INFO] [] [] [tid: _ThreadID=103 _ThreadName=Thread-8] [timeMillis: 1767376216148] [levelValue: 800] [[
  2026-01-02 11:50:16.148  INFO 2467199 --- [      Thread-31] fenoreste.spei.service.InServiceGeneral  : :::::::::::::::Generando poliza a SAICoop para opa :::::::::::::::::AuxiliarPK(idorigenp=30501, idproducto=30302, idauxiliar=18246)
]]

[2026-01-02T11:50:16.148-0600] [glassfish 5.0] [INFO] [] [] [tid: _ThreadID=103 _ThreadName=Thread-8] [timeMillis: 1767376216148] [levelValue: 800] [[
  2026-01-02 11:50:16.148  INFO 2467199 --- [      Thread-31] fenoreste.spei.service.InServiceGeneral  : ::::::::::::::::::::::::Ejecutando funcion para procesar registros de:500,sesion:26802-020126
]]

[2026-01-02T11:50:16.507-0600] [glassfish 5.0] [INFO] [] [] [tid: _ThreadID=103 _ThreadName=Thread-8] [timeMillis: 1767376216507] [levelValue: 800] [[
  2026-01-02 11:50:16.507  INFO 2467199 --- [      Thread-31] fenoreste.spei.service.InServiceGeneral  : __________total aplicados transferencia spei___________:2
]]

[2026-01-02T11:50:16.507-0600] [glassfish 5.0] [INFO] [] [] [tid: _ThreadID=103 _ThreadName=Thread-8] [timeMillis: 1767376216507] [levelValue: 800] [[
  2026-01-02 11:50:16.507  INFO 2467199 --- [      Thread-31] fenoreste.spei.service.InServiceGeneral  : ::::::::::::Se realizo poliza correcta nada que hacer:::::::::::::::::::::::::
]]

[2026-01-02T11:50:16.521-0600] [glassfish 5.0] [INFO] [] [] [tid: _ThreadID=63 _ThreadName=Thread-8] [timeMillis: 1767376216521] [levelValue: 800] [[
  2026-01-02 11:50:16.520  INFO 2467199 --- [p-listener-2(4)] fenoreste.spei.service.InServiceGeneral  : ::::::::::::::::::::::::Resultado operacion:::::::::::::2
]]

[2026-01-02T11:50:16.524-0600] [glassfish 5.0] [INFO] [] [] [tid: _ThreadID=63 _ThreadName=Thread-8] [timeMillis: 1767376216524] [levelValue: 800] [[
  2026-01-02 11:50:16.524  INFO 2467199 --- [p-listener-2(4)] fenoreste.spei.service.InServiceGeneral  : :::::::Total Segundos en finalizar operacion:::::::0
]]

[2026-01-02T11:50:16.536-0600] [glassfish 5.0] [INFO] [] [] [tid: _ThreadID=63 _ThreadName=Thread-8] [timeMillis: 1767376216536] [levelValue: 800] [[
  2026-01-02 11:50:16.536  INFO 2467199 --- [p-listener-2(4)] fenoreste.spei.service.InServiceGeneral  : Termino operacion
]]

[2026-01-02T11:50:16.536-0600] [glassfish 5.0] [INFO] [] [] [tid: _ThreadID=63 _ThreadName=Thread-8] [timeMillis: 1767376216536] [levelValue: 800] [[
  2026-01-02 11:50:16.536  INFO 2467199 --- [p-listener-2(4)] fenoreste.spei.controller.InController   : Abono exitoso: response(mensaje=confirmar, id=null, codigo=200)
]]

[2026-01-03T03:00:00.007-0600] [glassfish 5.0] [INFO] [] [] [tid: _ThreadID=105 _ThreadName=Thread-8] [timeMillis: 1767430800007] [levelValue: 800] [[
  2026-01-03 03:00:00.007  INFO 2467199 --- [   scheduling-1] .s.a.AnnotationAsyncExecutionInterceptor : More than one TaskExecutor bean found within the context, and none is named 'taskExecutor'. Mark one of them as primary or name it 'taskExecutor' (possibly as an alias) in order to use it for async processing: [threadPoolTaskExecutor, taskScheduler]
]]

[2026-01-03T03:00:00.012-0600] [glassfish 5.0] [INFO] [] [] [tid: _ThreadID=384 _ThreadName=Thread-8] [timeMillis: 1767430800012] [levelValue: 800] [[
  ::::::::::::Vamos a eliminar cache temporales:::::::::::::::::::::::]]

[2026-01-04T03:00:00.001-0600] [glassfish 5.0] [INFO] [] [] [tid: _ThreadID=673 _ThreadName=Thread-8] [timeMillis: 1767517200001] [levelValue: 800] [[
  ::::::::::::Vamos a eliminar cache temporales:::::::::::::::::::::::]]

[2026-01-05T03:00:00.001-0600] [glassfish 5.0] [INFO] [] [] [tid: _ThreadID=962 _ThreadName=Thread-8] [timeMillis: 1767603600001] [levelValue: 800] [[
  ::::::::::::Vamos a eliminar cache temporales:::::::::::::::::::::::]]

[2026-01-06T03:00:00.000-0600] [glassfish 5.0] [INFO] [] [] [tid: _ThreadID=1251 _ThreadName=Thread-8] [timeMillis: 1767690000000] [levelValue: 800] [[
  ::::::::::::Vamos a eliminar cache temporales:::::::::::::::::::::::]]

[2026-01-07T03:00:00.001-0600] [glassfish 5.0] [INFO] [] [] [tid: _ThreadID=1540 _ThreadName=Thread-8] [timeMillis: 1767776400001] [levelValue: 800] [[
  ::::::::::::Vamos a eliminar cache temporales:::::::::::::::::::::::]]

[2026-01-08T03:00:00.001-0600] [glassfish 5.0] [INFO] [] [] [tid: _ThreadID=1829 _ThreadName=Thread-8] [timeMillis: 1767862800001] [levelValue: 800] [[
  ::::::::::::Vamos a eliminar cache temporales:::::::::::::::::::::::]]

[2026-01-09T03:00:00.003-0600] [glassfish 5.0] [INFO] [] [] [tid: _ThreadID=2118 _ThreadName=Thread-8] [timeMillis: 1767949200003] [levelValue: 800] [[
  ::::::::::::Vamos a eliminar cache temporales:::::::::::::::::::::::]]

[2026-01-09T17:23:02.150-0600] [glassfish 5.0] [INFO] [] [] [tid: _ThreadID=64 _ThreadName=Thread-8] [timeMillis: 1768000982150] [levelValue: 800] [[
  2026-01-09 17:23:02.149  INFO 2467199 --- [p-listener-2(5)] fenoreste.spei.controller.InController   : Solicitud recibida: request(id=2027886479, fechaOperacion=20260112, institucionOrdenante=40044, institucionBeneficiaria=90646, claveRastreo=2026010940044B36L0000429395088, monto=1.0, nombreOrdenante=BRAVO GARCIA DAVID, tipoCuentaOrdenante=40, cuentaOrdenante=044580145094972501, rfcCurpOrdenante=BAGD820609GA6, nombreBeneficiario=Bravo Garcia David, tipoCuentaBeneficiario=40, cuentaBeneficiario=646180522900000027, nombreBeneficiario2=null, tipoCuentaBeneficiario2=0, cuentaBeneficiario2=null, rfcCurpBeneficiario=ND, conceptoPago=Pago socio 116946, referenciaNumerica=90126, empresa=CAJA_FAMA, tipoPago=1, tsLiquidacion=1768004596459, folioCodi=)
]]

[2026-01-09T17:23:02.150-0600] [glassfish 5.0] [INFO] [] [] [tid: _ThreadID=64 _ThreadName=Thread-8] [timeMillis: 1768000982150] [levelValue: 800] [[
  2026-01-09 17:23:02.150  INFO 2467199 --- [p-listener-2(5)] fenoreste.spei.service.InServiceGeneral  : .......Peticion sendAbono:{"id":2027886479,"fechaOperacion":20260112,"institucionOrdenante":40044,"institucionBeneficiaria":90646,"claveRastreo":"2026010940044B36L0000429395088","monto":1.0,"nombreOrdenante":"BRAVO GARCIA DAVID","tipoCuentaOrdenante":40,"cuentaOrdenante":"044580145094972501","rfcCurpOrdenante":"BAGD820609GA6","nombreBeneficiario":"Bravo Garcia David","tipoCuentaBeneficiario":40,"cuentaBeneficiario":"646180522900000027","nombreBeneficiario2":"null","tipoCuentaBeneficiario2":0,"cuentaBeneficiario2":"null","rfcCurpBeneficiario":"ND","conceptoPago":"Pago socio 116946","referenciaNumerica":90126,"empresa":"CAJA_FAMA","tipoPago":1,"tsLiquidacion":"1768004596459","folioCodi":""}
]]

[2026-01-09T17:23:02.181-0600] [glassfish 5.0] [INFO] [] [] [tid: _ThreadID=64 _ThreadName=Thread-8] [timeMillis: 1768000982181] [levelValue: 800] [[
  2026-01-09 17:23:02.181  INFO 2467199 --- [p-listener-2(5)] fenoreste.spei.service.InServiceGeneral  : Se guardo la operacion
]]

[2026-01-09T17:23:02.196-0600] [glassfish 5.0] [INFO] [] [] [tid: _ThreadID=64 _ThreadName=Thread-8] [timeMillis: 1768000982196] [levelValue: 800] [[
  2026-01-09 17:23:02.196  INFO 2467199 --- [p-listener-2(5)] fenoreste.spei.service.InServiceGeneral  : ::::::::::Horario actividad es:true
]]

[2026-01-09T17:23:02.230-0600] [glassfish 5.0] [INFO] [] [] [tid: _ThreadID=64 _ThreadName=Thread-8] [timeMillis: 1768000982230] [levelValue: 800] [[
  2026-01-09 17:23:02.230  INFO 2467199 --- [p-listener-2(5)] fenoreste.spei.service.InServiceGeneral  : ................valid response...............999
]]

[2026-01-09T17:23:02.230-0600] [glassfish 5.0] [INFO] [] [] [tid: _ThreadID=103 _ThreadName=Thread-8] [timeMillis: 1768000982230] [levelValue: 800] [[
  ::::::::::::::::Realizando trasnferencia:::::::::::::::::]]

[2026-01-09T17:23:02.238-0600] [glassfish 5.0] [INFO] [] [] [tid: _ThreadID=103 _ThreadName=Thread-8] [timeMillis: 1768000982238] [levelValue: 800] [[
  vamos a realizar transferencia a opa:30501-33602-192,monto:1.0,DescripcionAbono:request(id=2027886479, fechaOperacion=20260112, institucionOrdenante=40044, institucionBeneficiaria=90646, claveRastreo=2026010940044B36L0000429395088, monto=1.0, nombreOrdenante=BRAVO GARCIA DAVID, tipoCuentaOrdenante=40, cuentaOrdenante=044580145094972501, rfcCurpOrdenante=BAGD820609GA6, nombreBeneficiario=Bravo Garcia David, tipoCuentaBeneficiario=40, cuentaBeneficiario=646180522900000027, nombreBeneficiario2=null, tipoCuentaBeneficiario2=0, cuentaBeneficiario2=null, rfcCurpBeneficiario=ND, conceptoPago=Pago socio 116946, referenciaNumerica=90126, empresa=CAJA_FAMA, tipoPago=1, tsLiquidacion=1768004596459, folioCodi=)]]

[2026-01-09T17:23:02.251-0600] [glassfish 5.0] [INFO] [] [] [tid: _ThreadID=103 _ThreadName=Thread-8] [timeMillis: 1768000982251] [levelValue: 800] [[
  2026-01-09 17:23:02.251  INFO 2467199 --- [      Thread-31] fenoreste.spei.service.InServiceGeneral  : :::::::::::Valor de Bandera:::::::::::::::true
]]

[2026-01-09T17:23:02.251-0600] [glassfish 5.0] [INFO] [] [] [tid: _ThreadID=103 _ThreadName=Thread-8] [timeMillis: 1768000982251] [levelValue: 800] [[
  2026-01-09 17:23:02.251  INFO 2467199 --- [      Thread-31] fenoreste.spei.service.InServiceGeneral  : :::::::::::::::Generando poliza a SAICoop para opa :::::::::::::::::AuxiliarPK(idorigenp=30501, idproducto=33602, idauxiliar=192)
]]

[2026-01-09T17:23:02.251-0600] [glassfish 5.0] [INFO] [] [] [tid: _ThreadID=103 _ThreadName=Thread-8] [timeMillis: 1768000982251] [levelValue: 800] [[
  2026-01-09 17:23:02.251  INFO 2467199 --- [      Thread-31] fenoreste.spei.service.InServiceGeneral  : ::::::::::::::::::::::::Ejecutando funcion para procesar registros de:500,sesion:20244-090126
]]

[2026-01-09T17:23:02.593-0600] [glassfish 5.0] [INFO] [] [] [tid: _ThreadID=103 _ThreadName=Thread-8] [timeMillis: 1768000982593] [levelValue: 800] [[
  2026-01-09 17:23:02.593  INFO 2467199 --- [      Thread-31] fenoreste.spei.service.InServiceGeneral  : __________total aplicados transferencia spei___________:2
]]

[2026-01-09T17:23:02.593-0600] [glassfish 5.0] [INFO] [] [] [tid: _ThreadID=103 _ThreadName=Thread-8] [timeMillis: 1768000982593] [levelValue: 800] [[
  2026-01-09 17:23:02.593  INFO 2467199 --- [      Thread-31] fenoreste.spei.service.InServiceGeneral  : ::::::::::::Se realizo poliza correcta nada que hacer:::::::::::::::::::::::::
]]

[2026-01-09T17:23:02.618-0600] [glassfish 5.0] [INFO] [] [] [tid: _ThreadID=64 _ThreadName=Thread-8] [timeMillis: 1768000982618] [levelValue: 800] [[
  2026-01-09 17:23:02.618  INFO 2467199 --- [p-listener-2(5)] fenoreste.spei.service.InServiceGeneral  : ::::::::::::::::::::::::Resultado operacion:::::::::::::2
]]

[2026-01-09T17:23:02.621-0600] [glassfish 5.0] [INFO] [] [] [tid: _ThreadID=64 _ThreadName=Thread-8] [timeMillis: 1768000982621] [levelValue: 800] [[
  2026-01-09 17:23:02.621  INFO 2467199 --- [p-listener-2(5)] fenoreste.spei.service.InServiceGeneral  : :::::::Total Segundos en finalizar operacion:::::::0
]]

[2026-01-09T17:23:02.634-0600] [glassfish 5.0] [INFO] [] [] [tid: _ThreadID=64 _ThreadName=Thread-8] [timeMillis: 1768000982634] [levelValue: 800] [[
  2026-01-09 17:23:02.634  INFO 2467199 --- [p-listener-2(5)] fenoreste.spei.service.InServiceGeneral  : Termino operacion
]]

[2026-01-09T17:23:02.634-0600] [glassfish 5.0] [INFO] [] [] [tid: _ThreadID=64 _ThreadName=Thread-8] [timeMillis: 1768000982634] [levelValue: 800] [[
  2026-01-09 17:23:02.634  INFO 2467199 --- [p-listener-2(5)] fenoreste.spei.controller.InController   : Abono exitoso: response(mensaje=confirmar, id=null, codigo=200)
]]

[2026-01-09T17:26:23.112-0600] [glassfish 5.0] [INFO] [] [] [tid: _ThreadID=60 _ThreadName=Thread-8] [timeMillis: 1768001183112] [levelValue: 800] [[
  2026-01-09 17:26:23.112  INFO 2467199 --- [p-listener-2(1)] fenoreste.spei.controller.InController   : Solicitud recibida: request(id=2027893774, fechaOperacion=20260112, institucionOrdenante=40044, institucionBeneficiaria=90646, claveRastreo=2026010940044B36L0000429396284, monto=12000.0, nombreOrdenante=BRAVO GARCIA DAVID, tipoCuentaOrdenante=40, cuentaOrdenante=044580145094972501, rfcCurpOrdenante=BAGD820609GA6, nombreBeneficiario=Bravo Garcia David, tipoCuentaBeneficiario=40, cuentaBeneficiario=646180522900000027, nombreBeneficiario2=null, tipoCuentaBeneficiario2=0, cuentaBeneficiario2=null, rfcCurpBeneficiario=ND, conceptoPago=Pago socio 116946, referenciaNumerica=90126, empresa=CAJA_FAMA, tipoPago=1, tsLiquidacion=1768004797307, folioCodi=)
]]

[2026-01-09T17:26:23.112-0600] [glassfish 5.0] [INFO] [] [] [tid: _ThreadID=60 _ThreadName=Thread-8] [timeMillis: 1768001183112] [levelValue: 800] [[
  2026-01-09 17:26:23.112  INFO 2467199 --- [p-listener-2(1)] fenoreste.spei.service.InServiceGeneral  : .......Peticion sendAbono:{"id":2027893774,"fechaOperacion":20260112,"institucionOrdenante":40044,"institucionBeneficiaria":90646,"claveRastreo":"2026010940044B36L0000429396284","monto":12000.0,"nombreOrdenante":"BRAVO GARCIA DAVID","tipoCuentaOrdenante":40,"cuentaOrdenante":"044580145094972501","rfcCurpOrdenante":"BAGD820609GA6","nombreBeneficiario":"Bravo Garcia David","tipoCuentaBeneficiario":40,"cuentaBeneficiario":"646180522900000027","nombreBeneficiario2":"null","tipoCuentaBeneficiario2":0,"cuentaBeneficiario2":"null","rfcCurpBeneficiario":"ND","conceptoPago":"Pago socio 116946","referenciaNumerica":90126,"empresa":"CAJA_FAMA","tipoPago":1,"tsLiquidacion":"1768004797307","folioCodi":""}
]]

[2026-01-09T17:26:23.121-0600] [glassfish 5.0] [INFO] [] [] [tid: _ThreadID=60 _ThreadName=Thread-8] [timeMillis: 1768001183121] [levelValue: 800] [[
  2026-01-09 17:26:23.121  INFO 2467199 --- [p-listener-2(1)] fenoreste.spei.service.InServiceGeneral  : Se guardo la operacion
]]

[2026-01-09T17:26:23.159-0600] [glassfish 5.0] [INFO] [] [] [tid: _ThreadID=60 _ThreadName=Thread-8] [timeMillis: 1768001183159] [levelValue: 800] [[
  2026-01-09 17:26:23.159  INFO 2467199 --- [p-listener-2(1)] fenoreste.spei.service.InServiceGeneral  : ::::::::::Horario actividad es:true
]]

[2026-01-09T17:26:23.184-0600] [glassfish 5.0] [INFO] [] [] [tid: _ThreadID=60 _ThreadName=Thread-8] [timeMillis: 1768001183184] [levelValue: 800] [[
  2026-01-09 17:26:23.183  INFO 2467199 --- [p-listener-2(1)] fenoreste.spei.service.InServiceGeneral  : ................valid response...............999
]]

[2026-01-09T17:26:23.184-0600] [glassfish 5.0] [INFO] [] [] [tid: _ThreadID=103 _ThreadName=Thread-8] [timeMillis: 1768001183184] [levelValue: 800] [[
  ::::::::::::::::Realizando trasnferencia:::::::::::::::::]]

[2026-01-09T17:26:23.192-0600] [glassfish 5.0] [INFO] [] [] [tid: _ThreadID=103 _ThreadName=Thread-8] [timeMillis: 1768001183192] [levelValue: 800] [[
  vamos a realizar transferencia a opa:30501-33602-192,monto:12000.0,DescripcionAbono:request(id=2027893774, fechaOperacion=20260112, institucionOrdenante=40044, institucionBeneficiaria=90646, claveRastreo=2026010940044B36L0000429396284, monto=12000.0, nombreOrdenante=BRAVO GARCIA DAVID, tipoCuentaOrdenante=40, cuentaOrdenante=044580145094972501, rfcCurpOrdenante=BAGD820609GA6, nombreBeneficiario=Bravo Garcia David, tipoCuentaBeneficiario=40, cuentaBeneficiario=646180522900000027, nombreBeneficiario2=null, tipoCuentaBeneficiario2=0, cuentaBeneficiario2=null, rfcCurpBeneficiario=ND, conceptoPago=Pago socio 116946, referenciaNumerica=90126, empresa=CAJA_FAMA, tipoPago=1, tsLiquidacion=1768004797307, folioCodi=)]]

[2026-01-09T17:26:23.204-0600] [glassfish 5.0] [INFO] [] [] [tid: _ThreadID=103 _ThreadName=Thread-8] [timeMillis: 1768001183204] [levelValue: 800] [[
  2026-01-09 17:26:23.204  INFO 2467199 --- [      Thread-31] fenoreste.spei.service.InServiceGeneral  : :::::::::::Valor de Bandera:::::::::::::::true
]]

[2026-01-09T17:26:23.204-0600] [glassfish 5.0] [INFO] [] [] [tid: _ThreadID=103 _ThreadName=Thread-8] [timeMillis: 1768001183204] [levelValue: 800] [[
  2026-01-09 17:26:23.204  INFO 2467199 --- [      Thread-31] fenoreste.spei.service.InServiceGeneral  : :::::::::::::::Generando poliza a SAICoop para opa :::::::::::::::::AuxiliarPK(idorigenp=30501, idproducto=33602, idauxiliar=192)
]]

[2026-01-09T17:26:23.204-0600] [glassfish 5.0] [INFO] [] [] [tid: _ThreadID=103 _ThreadName=Thread-8] [timeMillis: 1768001183204] [levelValue: 800] [[
  2026-01-09 17:26:23.204  INFO 2467199 --- [      Thread-31] fenoreste.spei.service.InServiceGeneral  : ::::::::::::::::::::::::Ejecutando funcion para procesar registros de:500,sesion:20285-090126
]]

[2026-01-09T17:26:23.647-0600] [glassfish 5.0] [INFO] [] [] [tid: _ThreadID=103 _ThreadName=Thread-8] [timeMillis: 1768001183647] [levelValue: 800] [[
  2026-01-09 17:26:23.647  INFO 2467199 --- [      Thread-31] fenoreste.spei.service.InServiceGeneral  : __________total aplicados transferencia spei___________:2
]]

[2026-01-09T17:26:23.647-0600] [glassfish 5.0] [INFO] [] [] [tid: _ThreadID=103 _ThreadName=Thread-8] [timeMillis: 1768001183647] [levelValue: 800] [[
  2026-01-09 17:26:23.647  INFO 2467199 --- [      Thread-31] fenoreste.spei.service.InServiceGeneral  : ::::::::::::Se realizo poliza correcta nada que hacer:::::::::::::::::::::::::
]]

[2026-01-09T17:26:23.680-0600] [glassfish 5.0] [INFO] [] [] [tid: _ThreadID=60 _ThreadName=Thread-8] [timeMillis: 1768001183680] [levelValue: 800] [[
  2026-01-09 17:26:23.680  INFO 2467199 --- [p-listener-2(1)] fenoreste.spei.service.InServiceGeneral  : ::::::::::::::::::::::::Resultado operacion:::::::::::::2
]]

[2026-01-09T17:26:23.683-0600] [glassfish 5.0] [INFO] [] [] [tid: _ThreadID=60 _ThreadName=Thread-8] [timeMillis: 1768001183683] [levelValue: 800] [[
  2026-01-09 17:26:23.683  INFO 2467199 --- [p-listener-2(1)] fenoreste.spei.service.InServiceGeneral  : :::::::Total Segundos en finalizar operacion:::::::0
]]

[2026-01-09T17:26:23.696-0600] [glassfish 5.0] [INFO] [] [] [tid: _ThreadID=60 _ThreadName=Thread-8] [timeMillis: 1768001183696] [levelValue: 800] [[
  2026-01-09 17:26:23.696  INFO 2467199 --- [p-listener-2(1)] fenoreste.spei.service.InServiceGeneral  : Termino operacion
]]

[2026-01-09T17:26:23.696-0600] [glassfish 5.0] [INFO] [] [] [tid: _ThreadID=60 _ThreadName=Thread-8] [timeMillis: 1768001183696] [levelValue: 800] [[
  2026-01-09 17:26:23.696  INFO 2467199 --- [p-listener-2(1)] fenoreste.spei.controller.InController   : Abono exitoso: response(mensaje=confirmar, id=null, codigo=200)
]]

[2026-01-10T03:00:00.001-0600] [glassfish 5.0] [INFO] [] [] [tid: _ThreadID=2407 _ThreadName=Thread-8] [timeMillis: 1768035600001] [levelValue: 800] [[
  ::::::::::::Vamos a eliminar cache temporales:::::::::::::::::::::::]]

[2026-01-11T03:00:00.001-0600] [glassfish 5.0] [INFO] [] [] [tid: _ThreadID=2696 _ThreadName=Thread-8] [timeMillis: 1768122000001] [levelValue: 800] [[
  ::::::::::::Vamos a eliminar cache temporales:::::::::::::::::::::::]]

[2026-01-12T03:00:00.001-0600] [glassfish 5.0] [INFO] [] [] [tid: _ThreadID=2985 _ThreadName=Thread-8] [timeMillis: 1768208400001] [levelValue: 800] [[
  ::::::::::::Vamos a eliminar cache temporales:::::::::::::::::::::::]]

[2026-01-13T03:00:00.001-0600] [glassfish 5.0] [INFO] [] [] [tid: _ThreadID=3274 _ThreadName=Thread-8] [timeMillis: 1768294800001] [levelValue: 800] [[
  ::::::::::::Vamos a eliminar cache temporales:::::::::::::::::::::::]]

[2026-01-13T15:20:39.137-0600] [glassfish 5.0] [INFO] [] [] [tid: _ThreadID=61 _ThreadName=Thread-8] [timeMillis: 1768339239137] [levelValue: 800] [[
  2026-01-13 15:20:39.136  INFO 2467199 --- [p-listener-2(2)] fenoreste.spei.controller.InController   : Solicitud recibida: request(id=2033852412, fechaOperacion=20260113, institucionOrdenante=40072, institucionBeneficiaria=90646, claveRastreo=38432P05202601134867935634, monto=1.0, nombreOrdenante=YULIANA YARET GARCIA DE LA CERDA, tipoCuentaOrdenante=40, cuentaOrdenante=072580010751592240, rfcCurpOrdenante=GACY840814CR3, nombreBeneficiario=NO INGRESADO, tipoCuentaBeneficiario=40, cuentaBeneficiario=646180522900000030, nombreBeneficiario2=null, tipoCuentaBeneficiario2=0, cuentaBeneficiario2=null, rfcCurpBeneficiario=ND, conceptoPago=Pago ptmo 115842, referenciaNumerica=260113, empresa=CAJA_FAMA, tipoPago=1, tsLiquidacion=1768342852921, folioCodi=)
]]

[2026-01-13T15:20:39.137-0600] [glassfish 5.0] [INFO] [] [] [tid: _ThreadID=61 _ThreadName=Thread-8] [timeMillis: 1768339239137] [levelValue: 800] [[
  2026-01-13 15:20:39.137  INFO 2467199 --- [p-listener-2(2)] fenoreste.spei.service.InServiceGeneral  : .......Peticion sendAbono:{"id":2033852412,"fechaOperacion":20260113,"institucionOrdenante":40072,"institucionBeneficiaria":90646,"claveRastreo":"38432P05202601134867935634","monto":1.0,"nombreOrdenante":"YULIANA YARET GARCIA DE LA CERDA","tipoCuentaOrdenante":40,"cuentaOrdenante":"072580010751592240","rfcCurpOrdenante":"GACY840814CR3","nombreBeneficiario":"NO INGRESADO","tipoCuentaBeneficiario":40,"cuentaBeneficiario":"646180522900000030","nombreBeneficiario2":"null","tipoCuentaBeneficiario2":0,"cuentaBeneficiario2":"null","rfcCurpBeneficiario":"ND","conceptoPago":"Pago ptmo 115842","referenciaNumerica":260113,"empresa":"CAJA_FAMA","tipoPago":1,"tsLiquidacion":"1768342852921","folioCodi":""}
]]

[2026-01-13T15:20:39.172-0600] [glassfish 5.0] [INFO] [] [] [tid: _ThreadID=61 _ThreadName=Thread-8] [timeMillis: 1768339239172] [levelValue: 800] [[
  2026-01-13 15:20:39.172  INFO 2467199 --- [p-listener-2(2)] fenoreste.spei.service.InServiceGeneral  : Se guardo la operacion
]]

[2026-01-13T15:20:39.196-0600] [glassfish 5.0] [INFO] [] [] [tid: _ThreadID=61 _ThreadName=Thread-8] [timeMillis: 1768339239196] [levelValue: 800] [[
  2026-01-13 15:20:39.196  INFO 2467199 --- [p-listener-2(2)] fenoreste.spei.service.InServiceGeneral  : ::::::::::Horario actividad es:true
]]

[2026-01-13T15:20:39.215-0600] [glassfish 5.0] [INFO] [] [] [tid: _ThreadID=61 _ThreadName=Thread-8] [timeMillis: 1768339239215] [levelValue: 800] [[
  2026-01-13 15:20:39.215  INFO 2467199 --- [p-listener-2(2)] fenoreste.spei.service.InServiceGeneral  : ................valid response...............999
]]

[2026-01-13T15:20:39.215-0600] [glassfish 5.0] [INFO] [] [] [tid: _ThreadID=103 _ThreadName=Thread-8] [timeMillis: 1768339239215] [levelValue: 800] [[
  ::::::::::::::::Realizando trasnferencia:::::::::::::::::]]

[2026-01-13T15:20:39.222-0600] [glassfish 5.0] [INFO] [] [] [tid: _ThreadID=103 _ThreadName=Thread-8] [timeMillis: 1768339239222] [levelValue: 800] [[
  vamos a realizar transferencia a opa:30501-33602-190,monto:1.0,DescripcionAbono:request(id=2033852412, fechaOperacion=20260113, institucionOrdenante=40072, institucionBeneficiaria=90646, claveRastreo=38432P05202601134867935634, monto=1.0, nombreOrdenante=YULIANA YARET GARCIA DE LA CERDA, tipoCuentaOrdenante=40, cuentaOrdenante=072580010751592240, rfcCurpOrdenante=GACY840814CR3, nombreBeneficiario=NO INGRESADO, tipoCuentaBeneficiario=40, cuentaBeneficiario=646180522900000030, nombreBeneficiario2=null, tipoCuentaBeneficiario2=0, cuentaBeneficiario2=null, rfcCurpBeneficiario=ND, conceptoPago=Pago ptmo 115842, referenciaNumerica=260113, empresa=CAJA_FAMA, tipoPago=1, tsLiquidacion=1768342852921, folioCodi=)]]

[2026-01-13T15:20:39.235-0600] [glassfish 5.0] [INFO] [] [] [tid: _ThreadID=103 _ThreadName=Thread-8] [timeMillis: 1768339239235] [levelValue: 800] [[
  2026-01-13 15:20:39.235  INFO 2467199 --- [      Thread-31] fenoreste.spei.service.InServiceGeneral  : :::::::::::Valor de Bandera:::::::::::::::true
]]

[2026-01-13T15:20:39.235-0600] [glassfish 5.0] [INFO] [] [] [tid: _ThreadID=103 _ThreadName=Thread-8] [timeMillis: 1768339239235] [levelValue: 800] [[
  2026-01-13 15:20:39.235  INFO 2467199 --- [      Thread-31] fenoreste.spei.service.InServiceGeneral  : :::::::::::::::Generando poliza a SAICoop para opa :::::::::::::::::AuxiliarPK(idorigenp=30501, idproducto=33602, idauxiliar=190)
]]

[2026-01-13T15:20:39.235-0600] [glassfish 5.0] [INFO] [] [] [tid: _ThreadID=103 _ThreadName=Thread-8] [timeMillis: 1768339239235] [levelValue: 800] [[
  2026-01-13 15:20:39.235  INFO 2467199 --- [      Thread-31] fenoreste.spei.service.InServiceGeneral  : ::::::::::::::::::::::::Ejecutando funcion para procesar registros de:500,sesion:32361-130126
]]

[2026-01-13T15:20:39.596-0600] [glassfish 5.0] [INFO] [] [] [tid: _ThreadID=103 _ThreadName=Thread-8] [timeMillis: 1768339239596] [levelValue: 800] [[
  2026-01-13 15:20:39.596  INFO 2467199 --- [      Thread-31] fenoreste.spei.service.InServiceGeneral  : __________total aplicados transferencia spei___________:2
]]

[2026-01-13T15:20:39.596-0600] [glassfish 5.0] [INFO] [] [] [tid: _ThreadID=103 _ThreadName=Thread-8] [timeMillis: 1768339239596] [levelValue: 800] [[
  2026-01-13 15:20:39.596  INFO 2467199 --- [      Thread-31] fenoreste.spei.service.InServiceGeneral  : ::::::::::::Se realizo poliza correcta nada que hacer:::::::::::::::::::::::::
]]

[2026-01-13T15:20:39.626-0600] [glassfish 5.0] [INFO] [] [] [tid: _ThreadID=61 _ThreadName=Thread-8] [timeMillis: 1768339239626] [levelValue: 800] [[
  2026-01-13 15:20:39.626  INFO 2467199 --- [p-listener-2(2)] fenoreste.spei.service.InServiceGeneral  : ::::::::::::::::::::::::Resultado operacion:::::::::::::2
]]

[2026-01-13T15:20:39.628-0600] [glassfish 5.0] [INFO] [] [] [tid: _ThreadID=61 _ThreadName=Thread-8] [timeMillis: 1768339239628] [levelValue: 800] [[
  2026-01-13 15:20:39.628  INFO 2467199 --- [p-listener-2(2)] fenoreste.spei.service.InServiceGeneral  : :::::::Total Segundos en finalizar operacion:::::::0
]]

[2026-01-13T15:20:39.642-0600] [glassfish 5.0] [INFO] [] [] [tid: _ThreadID=61 _ThreadName=Thread-8] [timeMillis: 1768339239642] [levelValue: 800] [[
  2026-01-13 15:20:39.642  INFO 2467199 --- [p-listener-2(2)] fenoreste.spei.service.InServiceGeneral  : Termino operacion
]]

[2026-01-13T15:20:39.642-0600] [glassfish 5.0] [INFO] [] [] [tid: _ThreadID=61 _ThreadName=Thread-8] [timeMillis: 1768339239642] [levelValue: 800] [[
  2026-01-13 15:20:39.642  INFO 2467199 --- [p-listener-2(2)] fenoreste.spei.controller.InController   : Abono exitoso: response(mensaje=confirmar, id=null, codigo=200)
]]

[2026-01-13T15:27:59.528-0600] [glassfish 5.0] [INFO] [] [] [tid: _ThreadID=62 _ThreadName=Thread-8] [timeMillis: 1768339679528] [levelValue: 800] [[
  2026-01-13 15:27:59.528  INFO 2467199 --- [p-listener-2(3)] fenoreste.spei.controller.InController   : Solicitud recibida: request(id=2033864104, fechaOperacion=20260113, institucionOrdenante=40072, institucionBeneficiaria=90646, claveRastreo=38432P01202601134867960603, monto=1000.0, nombreOrdenante=YULIANA YARET GARCIA DE LA CERDA, tipoCuentaOrdenante=40, cuentaOrdenante=072580010751592240, rfcCurpOrdenante=GACY840814CR3, nombreBeneficiario=NO INGRESADO, tipoCuentaBeneficiario=40, cuentaBeneficiario=646180522900000030, nombreBeneficiario2=null, tipoCuentaBeneficiario2=0, cuentaBeneficiario2=null, rfcCurpBeneficiario=ND, conceptoPago=Pago ptmo 115842, referenciaNumerica=260113, empresa=CAJA_FAMA, tipoPago=1, tsLiquidacion=1768343291319, folioCodi=)
]]

[2026-01-13T15:27:59.529-0600] [glassfish 5.0] [INFO] [] [] [tid: _ThreadID=62 _ThreadName=Thread-8] [timeMillis: 1768339679529] [levelValue: 800] [[
  2026-01-13 15:27:59.529  INFO 2467199 --- [p-listener-2(3)] fenoreste.spei.service.InServiceGeneral  : .......Peticion sendAbono:{"id":2033864104,"fechaOperacion":20260113,"institucionOrdenante":40072,"institucionBeneficiaria":90646,"claveRastreo":"38432P01202601134867960603","monto":1000.0,"nombreOrdenante":"YULIANA YARET GARCIA DE LA CERDA","tipoCuentaOrdenante":40,"cuentaOrdenante":"072580010751592240","rfcCurpOrdenante":"GACY840814CR3","nombreBeneficiario":"NO INGRESADO","tipoCuentaBeneficiario":40,"cuentaBeneficiario":"646180522900000030","nombreBeneficiario2":"null","tipoCuentaBeneficiario2":0,"cuentaBeneficiario2":"null","rfcCurpBeneficiario":"ND","conceptoPago":"Pago ptmo 115842","referenciaNumerica":260113,"empresa":"CAJA_FAMA","tipoPago":1,"tsLiquidacion":"1768343291319","folioCodi":""}
]]

[2026-01-13T15:27:59.536-0600] [glassfish 5.0] [INFO] [] [] [tid: _ThreadID=62 _ThreadName=Thread-8] [timeMillis: 1768339679536] [levelValue: 800] [[
  2026-01-13 15:27:59.536  INFO 2467199 --- [p-listener-2(3)] fenoreste.spei.service.InServiceGeneral  : Se guardo la operacion
]]

[2026-01-13T15:27:59.561-0600] [glassfish 5.0] [INFO] [] [] [tid: _ThreadID=62 _ThreadName=Thread-8] [timeMillis: 1768339679561] [levelValue: 800] [[
  2026-01-13 15:27:59.561  INFO 2467199 --- [p-listener-2(3)] fenoreste.spei.service.InServiceGeneral  : ::::::::::Horario actividad es:true
]]

[2026-01-13T15:27:59.579-0600] [glassfish 5.0] [INFO] [] [] [tid: _ThreadID=62 _ThreadName=Thread-8] [timeMillis: 1768339679579] [levelValue: 800] [[
  2026-01-13 15:27:59.578  INFO 2467199 --- [p-listener-2(3)] fenoreste.spei.service.InServiceGeneral  : ................valid response...............999
]]

[2026-01-13T15:27:59.579-0600] [glassfish 5.0] [INFO] [] [] [tid: _ThreadID=103 _ThreadName=Thread-8] [timeMillis: 1768339679579] [levelValue: 800] [[
  ::::::::::::::::Realizando trasnferencia:::::::::::::::::]]

[2026-01-13T15:27:59.586-0600] [glassfish 5.0] [INFO] [] [] [tid: _ThreadID=103 _ThreadName=Thread-8] [timeMillis: 1768339679586] [levelValue: 800] [[
  vamos a realizar transferencia a opa:30501-33602-190,monto:1000.0,DescripcionAbono:request(id=2033864104, fechaOperacion=20260113, institucionOrdenante=40072, institucionBeneficiaria=90646, claveRastreo=38432P01202601134867960603, monto=1000.0, nombreOrdenante=YULIANA YARET GARCIA DE LA CERDA, tipoCuentaOrdenante=40, cuentaOrdenante=072580010751592240, rfcCurpOrdenante=GACY840814CR3, nombreBeneficiario=NO INGRESADO, tipoCuentaBeneficiario=40, cuentaBeneficiario=646180522900000030, nombreBeneficiario2=null, tipoCuentaBeneficiario2=0, cuentaBeneficiario2=null, rfcCurpBeneficiario=ND, conceptoPago=Pago ptmo 115842, referenciaNumerica=260113, empresa=CAJA_FAMA, tipoPago=1, tsLiquidacion=1768343291319, folioCodi=)]]

[2026-01-13T15:27:59.599-0600] [glassfish 5.0] [INFO] [] [] [tid: _ThreadID=103 _ThreadName=Thread-8] [timeMillis: 1768339679599] [levelValue: 800] [[
  2026-01-13 15:27:59.599  INFO 2467199 --- [      Thread-31] fenoreste.spei.service.InServiceGeneral  : :::::::::::Valor de Bandera:::::::::::::::true
]]

[2026-01-13T15:27:59.599-0600] [glassfish 5.0] [INFO] [] [] [tid: _ThreadID=103 _ThreadName=Thread-8] [timeMillis: 1768339679599] [levelValue: 800] [[
  2026-01-13 15:27:59.599  INFO 2467199 --- [      Thread-31] fenoreste.spei.service.InServiceGeneral  : :::::::::::::::Generando poliza a SAICoop para opa :::::::::::::::::AuxiliarPK(idorigenp=30501, idproducto=33602, idauxiliar=190)
]]

[2026-01-13T15:27:59.599-0600] [glassfish 5.0] [INFO] [] [] [tid: _ThreadID=103 _ThreadName=Thread-8] [timeMillis: 1768339679599] [levelValue: 800] [[
  2026-01-13 15:27:59.599  INFO 2467199 --- [      Thread-31] fenoreste.spei.service.InServiceGeneral  : ::::::::::::::::::::::::Ejecutando funcion para procesar registros de:500,sesion:32640-130126
]]

[2026-01-13T15:28:00.082-0600] [glassfish 5.0] [INFO] [] [] [tid: _ThreadID=103 _ThreadName=Thread-8] [timeMillis: 1768339680082] [levelValue: 800] [[
  2026-01-13 15:28:00.081  INFO 2467199 --- [      Thread-31] fenoreste.spei.service.InServiceGeneral  : __________total aplicados transferencia spei___________:2
]]

[2026-01-13T15:28:00.082-0600] [glassfish 5.0] [INFO] [] [] [tid: _ThreadID=103 _ThreadName=Thread-8] [timeMillis: 1768339680082] [levelValue: 800] [[
  2026-01-13 15:28:00.082  INFO 2467199 --- [      Thread-31] fenoreste.spei.service.InServiceGeneral  : ::::::::::::Se realizo poliza correcta nada que hacer:::::::::::::::::::::::::
]]

[2026-01-13T15:28:00.092-0600] [glassfish 5.0] [INFO] [] [] [tid: _ThreadID=62 _ThreadName=Thread-8] [timeMillis: 1768339680092] [levelValue: 800] [[
  2026-01-13 15:28:00.091  INFO 2467199 --- [p-listener-2(3)] fenoreste.spei.service.InServiceGeneral  : ::::::::::::::::::::::::Resultado operacion:::::::::::::2
]]

[2026-01-13T15:28:00.094-0600] [glassfish 5.0] [INFO] [] [] [tid: _ThreadID=62 _ThreadName=Thread-8] [timeMillis: 1768339680094] [levelValue: 800] [[
  2026-01-13 15:28:00.094  INFO 2467199 --- [p-listener-2(3)] fenoreste.spei.service.InServiceGeneral  : :::::::Total Segundos en finalizar operacion:::::::0
]]

[2026-01-13T15:28:00.107-0600] [glassfish 5.0] [INFO] [] [] [tid: _ThreadID=62 _ThreadName=Thread-8] [timeMillis: 1768339680107] [levelValue: 800] [[
  2026-01-13 15:28:00.107  INFO 2467199 --- [p-listener-2(3)] fenoreste.spei.service.InServiceGeneral  : Termino operacion
]]

[2026-01-13T15:28:00.107-0600] [glassfish 5.0] [INFO] [] [] [tid: _ThreadID=62 _ThreadName=Thread-8] [timeMillis: 1768339680107] [levelValue: 800] [[
  2026-01-13 15:28:00.107  INFO 2467199 --- [p-listener-2(3)] fenoreste.spei.controller.InController   : Abono exitoso: response(mensaje=confirmar, id=null, codigo=200)
]]

[2026-01-14T03:00:00.001-0600] [glassfish 5.0] [INFO] [] [] [tid: _ThreadID=3563 _ThreadName=Thread-8] [timeMillis: 1768381200001] [levelValue: 800] [[
  ::::::::::::Vamos a eliminar cache temporales:::::::::::::::::::::::]]

[2026-01-15T03:00:00.001-0600] [glassfish 5.0] [INFO] [] [] [tid: _ThreadID=3852 _ThreadName=Thread-8] [timeMillis: 1768467600001] [levelValue: 800] [[
  ::::::::::::Vamos a eliminar cache temporales:::::::::::::::::::::::]]

[2026-01-16T03:00:00.001-0600] [glassfish 5.0] [INFO] [] [] [tid: _ThreadID=4141 _ThreadName=Thread-8] [timeMillis: 1768554000001] [levelValue: 800] [[
  ::::::::::::Vamos a eliminar cache temporales:::::::::::::::::::::::]]

[2026-01-16T11:11:47.735-0600] [glassfish 5.0] [INFO] [] [] [tid: _ThreadID=63 _ThreadName=Thread-8] [timeMillis: 1768583507735] [levelValue: 800] [[
  2026-01-16 11:11:47.735  INFO 2467199 --- [p-listener-2(4)] fenoreste.spei.controller.InController   : Solicitud recibida: request(id=2039393018, fechaOperacion=20260116, institucionOrdenante=40058, institucionBeneficiaria=90646, claveRastreo=058-16/01/2026/16-008VKQB339, monto=449.0, nombreOrdenante=JOSE ISRAEL CHAVEZ VAZQUEZ, tipoCuentaOrdenante=40, cuentaOrdenante=058580089245700179, rfcCurpOrdenante=CAVI671226TV8, nombreBeneficiario=ND, tipoCuentaBeneficiario=40, cuentaBeneficiario=646180522900000043, nombreBeneficiario2=null, tipoCuentaBeneficiario2=0, cuentaBeneficiario2=null, rfcCurpBeneficiario=ND, conceptoPago=665426, referenciaNumerica=160126, empresa=CAJA_FAMA, tipoPago=1, tsLiquidacion=1768587122395, folioCodi=)
]]

[2026-01-16T11:11:47.735-0600] [glassfish 5.0] [INFO] [] [] [tid: _ThreadID=63 _ThreadName=Thread-8] [timeMillis: 1768583507735] [levelValue: 800] [[
  2026-01-16 11:11:47.735  INFO 2467199 --- [p-listener-2(4)] fenoreste.spei.service.InServiceGeneral  : .......Peticion sendAbono:{"id":2039393018,"fechaOperacion":20260116,"institucionOrdenante":40058,"institucionBeneficiaria":90646,"claveRastreo":"058-16/01/2026/16-008VKQB339","monto":449.0,"nombreOrdenante":"JOSE ISRAEL CHAVEZ VAZQUEZ","tipoCuentaOrdenante":40,"cuentaOrdenante":"058580089245700179","rfcCurpOrdenante":"CAVI671226TV8","nombreBeneficiario":"ND","tipoCuentaBeneficiario":40,"cuentaBeneficiario":"646180522900000043","nombreBeneficiario2":"null","tipoCuentaBeneficiario2":0,"cuentaBeneficiario2":"null","rfcCurpBeneficiario":"ND","conceptoPago":"665426","referenciaNumerica":160126,"empresa":"CAJA_FAMA","tipoPago":1,"tsLiquidacion":"1768587122395","folioCodi":""}
]]

[2026-01-16T11:11:47.770-0600] [glassfish 5.0] [INFO] [] [] [tid: _ThreadID=63 _ThreadName=Thread-8] [timeMillis: 1768583507770] [levelValue: 800] [[
  2026-01-16 11:11:47.770  INFO 2467199 --- [p-listener-2(4)] fenoreste.spei.service.InServiceGeneral  : Se guardo la operacion
]]

[2026-01-16T11:11:47.794-0600] [glassfish 5.0] [INFO] [] [] [tid: _ThreadID=63 _ThreadName=Thread-8] [timeMillis: 1768583507794] [levelValue: 800] [[
  2026-01-16 11:11:47.794  INFO 2467199 --- [p-listener-2(4)] fenoreste.spei.service.InServiceGeneral  : ::::::::::Horario actividad es:true
]]

[2026-01-16T11:11:47.816-0600] [glassfish 5.0] [INFO] [] [] [tid: _ThreadID=63 _ThreadName=Thread-8] [timeMillis: 1768583507816] [levelValue: 800] [[
  2026-01-16 11:11:47.816  INFO 2467199 --- [p-listener-2(4)] fenoreste.spei.service.InServiceGeneral  : ................valid response...............999
]]

[2026-01-16T11:11:47.816-0600] [glassfish 5.0] [INFO] [] [] [tid: _ThreadID=103 _ThreadName=Thread-8] [timeMillis: 1768583507816] [levelValue: 800] [[
  ::::::::::::::::Realizando trasnferencia:::::::::::::::::]]

[2026-01-16T11:11:47.824-0600] [glassfish 5.0] [INFO] [] [] [tid: _ThreadID=103 _ThreadName=Thread-8] [timeMillis: 1768583507824] [levelValue: 800] [[
  vamos a realizar transferencia a opa:30501-33612-373,monto:449.0,DescripcionAbono:request(id=2039393018, fechaOperacion=20260116, institucionOrdenante=40058, institucionBeneficiaria=90646, claveRastreo=058-16/01/2026/16-008VKQB339, monto=449.0, nombreOrdenante=JOSE ISRAEL CHAVEZ VAZQUEZ, tipoCuentaOrdenante=40, cuentaOrdenante=058580089245700179, rfcCurpOrdenante=CAVI671226TV8, nombreBeneficiario=ND, tipoCuentaBeneficiario=40, cuentaBeneficiario=646180522900000043, nombreBeneficiario2=null, tipoCuentaBeneficiario2=0, cuentaBeneficiario2=null, rfcCurpBeneficiario=ND, conceptoPago=665426, referenciaNumerica=160126, empresa=CAJA_FAMA, tipoPago=1, tsLiquidacion=1768587122395, folioCodi=)]]

[2026-01-16T11:11:47.837-0600] [glassfish 5.0] [INFO] [] [] [tid: _ThreadID=103 _ThreadName=Thread-8] [timeMillis: 1768583507837] [levelValue: 800] [[
  2026-01-16 11:11:47.837  INFO 2467199 --- [      Thread-31] fenoreste.spei.service.InServiceGeneral  : :::::::::::Valor de Bandera:::::::::::::::true
]]

[2026-01-16T11:11:47.837-0600] [glassfish 5.0] [INFO] [] [] [tid: _ThreadID=103 _ThreadName=Thread-8] [timeMillis: 1768583507837] [levelValue: 800] [[
  2026-01-16 11:11:47.837  INFO 2467199 --- [      Thread-31] fenoreste.spei.service.InServiceGeneral  : :::::::::::::::Generando poliza a SAICoop para opa :::::::::::::::::AuxiliarPK(idorigenp=30501, idproducto=33612, idauxiliar=373)
]]

[2026-01-16T11:11:47.838-0600] [glassfish 5.0] [INFO] [] [] [tid: _ThreadID=103 _ThreadName=Thread-8] [timeMillis: 1768583507838] [levelValue: 800] [[
  2026-01-16 11:11:47.838  INFO 2467199 --- [      Thread-31] fenoreste.spei.service.InServiceGeneral  : ::::::::::::::::::::::::Ejecutando funcion para procesar registros de:500,sesion:21783-160126
]]

[2026-01-16T11:11:48.239-0600] [glassfish 5.0] [INFO] [] [] [tid: _ThreadID=103 _ThreadName=Thread-8] [timeMillis: 1768583508239] [levelValue: 800] [[
  2026-01-16 11:11:48.239  INFO 2467199 --- [      Thread-31] fenoreste.spei.service.InServiceGeneral  : __________total aplicados transferencia spei___________:2
]]

[2026-01-16T11:11:48.239-0600] [glassfish 5.0] [INFO] [] [] [tid: _ThreadID=103 _ThreadName=Thread-8] [timeMillis: 1768583508239] [levelValue: 800] [[
  2026-01-16 11:11:48.239  INFO 2467199 --- [      Thread-31] fenoreste.spei.service.InServiceGeneral  : ::::::::::::Se realizo poliza correcta nada que hacer:::::::::::::::::::::::::
]]

[2026-01-16T11:11:48.266-0600] [glassfish 5.0] [INFO] [] [] [tid: _ThreadID=63 _ThreadName=Thread-8] [timeMillis: 1768583508266] [levelValue: 800] [[
  2026-01-16 11:11:48.265  INFO 2467199 --- [p-listener-2(4)] fenoreste.spei.service.InServiceGeneral  : ::::::::::::::::::::::::Resultado operacion:::::::::::::2
]]

[2026-01-16T11:11:48.268-0600] [glassfish 5.0] [INFO] [] [] [tid: _ThreadID=63 _ThreadName=Thread-8] [timeMillis: 1768583508268] [levelValue: 800] [[
  2026-01-16 11:11:48.268  INFO 2467199 --- [p-listener-2(4)] fenoreste.spei.service.InServiceGeneral  : :::::::Total Segundos en finalizar operacion:::::::0
]]

[2026-01-16T11:11:48.282-0600] [glassfish 5.0] [INFO] [] [] [tid: _ThreadID=63 _ThreadName=Thread-8] [timeMillis: 1768583508282] [levelValue: 800] [[
  2026-01-16 11:11:48.281  INFO 2467199 --- [p-listener-2(4)] fenoreste.spei.service.InServiceGeneral  : Termino operacion
]]

[2026-01-16T11:11:48.282-0600] [glassfish 5.0] [INFO] [] [] [tid: _ThreadID=63 _ThreadName=Thread-8] [timeMillis: 1768583508282] [levelValue: 800] [[
  2026-01-16 11:11:48.282  INFO 2467199 --- [p-listener-2(4)] fenoreste.spei.controller.InController   : Abono exitoso: response(mensaje=confirmar, id=null, codigo=200)
]]

[2026-01-17T03:00:00.001-0600] [glassfish 5.0] [INFO] [] [] [tid: _ThreadID=4430 _ThreadName=Thread-8] [timeMillis: 1768640400001] [levelValue: 800] [[
  ::::::::::::Vamos a eliminar cache temporales:::::::::::::::::::::::]]

[2026-01-18T03:00:00.001-0600] [glassfish 5.0] [INFO] [] [] [tid: _ThreadID=4719 _ThreadName=Thread-8] [timeMillis: 1768726800001] [levelValue: 800] [[
  ::::::::::::Vamos a eliminar cache temporales:::::::::::::::::::::::]]

[2026-01-19T03:00:00.001-0600] [glassfish 5.0] [INFO] [] [] [tid: _ThreadID=5008 _ThreadName=Thread-8] [timeMillis: 1768813200001] [levelValue: 800] [[
  ::::::::::::Vamos a eliminar cache temporales:::::::::::::::::::::::]]

[2026-01-19T08:32:13.296-0600] [glassfish 5.0] [INFO] [] [] [tid: _ThreadID=64 _ThreadName=Thread-8] [timeMillis: 1768833133296] [levelValue: 800] [[
  2026-01-19 08:32:13.295  INFO 2467199 --- [p-listener-2(5)] fenoreste.spei.controller.InController   : Solicitud recibida: request(id=2044332739, fechaOperacion=20260119, institucionOrdenante=40072, institucionBeneficiaria=90646, claveRastreo=38432P02202601194888746675, monto=1000.0, nombreOrdenante=YULIANA YARET GARCIA DE LA CERDA, tipoCuentaOrdenante=40, cuentaOrdenante=072580010751592240, rfcCurpOrdenante=GACY840814CR3, nombreBeneficiario=Linea folio 190, tipoCuentaBeneficiario=40, cuentaBeneficiario=646180522900000030, nombreBeneficiario2=null, tipoCuentaBeneficiario2=0, cuentaBeneficiario2=null, rfcCurpBeneficiario=ND, conceptoPago=Na, referenciaNumerica=260119, empresa=CAJA_FAMA, tipoPago=1, tsLiquidacion=1768836749049, folioCodi=)
]]

[2026-01-19T08:32:13.296-0600] [glassfish 5.0] [INFO] [] [] [tid: _ThreadID=64 _ThreadName=Thread-8] [timeMillis: 1768833133296] [levelValue: 800] [[
  2026-01-19 08:32:13.296  INFO 2467199 --- [p-listener-2(5)] fenoreste.spei.service.InServiceGeneral  : .......Peticion sendAbono:{"id":2044332739,"fechaOperacion":20260119,"institucionOrdenante":40072,"institucionBeneficiaria":90646,"claveRastreo":"38432P02202601194888746675","monto":1000.0,"nombreOrdenante":"YULIANA YARET GARCIA DE LA CERDA","tipoCuentaOrdenante":40,"cuentaOrdenante":"072580010751592240","rfcCurpOrdenante":"GACY840814CR3","nombreBeneficiario":"Linea folio 190","tipoCuentaBeneficiario":40,"cuentaBeneficiario":"646180522900000030","nombreBeneficiario2":"null","tipoCuentaBeneficiario2":0,"cuentaBeneficiario2":"null","rfcCurpBeneficiario":"ND","conceptoPago":"Na","referenciaNumerica":260119,"empresa":"CAJA_FAMA","tipoPago":1,"tsLiquidacion":"1768836749049","folioCodi":""}
]]

[2026-01-19T08:32:13.334-0600] [glassfish 5.0] [INFO] [] [] [tid: _ThreadID=64 _ThreadName=Thread-8] [timeMillis: 1768833133334] [levelValue: 800] [[
  2026-01-19 08:32:13.334  INFO 2467199 --- [p-listener-2(5)] fenoreste.spei.service.InServiceGeneral  : Se guardo la operacion
]]

[2026-01-19T08:32:13.349-0600] [glassfish 5.0] [INFO] [] [] [tid: _ThreadID=64 _ThreadName=Thread-8] [timeMillis: 1768833133349] [levelValue: 800] [[
  2026-01-19 08:32:13.349  INFO 2467199 --- [p-listener-2(5)] fenoreste.spei.service.InServiceGeneral  : ::::::::::Horario actividad es:true
]]

[2026-01-19T08:32:13.373-0600] [glassfish 5.0] [INFO] [] [] [tid: _ThreadID=64 _ThreadName=Thread-8] [timeMillis: 1768833133373] [levelValue: 800] [[
  2026-01-19 08:32:13.373  INFO 2467199 --- [p-listener-2(5)] fenoreste.spei.service.InServiceGeneral  : ................valid response...............999
]]

[2026-01-19T08:32:13.373-0600] [glassfish 5.0] [INFO] [] [] [tid: _ThreadID=103 _ThreadName=Thread-8] [timeMillis: 1768833133373] [levelValue: 800] [[
  ::::::::::::::::Realizando trasnferencia:::::::::::::::::]]

[2026-01-19T08:32:13.380-0600] [glassfish 5.0] [INFO] [] [] [tid: _ThreadID=103 _ThreadName=Thread-8] [timeMillis: 1768833133380] [levelValue: 800] [[
  vamos a realizar transferencia a opa:30501-33602-190,monto:1000.0,DescripcionAbono:request(id=2044332739, fechaOperacion=20260119, institucionOrdenante=40072, institucionBeneficiaria=90646, claveRastreo=38432P02202601194888746675, monto=1000.0, nombreOrdenante=YULIANA YARET GARCIA DE LA CERDA, tipoCuentaOrdenante=40, cuentaOrdenante=072580010751592240, rfcCurpOrdenante=GACY840814CR3, nombreBeneficiario=Linea folio 190, tipoCuentaBeneficiario=40, cuentaBeneficiario=646180522900000030, nombreBeneficiario2=null, tipoCuentaBeneficiario2=0, cuentaBeneficiario2=null, rfcCurpBeneficiario=ND, conceptoPago=Na, referenciaNumerica=260119, empresa=CAJA_FAMA, tipoPago=1, tsLiquidacion=1768836749049, folioCodi=)]]

[2026-01-19T08:32:13.391-0600] [glassfish 5.0] [INFO] [] [] [tid: _ThreadID=103 _ThreadName=Thread-8] [timeMillis: 1768833133391] [levelValue: 800] [[
  2026-01-19 08:32:13.391  INFO 2467199 --- [      Thread-31] fenoreste.spei.service.InServiceGeneral  : :::::::::::Valor de Bandera:::::::::::::::true
]]

[2026-01-19T08:32:13.392-0600] [glassfish 5.0] [INFO] [] [] [tid: _ThreadID=103 _ThreadName=Thread-8] [timeMillis: 1768833133392] [levelValue: 800] [[
  2026-01-19 08:32:13.391  INFO 2467199 --- [      Thread-31] fenoreste.spei.service.InServiceGeneral  : :::::::::::::::Generando poliza a SAICoop para opa :::::::::::::::::AuxiliarPK(idorigenp=30501, idproducto=33602, idauxiliar=190)
]]

[2026-01-19T08:32:13.392-0600] [glassfish 5.0] [INFO] [] [] [tid: _ThreadID=103 _ThreadName=Thread-8] [timeMillis: 1768833133392] [levelValue: 800] [[
  2026-01-19 08:32:13.392  INFO 2467199 --- [      Thread-31] fenoreste.spei.service.InServiceGeneral  : ::::::::::::::::::::::::Ejecutando funcion para procesar registros de:500,sesion:32050-190126
]]

[2026-01-19T08:32:13.870-0600] [glassfish 5.0] [INFO] [] [] [tid: _ThreadID=103 _ThreadName=Thread-8] [timeMillis: 1768833133870] [levelValue: 800] [[
  2026-01-19 08:32:13.869  INFO 2467199 --- [      Thread-31] fenoreste.spei.service.InServiceGeneral  : __________total aplicados transferencia spei___________:2
]]

[2026-01-19T08:32:13.870-0600] [glassfish 5.0] [INFO] [] [] [tid: _ThreadID=103 _ThreadName=Thread-8] [timeMillis: 1768833133870] [levelValue: 800] [[
  2026-01-19 08:32:13.870  INFO 2467199 --- [      Thread-31] fenoreste.spei.service.InServiceGeneral  : ::::::::::::Se realizo poliza correcta nada que hacer:::::::::::::::::::::::::
]]

[2026-01-19T08:32:13.888-0600] [glassfish 5.0] [INFO] [] [] [tid: _ThreadID=64 _ThreadName=Thread-8] [timeMillis: 1768833133888] [levelValue: 800] [[
  2026-01-19 08:32:13.888  INFO 2467199 --- [p-listener-2(5)] fenoreste.spei.service.InServiceGeneral  : ::::::::::::::::::::::::Resultado operacion:::::::::::::2
]]

[2026-01-19T08:32:13.891-0600] [glassfish 5.0] [INFO] [] [] [tid: _ThreadID=64 _ThreadName=Thread-8] [timeMillis: 1768833133891] [levelValue: 800] [[
  2026-01-19 08:32:13.891  INFO 2467199 --- [p-listener-2(5)] fenoreste.spei.service.InServiceGeneral  : :::::::Total Segundos en finalizar operacion:::::::0
]]

[2026-01-19T08:32:13.904-0600] [glassfish 5.0] [INFO] [] [] [tid: _ThreadID=64 _ThreadName=Thread-8] [timeMillis: 1768833133904] [levelValue: 800] [[
  2026-01-19 08:32:13.904  INFO 2467199 --- [p-listener-2(5)] fenoreste.spei.service.InServiceGeneral  : Termino operacion
]]

[2026-01-19T08:32:13.904-0600] [glassfish 5.0] [INFO] [] [] [tid: _ThreadID=64 _ThreadName=Thread-8] [timeMillis: 1768833133904] [levelValue: 800] [[
  2026-01-19 08:32:13.904  INFO 2467199 --- [p-listener-2(5)] fenoreste.spei.controller.InController   : Abono exitoso: response(mensaje=confirmar, id=null, codigo=200)
]]

[2026-01-20T03:00:00.001-0600] [glassfish 5.0] [INFO] [] [] [tid: _ThreadID=5297 _ThreadName=Thread-8] [timeMillis: 1768899600001] [levelValue: 800] [[
  ::::::::::::Vamos a eliminar cache temporales:::::::::::::::::::::::]]

[2026-01-21T03:00:00.001-0600] [glassfish 5.0] [INFO] [] [] [tid: _ThreadID=5586 _ThreadName=Thread-8] [timeMillis: 1768986000001] [levelValue: 800] [[
  ::::::::::::Vamos a eliminar cache temporales:::::::::::::::::::::::]]

[2026-01-22T03:00:00.001-0600] [glassfish 5.0] [INFO] [] [] [tid: _ThreadID=5875 _ThreadName=Thread-8] [timeMillis: 1769072400001] [levelValue: 800] [[
  ::::::::::::Vamos a eliminar cache temporales:::::::::::::::::::::::]]

[2026-01-23T03:00:00.001-0600] [glassfish 5.0] [INFO] [] [] [tid: _ThreadID=6164 _ThreadName=Thread-8] [timeMillis: 1769158800001] [levelValue: 800] [[
  ::::::::::::Vamos a eliminar cache temporales:::::::::::::::::::::::]]

[2026-01-24T03:00:00.001-0600] [glassfish 5.0] [INFO] [] [] [tid: _ThreadID=6453 _ThreadName=Thread-8] [timeMillis: 1769245200001] [levelValue: 800] [[
  ::::::::::::Vamos a eliminar cache temporales:::::::::::::::::::::::]]

[2026-01-25T03:00:00.001-0600] [glassfish 5.0] [INFO] [] [] [tid: _ThreadID=6742 _ThreadName=Thread-8] [timeMillis: 1769331600001] [levelValue: 800] [[
  ::::::::::::Vamos a eliminar cache temporales:::::::::::::::::::::::]]

[2026-01-26T03:00:00.001-0600] [glassfish 5.0] [INFO] [] [] [tid: _ThreadID=7031 _ThreadName=Thread-8] [timeMillis: 1769418000001] [levelValue: 800] [[
  ::::::::::::Vamos a eliminar cache temporales:::::::::::::::::::::::]]

[2026-01-27T03:00:00.001-0600] [glassfish 5.0] [INFO] [] [] [tid: _ThreadID=7320 _ThreadName=Thread-8] [timeMillis: 1769504400001] [levelValue: 800] [[
  ::::::::::::Vamos a eliminar cache temporales:::::::::::::::::::::::]]

[2026-01-28T03:00:00.001-0600] [glassfish 5.0] [INFO] [] [] [tid: _ThreadID=7609 _ThreadName=Thread-8] [timeMillis: 1769590800001] [levelValue: 800] [[
  ::::::::::::Vamos a eliminar cache temporales:::::::::::::::::::::::]]

[2026-01-29T03:00:00.001-0600] [glassfish 5.0] [INFO] [] [] [tid: _ThreadID=7898 _ThreadName=Thread-8] [timeMillis: 1769677200001] [levelValue: 800] [[
  ::::::::::::Vamos a eliminar cache temporales:::::::::::::::::::::::]]

[2026-01-30T03:00:00.001-0600] [glassfish 5.0] [INFO] [] [] [tid: _ThreadID=8187 _ThreadName=Thread-8] [timeMillis: 1769763600001] [levelValue: 800] [[
  ::::::::::::Vamos a eliminar cache temporales:::::::::::::::::::::::]]

[2026-01-31T03:00:00.001-0600] [glassfish 5.0] [INFO] [] [] [tid: _ThreadID=8476 _ThreadName=Thread-8] [timeMillis: 1769850000001] [levelValue: 800] [[
  ::::::::::::Vamos a eliminar cache temporales:::::::::::::::::::::::]]

[2026-02-01T03:00:00.001-0600] [glassfish 5.0] [INFO] [] [] [tid: _ThreadID=8765 _ThreadName=Thread-8] [timeMillis: 1769936400001] [levelValue: 800] [[
  ::::::::::::Vamos a eliminar cache temporales:::::::::::::::::::::::]]

[2026-02-02T03:00:00.001-0600] [glassfish 5.0] [INFO] [] [] [tid: _ThreadID=9054 _ThreadName=Thread-8] [timeMillis: 1770022800001] [levelValue: 800] [[
  ::::::::::::Vamos a eliminar cache temporales:::::::::::::::::::::::]]

[2026-02-03T03:00:00.001-0600] [glassfish 5.0] [INFO] [] [] [tid: _ThreadID=9343 _ThreadName=Thread-8] [timeMillis: 1770109200001] [levelValue: 800] [[
  ::::::::::::Vamos a eliminar cache temporales:::::::::::::::::::::::]]

[2026-02-03T06:58:26.478-0600] [glassfish 5.0] [INFO] [] [] [tid: _ThreadID=60 _ThreadName=Thread-8] [timeMillis: 1770123506478] [levelValue: 800] [[
  2026-02-03 06:58:26.477  INFO 2467199 --- [p-listener-2(1)] fenoreste.spei.controller.InController   : Solicitud recibida: request(id=2068410784, fechaOperacion=20260203, institucionOrdenante=40072, institucionBeneficiaria=90646, claveRastreo=38432P06202602034939571111, monto=500.0, nombreOrdenante=YULIANA YARET GARCIA DE LA CERDA, tipoCuentaOrdenante=40, cuentaOrdenante=072580010751592240, rfcCurpOrdenante=GACY840814CR3, nombreBeneficiario=Linea folio 190, tipoCuentaBeneficiario=40, cuentaBeneficiario=646180522900000030, nombreBeneficiario2=null, tipoCuentaBeneficiario2=0, cuentaBeneficiario2=null, rfcCurpBeneficiario=ND, conceptoPago=Socio 115842, referenciaNumerica=260203, empresa=CAJA_FAMA, tipoPago=1, tsLiquidacion=1770127124261, folioCodi=)
]]

[2026-02-03T06:58:26.478-0600] [glassfish 5.0] [INFO] [] [] [tid: _ThreadID=60 _ThreadName=Thread-8] [timeMillis: 1770123506478] [levelValue: 800] [[
  2026-02-03 06:58:26.478  INFO 2467199 --- [p-listener-2(1)] fenoreste.spei.service.InServiceGeneral  : .......Peticion sendAbono:{"id":2068410784,"fechaOperacion":20260203,"institucionOrdenante":40072,"institucionBeneficiaria":90646,"claveRastreo":"38432P06202602034939571111","monto":500.0,"nombreOrdenante":"YULIANA YARET GARCIA DE LA CERDA","tipoCuentaOrdenante":40,"cuentaOrdenante":"072580010751592240","rfcCurpOrdenante":"GACY840814CR3","nombreBeneficiario":"Linea folio 190","tipoCuentaBeneficiario":40,"cuentaBeneficiario":"646180522900000030","nombreBeneficiario2":"null","tipoCuentaBeneficiario2":0,"cuentaBeneficiario2":"null","rfcCurpBeneficiario":"ND","conceptoPago":"Socio 115842","referenciaNumerica":260203,"empresa":"CAJA_FAMA","tipoPago":1,"tsLiquidacion":"1770127124261","folioCodi":""}
]]

[2026-02-03T06:58:26.530-0600] [glassfish 5.0] [INFO] [] [] [tid: _ThreadID=60 _ThreadName=Thread-8] [timeMillis: 1770123506530] [levelValue: 800] [[
  2026-02-03 06:58:26.530  INFO 2467199 --- [p-listener-2(1)] fenoreste.spei.service.InServiceGeneral  : Se guardo la operacion
]]

[2026-02-03T06:58:26.715-0600] [glassfish 5.0] [INFO] [] [] [tid: _ThreadID=60 _ThreadName=Thread-8] [timeMillis: 1770123506715] [levelValue: 800] [[
  2026-02-03 06:58:26.714  INFO 2467199 --- [p-listener-2(1)] fenoreste.spei.service.InServiceGeneral  : ::::::::::Horario actividad es:true
]]

[2026-02-03T06:58:26.790-0600] [glassfish 5.0] [INFO] [] [] [tid: _ThreadID=60 _ThreadName=Thread-8] [timeMillis: 1770123506790] [levelValue: 800] [[
  2026-02-03 06:58:26.789  INFO 2467199 --- [p-listener-2(1)] fenoreste.spei.service.InServiceGeneral  : ................valid response...............999
]]

[2026-02-03T06:58:26.790-0600] [glassfish 5.0] [INFO] [] [] [tid: _ThreadID=103 _ThreadName=Thread-8] [timeMillis: 1770123506790] [levelValue: 800] [[
  ::::::::::::::::Realizando trasnferencia:::::::::::::::::]]

[2026-02-03T06:58:26.798-0600] [glassfish 5.0] [INFO] [] [] [tid: _ThreadID=103 _ThreadName=Thread-8] [timeMillis: 1770123506798] [levelValue: 800] [[
  vamos a realizar transferencia a opa:30501-33602-190,monto:500.0,DescripcionAbono:request(id=2068410784, fechaOperacion=20260203, institucionOrdenante=40072, institucionBeneficiaria=90646, claveRastreo=38432P06202602034939571111, monto=500.0, nombreOrdenante=YULIANA YARET GARCIA DE LA CERDA, tipoCuentaOrdenante=40, cuentaOrdenante=072580010751592240, rfcCurpOrdenante=GACY840814CR3, nombreBeneficiario=Linea folio 190, tipoCuentaBeneficiario=40, cuentaBeneficiario=646180522900000030, nombreBeneficiario2=null, tipoCuentaBeneficiario2=0, cuentaBeneficiario2=null, rfcCurpBeneficiario=ND, conceptoPago=Socio 115842, referenciaNumerica=260203, empresa=CAJA_FAMA, tipoPago=1, tsLiquidacion=1770127124261, folioCodi=)]]

[2026-02-03T06:58:26.809-0600] [glassfish 5.0] [INFO] [] [] [tid: _ThreadID=103 _ThreadName=Thread-8] [timeMillis: 1770123506809] [levelValue: 800] [[
  2026-02-03 06:58:26.809  INFO 2467199 --- [      Thread-31] fenoreste.spei.service.InServiceGeneral  : :::::::::::Valor de Bandera:::::::::::::::true
]]

[2026-02-03T06:58:26.809-0600] [glassfish 5.0] [INFO] [] [] [tid: _ThreadID=103 _ThreadName=Thread-8] [timeMillis: 1770123506809] [levelValue: 800] [[
  2026-02-03 06:58:26.809  INFO 2467199 --- [      Thread-31] fenoreste.spei.service.InServiceGeneral  : :::::::::::::::Generando poliza a SAICoop para opa :::::::::::::::::AuxiliarPK(idorigenp=30501, idproducto=33602, idauxiliar=190)
]]

[2026-02-03T06:58:26.810-0600] [glassfish 5.0] [INFO] [] [] [tid: _ThreadID=103 _ThreadName=Thread-8] [timeMillis: 1770123506810] [levelValue: 800] [[
  2026-02-03 06:58:26.810  INFO 2467199 --- [      Thread-31] fenoreste.spei.service.InServiceGeneral  : ::::::::::::::::::::::::Ejecutando funcion para procesar registros de:500,sesion:20498-030226
]]

[2026-02-03T06:58:27.927-0600] [glassfish 5.0] [INFO] [] [] [tid: _ThreadID=103 _ThreadName=Thread-8] [timeMillis: 1770123507927] [levelValue: 800] [[
  2026-02-03 06:58:27.927  INFO 2467199 --- [      Thread-31] fenoreste.spei.service.InServiceGeneral  : __________total aplicados transferencia spei___________:2
]]

[2026-02-03T06:58:27.927-0600] [glassfish 5.0] [INFO] [] [] [tid: _ThreadID=103 _ThreadName=Thread-8] [timeMillis: 1770123507927] [levelValue: 800] [[
  2026-02-03 06:58:27.927  INFO 2467199 --- [      Thread-31] fenoreste.spei.service.InServiceGeneral  : ::::::::::::Se realizo poliza correcta nada que hacer:::::::::::::::::::::::::
]]

[2026-02-03T06:58:27.941-0600] [glassfish 5.0] [INFO] [] [] [tid: _ThreadID=60 _ThreadName=Thread-8] [timeMillis: 1770123507941] [levelValue: 800] [[
  2026-02-03 06:58:27.941  INFO 2467199 --- [p-listener-2(1)] fenoreste.spei.service.InServiceGeneral  : ::::::::::::::::::::::::Resultado operacion:::::::::::::2
]]

[2026-02-03T06:58:27.945-0600] [glassfish 5.0] [INFO] [] [] [tid: _ThreadID=60 _ThreadName=Thread-8] [timeMillis: 1770123507945] [levelValue: 800] [[
  2026-02-03 06:58:27.944  INFO 2467199 --- [p-listener-2(1)] fenoreste.spei.service.InServiceGeneral  : :::::::Total Segundos en finalizar operacion:::::::1
]]

[2026-02-03T06:58:27.957-0600] [glassfish 5.0] [INFO] [] [] [tid: _ThreadID=60 _ThreadName=Thread-8] [timeMillis: 1770123507957] [levelValue: 800] [[
  2026-02-03 06:58:27.957  INFO 2467199 --- [p-listener-2(1)] fenoreste.spei.service.InServiceGeneral  : Termino operacion
]]

[2026-02-03T06:58:27.957-0600] [glassfish 5.0] [INFO] [] [] [tid: _ThreadID=60 _ThreadName=Thread-8] [timeMillis: 1770123507957] [levelValue: 800] [[
  2026-02-03 06:58:27.957  INFO 2467199 --- [p-listener-2(1)] fenoreste.spei.controller.InController   : Abono exitoso: response(mensaje=confirmar, id=null, codigo=200)
]]

[2026-02-04T03:00:00.001-0600] [glassfish 5.0] [INFO] [] [] [tid: _ThreadID=9632 _ThreadName=Thread-8] [timeMillis: 1770195600001] [levelValue: 800] [[
  ::::::::::::Vamos a eliminar cache temporales:::::::::::::::::::::::]]

[2026-02-05T03:00:00.001-0600] [glassfish 5.0] [INFO] [] [] [tid: _ThreadID=9921 _ThreadName=Thread-8] [timeMillis: 1770282000001] [levelValue: 800] [[
  ::::::::::::Vamos a eliminar cache temporales:::::::::::::::::::::::]]

[2026-02-06T03:00:00.001-0600] [glassfish 5.0] [INFO] [] [] [tid: _ThreadID=10210 _ThreadName=Thread-8] [timeMillis: 1770368400001] [levelValue: 800] [[
  ::::::::::::Vamos a eliminar cache temporales:::::::::::::::::::::::]]

[2026-02-07T03:00:00.001-0600] [glassfish 5.0] [INFO] [] [] [tid: _ThreadID=10499 _ThreadName=Thread-8] [timeMillis: 1770454800001] [levelValue: 800] [[
  ::::::::::::Vamos a eliminar cache temporales:::::::::::::::::::::::]]

[2026-02-08T03:00:00.001-0600] [glassfish 5.0] [INFO] [] [] [tid: _ThreadID=10788 _ThreadName=Thread-8] [timeMillis: 1770541200001] [levelValue: 800] [[
  ::::::::::::Vamos a eliminar cache temporales:::::::::::::::::::::::]]

[2026-02-09T03:00:00.001-0600] [glassfish 5.0] [INFO] [] [] [tid: _ThreadID=11077 _ThreadName=Thread-8] [timeMillis: 1770627600001] [levelValue: 800] [[
  ::::::::::::Vamos a eliminar cache temporales:::::::::::::::::::::::]]

[2026-02-10T03:00:00.001-0600] [glassfish 5.0] [INFO] [] [] [tid: _ThreadID=11366 _ThreadName=Thread-8] [timeMillis: 1770714000001] [levelValue: 800] [[
  ::::::::::::Vamos a eliminar cache temporales:::::::::::::::::::::::]]

[2026-02-10T08:47:47.619-0600] [glassfish 5.0] [INFO] [] [] [tid: _ThreadID=61 _ThreadName=Thread-8] [timeMillis: 1770734867619] [levelValue: 800] [[
  2026-02-10 08:47:47.618  INFO 2467199 --- [p-listener-2(2)] fenoreste.spei.controller.InController   : Solicitud recibida: request(id=2079895085, fechaOperacion=20260210, institucionOrdenante=40072, institucionBeneficiaria=90646, claveRastreo=3843CP04202602104963205441, monto=500.0, nombreOrdenante=YULIANA YARET GARCIA DE LA CERDA, tipoCuentaOrdenante=40, cuentaOrdenante=072580010751592240, rfcCurpOrdenante=GACY840814CR3, nombreBeneficiario=Linea folio 190, tipoCuentaBeneficiario=40, cuentaBeneficiario=646180522900000030, nombreBeneficiario2=null, tipoCuentaBeneficiario2=0, cuentaBeneficiario2=null, rfcCurpBeneficiario=ND, conceptoPago=S 115842, referenciaNumerica=260210, empresa=CAJA_FAMA, tipoPago=1, tsLiquidacion=1770738487259, folioCodi=)
]]

[2026-02-10T08:47:47.619-0600] [glassfish 5.0] [INFO] [] [] [tid: _ThreadID=61 _ThreadName=Thread-8] [timeMillis: 1770734867619] [levelValue: 800] [[
  2026-02-10 08:47:47.619  INFO 2467199 --- [p-listener-2(2)] fenoreste.spei.service.InServiceGeneral  : .......Peticion sendAbono:{"id":2079895085,"fechaOperacion":20260210,"institucionOrdenante":40072,"institucionBeneficiaria":90646,"claveRastreo":"3843CP04202602104963205441","monto":500.0,"nombreOrdenante":"YULIANA YARET GARCIA DE LA CERDA","tipoCuentaOrdenante":40,"cuentaOrdenante":"072580010751592240","rfcCurpOrdenante":"GACY840814CR3","nombreBeneficiario":"Linea folio 190","tipoCuentaBeneficiario":40,"cuentaBeneficiario":"646180522900000030","nombreBeneficiario2":"null","tipoCuentaBeneficiario2":0,"cuentaBeneficiario2":"null","rfcCurpBeneficiario":"ND","conceptoPago":"S 115842","referenciaNumerica":260210,"empresa":"CAJA_FAMA","tipoPago":1,"tsLiquidacion":"1770738487259","folioCodi":""}
]]

[2026-02-10T08:47:47.656-0600] [glassfish 5.0] [INFO] [] [] [tid: _ThreadID=61 _ThreadName=Thread-8] [timeMillis: 1770734867656] [levelValue: 800] [[
  2026-02-10 08:47:47.656  INFO 2467199 --- [p-listener-2(2)] fenoreste.spei.service.InServiceGeneral  : Se guardo la operacion
]]

[2026-02-10T08:47:47.680-0600] [glassfish 5.0] [INFO] [] [] [tid: _ThreadID=61 _ThreadName=Thread-8] [timeMillis: 1770734867680] [levelValue: 800] [[
  2026-02-10 08:47:47.680  INFO 2467199 --- [p-listener-2(2)] fenoreste.spei.service.InServiceGeneral  : ::::::::::Horario actividad es:true
]]

[2026-02-10T08:47:47.699-0600] [glassfish 5.0] [INFO] [] [] [tid: _ThreadID=61 _ThreadName=Thread-8] [timeMillis: 1770734867699] [levelValue: 800] [[
  2026-02-10 08:47:47.699  INFO 2467199 --- [p-listener-2(2)] fenoreste.spei.service.InServiceGeneral  : ................valid response...............999
]]

[2026-02-10T08:47:47.700-0600] [glassfish 5.0] [INFO] [] [] [tid: _ThreadID=103 _ThreadName=Thread-8] [timeMillis: 1770734867700] [levelValue: 800] [[
  ::::::::::::::::Realizando trasnferencia:::::::::::::::::]]

[2026-02-10T08:47:47.708-0600] [glassfish 5.0] [INFO] [] [] [tid: _ThreadID=103 _ThreadName=Thread-8] [timeMillis: 1770734867708] [levelValue: 800] [[
  vamos a realizar transferencia a opa:30501-33602-190,monto:500.0,DescripcionAbono:request(id=2079895085, fechaOperacion=20260210, institucionOrdenante=40072, institucionBeneficiaria=90646, claveRastreo=3843CP04202602104963205441, monto=500.0, nombreOrdenante=YULIANA YARET GARCIA DE LA CERDA, tipoCuentaOrdenante=40, cuentaOrdenante=072580010751592240, rfcCurpOrdenante=GACY840814CR3, nombreBeneficiario=Linea folio 190, tipoCuentaBeneficiario=40, cuentaBeneficiario=646180522900000030, nombreBeneficiario2=null, tipoCuentaBeneficiario2=0, cuentaBeneficiario2=null, rfcCurpBeneficiario=ND, conceptoPago=S 115842, referenciaNumerica=260210, empresa=CAJA_FAMA, tipoPago=1, tsLiquidacion=1770738487259, folioCodi=)]]

[2026-02-10T08:47:47.720-0600] [glassfish 5.0] [INFO] [] [] [tid: _ThreadID=103 _ThreadName=Thread-8] [timeMillis: 1770734867720] [levelValue: 800] [[
  2026-02-10 08:47:47.720  INFO 2467199 --- [      Thread-31] fenoreste.spei.service.InServiceGeneral  : :::::::::::Valor de Bandera:::::::::::::::true
]]

[2026-02-10T08:47:47.720-0600] [glassfish 5.0] [INFO] [] [] [tid: _ThreadID=103 _ThreadName=Thread-8] [timeMillis: 1770734867720] [levelValue: 800] [[
  2026-02-10 08:47:47.720  INFO 2467199 --- [      Thread-31] fenoreste.spei.service.InServiceGeneral  : :::::::::::::::Generando poliza a SAICoop para opa :::::::::::::::::AuxiliarPK(idorigenp=30501, idproducto=33602, idauxiliar=190)
]]

[2026-02-10T08:47:47.720-0600] [glassfish 5.0] [INFO] [] [] [tid: _ThreadID=103 _ThreadName=Thread-8] [timeMillis: 1770734867720] [levelValue: 800] [[
  2026-02-10 08:47:47.720  INFO 2467199 --- [      Thread-31] fenoreste.spei.service.InServiceGeneral  : ::::::::::::::::::::::::Ejecutando funcion para procesar registros de:500,sesion:12694-100226
]]

[2026-02-10T08:47:48.133-0600] [glassfish 5.0] [INFO] [] [] [tid: _ThreadID=103 _ThreadName=Thread-8] [timeMillis: 1770734868133] [levelValue: 800] [[
  2026-02-10 08:47:48.133  INFO 2467199 --- [      Thread-31] fenoreste.spei.service.InServiceGeneral  : __________total aplicados transferencia spei___________:2
]]

[2026-02-10T08:47:48.133-0600] [glassfish 5.0] [INFO] [] [] [tid: _ThreadID=103 _ThreadName=Thread-8] [timeMillis: 1770734868133] [levelValue: 800] [[
  2026-02-10 08:47:48.133  INFO 2467199 --- [      Thread-31] fenoreste.spei.service.InServiceGeneral  : ::::::::::::Se realizo poliza correcta nada que hacer:::::::::::::::::::::::::
]]

[2026-02-10T08:47:48.143-0600] [glassfish 5.0] [INFO] [] [] [tid: _ThreadID=61 _ThreadName=Thread-8] [timeMillis: 1770734868143] [levelValue: 800] [[
  2026-02-10 08:47:48.143  INFO 2467199 --- [p-listener-2(2)] fenoreste.spei.service.InServiceGeneral  : ::::::::::::::::::::::::Resultado operacion:::::::::::::2
]]

[2026-02-10T08:47:48.146-0600] [glassfish 5.0] [INFO] [] [] [tid: _ThreadID=61 _ThreadName=Thread-8] [timeMillis: 1770734868146] [levelValue: 800] [[
  2026-02-10 08:47:48.146  INFO 2467199 --- [p-listener-2(2)] fenoreste.spei.service.InServiceGeneral  : :::::::Total Segundos en finalizar operacion:::::::0
]]

[2026-02-10T08:47:48.158-0600] [glassfish 5.0] [INFO] [] [] [tid: _ThreadID=61 _ThreadName=Thread-8] [timeMillis: 1770734868158] [levelValue: 800] [[
  2026-02-10 08:47:48.158  INFO 2467199 --- [p-listener-2(2)] fenoreste.spei.service.InServiceGeneral  : Termino operacion
]]

[2026-02-10T08:47:48.158-0600] [glassfish 5.0] [INFO] [] [] [tid: _ThreadID=61 _ThreadName=Thread-8] [timeMillis: 1770734868158] [levelValue: 800] [[
  2026-02-10 08:47:48.158  INFO 2467199 --- [p-listener-2(2)] fenoreste.spei.controller.InController   : Abono exitoso: response(mensaje=confirmar, id=null, codigo=200)
]]

[2026-02-11T03:00:00.001-0600] [glassfish 5.0] [INFO] [] [] [tid: _ThreadID=11655 _ThreadName=Thread-8] [timeMillis: 1770800400001] [levelValue: 800] [[
  ::::::::::::Vamos a eliminar cache temporales:::::::::::::::::::::::]]

[2026-02-12T03:00:00.001-0600] [glassfish 5.0] [INFO] [] [] [tid: _ThreadID=11944 _ThreadName=Thread-8] [timeMillis: 1770886800001] [levelValue: 800] [[
  ::::::::::::Vamos a eliminar cache temporales:::::::::::::::::::::::]]

[2026-02-13T03:00:00.001-0600] [glassfish 5.0] [INFO] [] [] [tid: _ThreadID=12233 _ThreadName=Thread-8] [timeMillis: 1770973200001] [levelValue: 800] [[
  ::::::::::::Vamos a eliminar cache temporales:::::::::::::::::::::::]]

[2026-02-13T17:16:21.241-0600] [glassfish 5.0] [INFO] [] [] [tid: _ThreadID=62 _ThreadName=Thread-8] [timeMillis: 1771024581241] [levelValue: 800] [[
  2026-02-13 17:16:21.240  INFO 2467199 --- [p-listener-2(3)] fenoreste.spei.controller.InController   : Solicitud recibida: request(id=2085987816, fechaOperacion=20260216, institucionOrdenante=40072, institucionBeneficiaria=90646, claveRastreo=38432P04202602134977489164, monto=500.0, nombreOrdenante=YULIANA YARET GARCIA DE LA CERDA, tipoCuentaOrdenante=40, cuentaOrdenante=072580010751592240, rfcCurpOrdenante=GACY840814CR3, nombreBeneficiario=Linea folio 190, tipoCuentaBeneficiario=40, cuentaBeneficiario=646180522900000030, nombreBeneficiario2=null, tipoCuentaBeneficiario2=0, cuentaBeneficiario2=null, rfcCurpBeneficiario=ND, conceptoPago=S 115842, referenciaNumerica=260213, empresa=CAJA_FAMA, tipoPago=1, tsLiquidacion=1771028200688, folioCodi=)
]]

[2026-02-13T17:16:21.241-0600] [glassfish 5.0] [INFO] [] [] [tid: _ThreadID=62 _ThreadName=Thread-8] [timeMillis: 1771024581241] [levelValue: 800] [[
  2026-02-13 17:16:21.241  INFO 2467199 --- [p-listener-2(3)] fenoreste.spei.service.InServiceGeneral  : .......Peticion sendAbono:{"id":2085987816,"fechaOperacion":20260216,"institucionOrdenante":40072,"institucionBeneficiaria":90646,"claveRastreo":"38432P04202602134977489164","monto":500.0,"nombreOrdenante":"YULIANA YARET GARCIA DE LA CERDA","tipoCuentaOrdenante":40,"cuentaOrdenante":"072580010751592240","rfcCurpOrdenante":"GACY840814CR3","nombreBeneficiario":"Linea folio 190","tipoCuentaBeneficiario":40,"cuentaBeneficiario":"646180522900000030","nombreBeneficiario2":"null","tipoCuentaBeneficiario2":0,"cuentaBeneficiario2":"null","rfcCurpBeneficiario":"ND","conceptoPago":"S 115842","referenciaNumerica":260213,"empresa":"CAJA_FAMA","tipoPago":1,"tsLiquidacion":"1771028200688","folioCodi":""}
]]

[2026-02-13T17:16:21.276-0600] [glassfish 5.0] [INFO] [] [] [tid: _ThreadID=62 _ThreadName=Thread-8] [timeMillis: 1771024581276] [levelValue: 800] [[
  2026-02-13 17:16:21.276  INFO 2467199 --- [p-listener-2(3)] fenoreste.spei.service.InServiceGeneral  : Se guardo la operacion
]]

[2026-02-13T17:16:21.293-0600] [glassfish 5.0] [INFO] [] [] [tid: _ThreadID=62 _ThreadName=Thread-8] [timeMillis: 1771024581293] [levelValue: 800] [[
  2026-02-13 17:16:21.292  INFO 2467199 --- [p-listener-2(3)] fenoreste.spei.service.InServiceGeneral  : ::::::::::Horario actividad es:true
]]

[2026-02-13T17:16:21.313-0600] [glassfish 5.0] [INFO] [] [] [tid: _ThreadID=62 _ThreadName=Thread-8] [timeMillis: 1771024581313] [levelValue: 800] [[
  2026-02-13 17:16:21.313  INFO 2467199 --- [p-listener-2(3)] fenoreste.spei.service.InServiceGeneral  : ................valid response...............999
]]

[2026-02-13T17:16:21.313-0600] [glassfish 5.0] [INFO] [] [] [tid: _ThreadID=103 _ThreadName=Thread-8] [timeMillis: 1771024581313] [levelValue: 800] [[
  ::::::::::::::::Realizando trasnferencia:::::::::::::::::]]

[2026-02-13T17:16:21.320-0600] [glassfish 5.0] [INFO] [] [] [tid: _ThreadID=103 _ThreadName=Thread-8] [timeMillis: 1771024581320] [levelValue: 800] [[
  vamos a realizar transferencia a opa:30501-33602-190,monto:500.0,DescripcionAbono:request(id=2085987816, fechaOperacion=20260216, institucionOrdenante=40072, institucionBeneficiaria=90646, claveRastreo=38432P04202602134977489164, monto=500.0, nombreOrdenante=YULIANA YARET GARCIA DE LA CERDA, tipoCuentaOrdenante=40, cuentaOrdenante=072580010751592240, rfcCurpOrdenante=GACY840814CR3, nombreBeneficiario=Linea folio 190, tipoCuentaBeneficiario=40, cuentaBeneficiario=646180522900000030, nombreBeneficiario2=null, tipoCuentaBeneficiario2=0, cuentaBeneficiario2=null, rfcCurpBeneficiario=ND, conceptoPago=S 115842, referenciaNumerica=260213, empresa=CAJA_FAMA, tipoPago=1, tsLiquidacion=1771028200688, folioCodi=)]]

[2026-02-13T17:16:21.332-0600] [glassfish 5.0] [INFO] [] [] [tid: _ThreadID=103 _ThreadName=Thread-8] [timeMillis: 1771024581332] [levelValue: 800] [[
  2026-02-13 17:16:21.332  INFO 2467199 --- [      Thread-31] fenoreste.spei.service.InServiceGeneral  : :::::::::::Valor de Bandera:::::::::::::::true
]]

[2026-02-13T17:16:21.332-0600] [glassfish 5.0] [INFO] [] [] [tid: _ThreadID=103 _ThreadName=Thread-8] [timeMillis: 1771024581332] [levelValue: 800] [[
  2026-02-13 17:16:21.332  INFO 2467199 --- [      Thread-31] fenoreste.spei.service.InServiceGeneral  : :::::::::::::::Generando poliza a SAICoop para opa :::::::::::::::::AuxiliarPK(idorigenp=30501, idproducto=33602, idauxiliar=190)
]]

[2026-02-13T17:16:21.332-0600] [glassfish 5.0] [INFO] [] [] [tid: _ThreadID=103 _ThreadName=Thread-8] [timeMillis: 1771024581332] [levelValue: 800] [[
  2026-02-13 17:16:21.332  INFO 2467199 --- [      Thread-31] fenoreste.spei.service.InServiceGeneral  : ::::::::::::::::::::::::Ejecutando funcion para procesar registros de:500,sesion:27349-130226
]]

[2026-02-13T17:16:21.746-0600] [glassfish 5.0] [INFO] [] [] [tid: _ThreadID=103 _ThreadName=Thread-8] [timeMillis: 1771024581746] [levelValue: 800] [[
  2026-02-13 17:16:21.746  INFO 2467199 --- [      Thread-31] fenoreste.spei.service.InServiceGeneral  : __________total aplicados transferencia spei___________:2
]]

[2026-02-13T17:16:21.746-0600] [glassfish 5.0] [INFO] [] [] [tid: _ThreadID=103 _ThreadName=Thread-8] [timeMillis: 1771024581746] [levelValue: 800] [[
  2026-02-13 17:16:21.746  INFO 2467199 --- [      Thread-31] fenoreste.spei.service.InServiceGeneral  : ::::::::::::Se realizo poliza correcta nada que hacer:::::::::::::::::::::::::
]]

[2026-02-13T17:16:21.756-0600] [glassfish 5.0] [INFO] [] [] [tid: _ThreadID=62 _ThreadName=Thread-8] [timeMillis: 1771024581756] [levelValue: 800] [[
  2026-02-13 17:16:21.756  INFO 2467199 --- [p-listener-2(3)] fenoreste.spei.service.InServiceGeneral  : ::::::::::::::::::::::::Resultado operacion:::::::::::::2
]]

[2026-02-13T17:16:21.759-0600] [glassfish 5.0] [INFO] [] [] [tid: _ThreadID=62 _ThreadName=Thread-8] [timeMillis: 1771024581759] [levelValue: 800] [[
  2026-02-13 17:16:21.759  INFO 2467199 --- [p-listener-2(3)] fenoreste.spei.service.InServiceGeneral  : :::::::Total Segundos en finalizar operacion:::::::0
]]

[2026-02-13T17:16:21.772-0600] [glassfish 5.0] [INFO] [] [] [tid: _ThreadID=62 _ThreadName=Thread-8] [timeMillis: 1771024581772] [levelValue: 800] [[
  2026-02-13 17:16:21.772  INFO 2467199 --- [p-listener-2(3)] fenoreste.spei.service.InServiceGeneral  : Termino operacion
]]

[2026-02-13T17:16:21.772-0600] [glassfish 5.0] [INFO] [] [] [tid: _ThreadID=62 _ThreadName=Thread-8] [timeMillis: 1771024581772] [levelValue: 800] [[
  2026-02-13 17:16:21.772  INFO 2467199 --- [p-listener-2(3)] fenoreste.spei.controller.InController   : Abono exitoso: response(mensaje=confirmar, id=null, codigo=200)
]]

[2026-02-14T03:00:00.001-0600] [glassfish 5.0] [INFO] [] [] [tid: _ThreadID=12522 _ThreadName=Thread-8] [timeMillis: 1771059600001] [levelValue: 800] [[
  ::::::::::::Vamos a eliminar cache temporales:::::::::::::::::::::::]]

[2026-02-15T03:00:00.001-0600] [glassfish 5.0] [INFO] [] [] [tid: _ThreadID=12811 _ThreadName=Thread-8] [timeMillis: 1771146000001] [levelValue: 800] [[
  ::::::::::::Vamos a eliminar cache temporales:::::::::::::::::::::::]]

[2026-02-16T03:00:00.001-0600] [glassfish 5.0] [INFO] [] [] [tid: _ThreadID=13100 _ThreadName=Thread-8] [timeMillis: 1771232400001] [levelValue: 800] [[
  ::::::::::::Vamos a eliminar cache temporales:::::::::::::::::::::::]]

[2026-02-17T03:00:00.001-0600] [glassfish 5.0] [INFO] [] [] [tid: _ThreadID=13389 _ThreadName=Thread-8] [timeMillis: 1771318800001] [levelValue: 800] [[
  ::::::::::::Vamos a eliminar cache temporales:::::::::::::::::::::::]]

[2026-02-18T03:00:00.001-0600] [glassfish 5.0] [INFO] [] [] [tid: _ThreadID=13678 _ThreadName=Thread-8] [timeMillis: 1771405200001] [levelValue: 800] [[
  ::::::::::::Vamos a eliminar cache temporales:::::::::::::::::::::::]]

[2026-02-19T03:00:00.001-0600] [glassfish 5.0] [INFO] [] [] [tid: _ThreadID=13967 _ThreadName=Thread-8] [timeMillis: 1771491600001] [levelValue: 800] [[
  ::::::::::::Vamos a eliminar cache temporales:::::::::::::::::::::::]]

